template_id,qid,question_text,marks,ideal_reference_answer,key_pillars
T001,A-1,1 ) Define machine learning and its relationship to other fields like statistics and Al.,5,"Machine Learning Definition Machine learning is a specific branch of artificial intelligence that focuses on building computer systems that learn from data. Instead of a human writing every single rule for the computer to follow, machine learning uses algorithms to find hidden patterns in information. By looking at thousands of examples, the system creates its own logic to make decisions. This allows the computer to improve its accuracy automatically as it is exposed to more data over time.

Relationship to Artificial Intelligence
Artificial intelligence (AI) is the big picture goal of making machines act and think like humans. Machine learning is the most popular way to achieve this goal today. You can think of AI as the ""brain"" and machine learning as the ""learning process"" that teaches that brain how to function. While AI includes other areas like robotics or logic-based systems, machine learning focuses entirely on using data to drive intelligence.

Relationship to Statistics
Machine learning is very closely tied to statistics, but they have different purposes. Statistics is the mathematical foundation used to collect and understand data patterns. While a statistician might use math to explain why a certain trend is happening, a machine learning model uses that same math to predict what will happen next. In short, statistics provides the tools and formulas, while machine learning uses those tools to create powerful, high-speed predictive models.","ML is a subset of AI focused on learning from data; 2. Improving accuracy and performance through experience; 3. Learning without being explicitly programmed; 4. AI is the broad goal of human-like intelligence; 5. Statistics provides the mathematical foundation and tools; 6. Difference in goal: Statistics is for relationships, ML is for predictions; 7. Using algorithms to find patterns and features."
T001,A-2,2 ) Explain the assumptions and properties of linear and logistic regression.,5,"Linear Regression Assumptions and Properties Linear regression is used to predict a continuous numerical value. Its main property is the ""linear relationship,"" meaning it assumes that a change in the input variable results in a proportional change in the output. For this model to work reliably, it relies on several key assumptions. First, there must be a linear connection between the independent and dependent variables. Second, it assumes ""homoscedasticity,"" which means the error or ""noise"" in the data is constant across all levels of the input. Third, the data points should be independent of each other, and the residuals (the differences between predicted and actual values) should follow a normal distribution. These properties make linear regression very easy to interpret but sensitive to outliers.

Logistic Regression Assumptions and Properties
Unlike linear regression, logistic regression is used for classification, such as predicting ""yes"" or ""no."" Its primary property is the use of the Sigmoid function, which maps any input value to a probability between 0 and 1. While it is called ""regression,"" it is actually a classifier. A key assumption here is that the output variable must be categorical (binary). It also assumes that there is no ""multicollinearity,"" meaning the input variables should not be too closely related to each other. Unlike linear regression, it does not require a linear relationship between the inputs and the output; instead, it assumes a linear relationship between the input variables and the ""logit"" (log-odds) of the output.",1. Linear regression predicts continuous values while logistic regression is for classification; 2. Linear regression assumes a straight-line relationship between variables; 3. Logistic regression uses the Sigmoid function to map outputs between 0 and 1; 4. Assumptions of independence and constant variance (homoscedasticity) in linear models; 5. Logistic regression assumes the target variable is categorical
T001,A-3,"3 ) Describe how the decision tree algorithm works, including the role of entropy and information gain.",5,"How Decision Trees Work A decision tree is a popular machine learning algorithm that works like a flowchart to make decisions. It starts at a single point called the ""root"" and splits the data into branches based on specific features. For example, if you are deciding whether to play outside, the first split might be ""Is it raining?"" Each branch leads to another question until you reach a ""leaf,"" which provides the final answer or prediction. The goal of the algorithm is to create the cleanest possible splits, meaning that each resulting group should be as pure as possible. It is a very visual and easy-to-understand model because it mimics how humans make choices by breaking complex problems into smaller, simpler questions.Understanding Decision Tree Nodes A decision tree is a hierarchical model that splits data based on specific questions. To understand its structure, we must look at the different types of nodes. The Root Node is the very first node at the top; it represents the entire dataset and the first decision point. Decision Nodes (or Internal Nodes) are the branches that appear when a root or another decision node is split; these represent sub-questions or tests on specific features. Finally, the Leaf Nodes are the end points of the tree. A leaf node does not split further and represents the final classification or numerical prediction. If the tree is predicting whether a customer will buy a product, the leaf nodes would be the final ""Yes"" or ""No"" answers.The Role of Entropy and Information Gain
To decide which feature is the best to split on, the algorithm uses two mathematical concepts: entropy and information gain. Entropy is a measure of disorder or ""messiness"" in the data. If a group has a 50/50 mix of different classes, the entropy is high because the data is disorganized. If a group contains only one class, the entropy is zero. Information Gain is the calculation of how much the entropy decreases after a split. The algorithm calculates the information gain for every possible feature and chooses the one that provides the highest value. In simple terms, information gain tells the tree which question will clear up the most confusion. By repeatedly picking the features with the highest information gain, the tree builds an efficient path toward the correct prediction.",Decision trees use a flowchart-like structure to split data into branches; 2. The algorithm starts at a root node and ends at leaf nodes representing final predictions; 3. Entropy measures the level of disorder or impurity within a dataset; 4. Information gain calculates the reduction in entropy after a split; 5. The model chooses the feature that provides the highest information gain at each step
T001,A-4,4) Explain the back-propagation algorithm in the context of neural networks.,5,"The Concept of Back-propagation Back-propagation is the central mechanism used to train artificial neural networks. Think of it as a ""learning from mistakes"" system. When a neural network makes a prediction, it first goes through a Forward Pass, where data travels from the input layer through hidden layers to the output layer. Usually, the first prediction is wrong. Back-propagation is the process of moving backward from the output to the input to figure out exactly which parts of the network were responsible for the error. It calculates the ""gradient"" or the direction in which the network's internal weights need to change to reduce the mistake. By repeating this process thousands of times, the network slowly fine-tunes itself to become more accurate.

The Role of Loss Functions and Weights
The process begins with a Loss Function, which measures the difference between the network's guess and the actual correct answer. Once the error is calculated at the output, the algorithm uses a mathematical rule called the Chain Rule to distribute this error back through the layers. Each connection in a neural network has a ""weight"" that determines how much influence one neuron has on another. Back-propagation tells the network how to adjust these weights—either increasing or decreasing them—to minimize the loss. This adjustment is often guided by a Learning Rate, which controls how big of a step the network takes during each update. Without back-propagation, deep learning would be impossible because we wouldn't have an efficient way to tell millions of neurons how to improve.",Back-propagation is the primary algorithm for training neural networks by minimizing errors; 2. It involves a backward pass that calculates the gradient of the loss function; 3. The loss function measures the difference between predicted values and actual targets; 4. The Chain Rule is used to calculate how each weight in the network contributes to the error; 5. Weights and biases are updated to reduce the total error in future predictions
T001,A-5,5) Describe ensemble methods like bagging and boosting.,5,"Understanding Ensemble Methods Ensemble methods are techniques in machine learning that combine multiple models together to create one ""super-model"" that is more accurate than any single part. The core idea is that a group of weak models can work together to provide a much stronger and more stable prediction. It is similar to asking 100 people for their opinion on a topic and taking the average; the group's collective wisdom is usually better than just one person's guess. The two most popular types of ensemble methods are Bagging and Boosting, which use different strategies to improve the final results.


Bagging (Bootstrap Aggregating)
Bagging is a parallel method where you train multiple models at the same time independently. The most famous example is the Random Forest. In bagging, the algorithm takes random samples of the data and builds a separate model for each sample. Because each model sees a slightly different version of the data, they make different types of mistakes. When it is time to predict, the system averages all the results (for regression) or takes a majority vote (for classification). This process helps reduce ""variance,"" meaning it prevents the model from being too sensitive to small changes or noise in the training data.



Boosting
Boosting is a sequential method where models are built one after another. Unlike bagging, where models work in parallel, boosting models learn from the mistakes of the previous ones. The first model makes a prediction, and the algorithm identifies which data points it got wrong. The next model is then given more ""weight"" or focus on those specific difficult cases. This continues until a chain of models is created, each one fixing the errors of the one before it. Boosting is excellent for reducing ""bias"" and creating highly accurate predictions, though it can sometimes be more sensitive to outliers.",Ensemble methods combine multiple weak models to form a single strong predictive model; 2. Bagging involves training multiple models independently and in parallel; 3. Boosting is a sequential process where each new model corrects the errors of previous models; 4. Bagging is primarily used to reduce variance and prevent overfitting in models; 5. Boosting focuses on reducing bias and improving the overall accuracy of predictions
T001,A-6,6 ) Explain the bias-variance tradeoff and its significance.,5,"Understanding Bias and Variance The bias-variance tradeoff is a central problem in machine learning that describes the balance between two types of errors that affect model accuracy. Bias refers to errors caused by overly simple assumptions. If a model has ""high bias,"" it is too basic to capture the complex patterns in the data, leading to a problem called underfitting. For example, trying to fit a straight line through data that clearly curves is a high-bias mistake. On the other hand, Variance refers to errors caused by being too sensitive to small fluctuations in the training data. A ""high variance"" model is overly complex and memorizes the noise instead of the actual pattern, which leads to overfitting. Such a model performs great on training data but fails on new, unseen data.


The Significance of the Tradeoff
The ""tradeoff"" exists because as you decrease bias (by making the model more complex), you naturally increase variance. Conversely, as you decrease variance (by making the model simpler), you increase bias. The goal of any machine learning engineer is to find the ""sweet spot"" where both errors are minimized, resulting in a model that generalizes well to new situations. This is significant because it guides how we choose and tune our models. If a model is underperforming, we need to know if we should make it more complex to reduce bias or simplify it to reduce variance. Finding this balance is the key to moving from a model that just ""memorizes"" to one that truly ""understands.",Bias is the error from overly simple assumptions leading to underfitting; 2. Variance is the error from over-sensitivity to training data noise leading to overfitting; 3. The tradeoff describes the inverse relationship between model complexity and error types; 4. Underfitting happens when a model is too simple to learn the underlying pattern; 5. Overfitting happens when a model memorizes data instead of generalizing
T001,B-1,"1) Define and explain metrics like Precision, Recall, and F1-score and when to use them.",5,"Precision, Recall, and F1-score are critical metrics for evaluating classification models, particularly on imbalanced data. Precision measures the accuracy of positive predictions (TP / (TP + FP)), Recall (Sensitivity) measures the ability to find all actual positives (TP / (TP + FN)), and F1-score balances both using their harmonic mean (2 * Precision * Recall) / (Precision + Recall), providing a single score for overall performance.

Definitions and Formulas
Precision (TP / (TP + FP)): Also known as the Positive Predictive Value, it indicates how many of the predicted ""positive"" cases were actually positive. It focuses on minimizing false positives (e.g., wrongly flagging a safe email as spam).

Recall (TP / (TP + FN)): Known as Sensitivity or the True Positive Rate, it measures the ability of a model to identify all actual positive instances. It focuses on minimizing false negatives (e.g., missing a cancer diagnosis).

F1-Score (2 * Precision * Recall) / (Precision + Recall): The harmonic mean of precision and recall, providing a balanced metric that penalizes extreme values of either. It ranges from 0 to 1, with 1 being perfect.

When to Use Which Metric
Use Precision: When the cost of a false positive is high (e.g., spam detection, email filtering, or recommendation systems where incorrect recommendations annoy users).

Use Recall: When the cost of a false negative is high (e.g., medical diagnosis, fraud detection, or finding manufacturing defects), and it is crucial to catch all positive cases.

Use F1-Score: When you need a balance between Precision and Recall, especially when dealing with uneven class distributions (imbalanced datasets). It is a better overall metric than accuracy when the positive class is rare.

Trade-off
Increasing precision often reduces recall, and vice-versa. F1-score is used to find the optimal balance.","1. Precision measures accuracy of positive predictions (TP / (TP + FP)) to minimize False Positives; 2. Recall measures the ability to find all actual positives (TP / (TP + FN)) to minimize False Negatives; 3. F1-score provides a balanced harmonic mean of both Precision and Recall for overall performance; 4. Precision is prioritized when false positives are costly (e.g., spam filtering); 5. Recall is prioritized when false negatives are risky (e.g., medical diagnosis)"
T001,B-2,2) What is a confusion matrix and how is it used to evaluate a classification model?,5,"A confusion matrix is a tabular summary, typically 2x2 for binary classification, used to evaluate a model's performance by comparing predicted versus actual class labels. It breaks down predictions into four categories—True Positives, True Negatives, False Positives, and False Negatives—to reveal specific types of errors, such as Type I (false alarm) and Type II (missed) errors.

How a Confusion Matrix Evaluates a Model:
It moves beyond simple accuracy by allowing the calculation of detailed metrics that show where the model is succeeding or failing:

Accuracy: (TP + TN) / Total — Overall correct predictions.

Precision: TP / (TP + FP) — Proportion of positive identifications that were actually correct.

Recall (Sensitivity): TP / (TP + FN) — Proportion of actual positives correctly identified.

F1-Score: The harmonic mean of precision and recall, balancing both.

Key Uses:
Handling Imbalanced Data: Identifies if a model is failing on a minority class, which accuracy alone might hide.

Error Analysis: Clearly shows which classes are being confused with others.

Decision Making: Helps choose a model based on the cost of errors (e.g., minimizing false negatives in cancer diagnosis vs. false positives in email spam).","Tabular summary comparing actual vs. predicted labels (TP, TN, FP, FN); 2. Identification of Type I (False Positive) and Type II (False Negative) errors; 3. Foundation for calculating Accuracy, Precision, Recall, and F1-Score; 4. Essential for evaluating performance on imbalanced datasets"
T001,B-3,3) What is the difference between a cost function and a loss function?,5,"Understanding the Loss FunctionIn machine learning, the terms ""loss function"" and ""cost function"" are often used interchangeably, but they have a specific technical difference regarding the scale of data they cover. A Loss Function is used to measure the error of a single training example. It calculates how far off the model's prediction is from the actual target value for one specific data point. For example, if you are predicting the price of one house, the loss function tells you the error for just that one house. Common examples include Mean Absolute Error (MAE) or Binary Cross-Entropy when applied to an individual instance.Understanding the Cost FunctionA Cost Function, on the other hand, is the average of all the loss function values across the entire training dataset. While the loss function focuses on a single point, the cost function represents the total error of the model for the whole system. The goal of training a machine learning model is to minimize this cost function using optimization techniques like Gradient Descent. In simple terms, you can think of the loss function as a ""local"" measure of a mistake, while the cost function is the ""global"" measure of the model's overall performance.Mathematical RelationshipThe mathematical relationship is straightforward: the Cost Function is the sum of all individual losses divided by the number of samples ($n$). For example, in Mean Squared Error (MSE), the loss for one point is (Predicted - Actual)^2, while the cost function is Sum of (Predicted - Actual)^2 / n. Understanding this difference is crucial for debugging models because it helps researchers identify whether the model is failing on specific outliers (high individual loss) or failing to learn the general trend (high overall cost)","Loss function measures the error or penalty for a single training example; 2. Cost function is the average or sum of loss functions over the entire dataset; 3. Loss function is a ""local"" measure while cost function is a ""global"" measure; 4. The primary goal of optimization is to minimize the overall cost function"
T001,B-4,4) How do you select the right machine learning algorithm for a given problem?,5,"Selecting the right machine learning algorithm involves a multi-faceted approach considering the problem type, data characteristics, computational constraints, and desired outcome.

1. Understand the Problem Type
The nature of the problem is the primary determinant. Algorithms are broadly categorized by their learning style and task:

Supervised Learning: The data is labeled. Regression predicts continuous numerical values (e.g., house prices) using algorithms like Linear Regression or Decision Trees. Classification predicts categorical outcomes (e.g., spam detection) using Logistic Regression, Random Forest, or Naive Bayes.

Unsupervised Learning: The data is unlabeled. Clustering groups similar points (e.g., K-Means), while Dimensionality Reduction (e.g., PCA) simplifies features.

Reinforcement Learning: An agent learns through trial and error to maximize rewards, often used in robotics or gaming.

2. Analyze the Data Characteristics
The dataset significantly impacts performance. Data Size matters; small datasets favor Naive Bayes or Logistic Regression, while large datasets benefit from Neural Networks or XGBoost. Data Quality is also key; tree-based methods handle non-linear relationships and missing data better than linear models. Finally, if the relationship is Linear, simple models work best, but Non-Linear patterns require complex models like Deep Learning.

3. Consider Computational Constraints
Practical limitations include Training Time, Prediction Speed (critical for real-time apps), and Memory Usage. Furthermore, Interpretability is vital in fields like medicine; simpler models like Decision Trees are preferred over ""black box"" Neural Networks when you need to explain ""why"" a decision was made.

4. Iterate and Evaluate
The process is iterative: Start with a simple baseline, benchmark multiple algorithms using metrics like F1-score or RMSE, tune hyperparameters, and finally select the best performer that balances efficiency and accuracy.","Categorize by learning style: Supervised (Regression/Classification), Unsupervised, or Reinforcement; 2. Match algorithm complexity to the size and quality of the available data; 3. Evaluate the linearity of relationships between features and target variables; 4. Balance the trade-off between model accuracy and human interpretability"
T001,B-5,5) Explain the steps in the machine learning model development lifecycle.,5,"The machine learning model development lifecycle is a structured, iterative process used to create and maintain high-quality models. It moves through several critical phases to ensure that the final product is accurate and useful for real-world tasks.

1. Problem Definition and Data Collection
The cycle begins with Problem Definition, where you identify the specific goal, such as predicting customer churn or identifying objects in images. Once the goal is clear, Data Collection starts. This involves gathering raw information from databases, APIs, or sensors. The quality of your model depends entirely on the quality of this data.

2. Data Preprocessing and Exploration
Raw data is rarely ready for a machine. In the Data Preprocessing stage, you clean the data by handling missing values, removing duplicates, and fixing errors. This is followed by Exploratory Data Analysis (EDA), where you use charts and statistics to find patterns, correlations, and outliers that might influence your model.

3. Feature Engineering and Selection
In Feature Engineering, you transform raw data into more meaningful variables (features) that help the model learn better. Feature Selection involves choosing only the most important features to reduce noise and speed up the training process.

4. Model Training and Evaluation
Next, you choose an algorithm and begin Model Training. This is where the model ""learns"" from the training data. After training, the model is tested in the Evaluation phase using a separate test dataset. You check metrics like accuracy, precision, and recall to see if the model meets your performance goals.

5. Deployment and Monitoring
Once the model is ready, it is Deployed into a production environment where it can process live data. However, the cycle doesn't end there. Monitoring and Maintenance are required to check for ""model drift,"" which happens when the real-world data changes over time and the model becomes less accurate. If performance drops, the cycle starts again with new data.","Clearly defining the business or scientific problem and the project goals; 2. Gathering, cleaning, and preprocessing raw data to ensure high quality; 3. Conducting Exploratory Data Analysis (EDA) to find patterns and outliers; 4. Performing Feature Engineering to create and select the most relevant inputs; 5. Training the model using chosen algorithms and evaluating it with specific metrics; 6. Deploying the model into a real-world production environment for end-users; 7. Continuous monitoring and updating to handle data changes and model drift"
T001,C-1,1 ) What are the role of feature scaling in machine learning.,5,"Feature scaling is a critical preprocessing step that normalizes the range of independent variables, ensuring all features contribute equally to model training. It prevents features with larger magnitudes from dominating, boosts gradient-based optimization speed, and improves accuracy for distance-based algorithms like KNN, SVM, and Neural Networks.

Key Roles of Feature Scaling in Machine Learning:
Prevents Feature Dominance: Features with larger numerical ranges can overpower those with smaller ranges. Scaling ensures uniform influence on the model.

Speeds Up Optimization (Gradient Descent): Algorithms like Linear Regression, Logistic Regression, and Neural Networks converge much faster when features are on a similar scale.

Essential for Distance-Based Models: Models that calculate distance, such as K-Nearest Neighbors (KNN) and Support Vector Machines (SVM), require scaling to prevent skewed results.

Improves Numerical Stability: Scaling helps avoid numerical overflow or underflow issues during complex computations.

Enhances PCA Performance: Principal Component Analysis (PCA) requires scaling to ensure that variance calculation is not biased by the magnitude of specific features.

Common Techniques:
Normalization (Min-Max Scaling): Rescales data to a range between 0 and 1. Formula: (x - min) / (max - min).

Standardization (Z-score Normalization): Centers data around a mean of 0 with a standard deviation of 1. Formula: (x - mean) / standard_deviation.

Feature scaling is crucial for models sensitive to data scale, such as Gradient Descent-based methods (linear models, neural networks) and distance-based methods (KNN, SVM), while tree-based models (Random Forest) are generally unaffected",Normalizes independent variables to ensure equal contribution to model training; 2. Prevents features with larger magnitudes from dominating the learning process; 3. Accelerates the convergence of Gradient Descent-based optimization; 4. Critical for distance-based algorithms like KNN and SVM to ensure accurate calculations; 5. Improves numerical stability and prevents overflow/underflow during computations; 6. Necessary for PCA to prevent variance bias based on feature magnitude; 7. Includes techniques like Min-Max Normalization and Z-score Standardization.
T001,C-2,2 ) What are the advantages and disadvantages of parametric versus non-parametric models?,5,"Parametric models assume a fixed functional form (e.g., linear) with few parameters, offering high speed, interpretability, and efficiency with smaller data, but suffer from potential underfitting if assumptions are wrong. Conversely, non-parametric models (e.g., Decision Trees) make no assumptions, allowing high flexibility for complex data, but require more data and are prone to overfitting.

Parametric Models (e.g., Linear Regression, Logistic Regression, Naive Bayes)
Advantages:

Simplicity and Speed: Simple to understand and computationally fast to train.

Data Efficiency: Require less training data to estimate parameters.

Interpretability: Easy to interpret the influence of each variable on the output.

Disadvantages:

High Bias/Underfitting: If the assumption about the data structure is wrong (e.g., linear instead of nonlinear), the model will not fit the data well.

Sensitivity to Assumptions: Performance relies heavily on meeting assumptions like normality or homoscedasticity.

Limited Flexibility: Cannot easily adapt to complex or non-linear relationships.

Non-Parametric Models (e.g., k-NN, Decision Trees, SVM)
Advantages:

Flexibility: No fixed assumptions about the underlying distribution, allowing them to map complex, non-linear functions.

High Accuracy: Generally better performance on complex, large, or unknown data structures.

Robustness: Less sensitive to outliers, particularly in, for instance, rank-based tests.

Disadvantages:

Overfitting: Prone to learning noise, which can lead to poor generalization.

Data Intensive: Require much larger datasets to achieve high performance.",Parametric models assume a fixed functional form whereas non-parametric models do not; 2. Parametric models offer high speed and interpretability but risk high bias; 3. Non-parametric models are flexible and map complex functions but risk overfitting; 4. Parametric models are more data-efficient and suitable for smaller datasets; 5. Non-parametric models are data-intensive and require larger amounts of training data; 6. Parametric models are sensitive to statistical assumptions like normality; 7. Non-parametric models are generally more robust to outliers and unknown distributions.
T001,C-3,3 ) Define and explain overfitting and underfitting and how to avoid them.,5,"Overfitting Overfitting occurs when a machine learning model learns the training data too well, including its noise and random fluctuations, rather than the underlying pattern. A model that is overfitted will have very high accuracy on the training set but will perform poorly on new, unseen data. This typically happens when a model is too complex relative to the amount and noisiness of the data. Essentially, the model ""memorizes"" the specific examples instead of ""learning"" the general rules.

How to avoid Overfitting:

Cross-Validation: Use techniques like k-fold cross-validation to ensure the model generalizes well.

Regularization: Apply L1 (Lasso) or L2 (Ridge) penalties to discourage overly complex models.

Pruning: In decision trees, remove branches that provide little predictive power.

More Data: Providing more training examples helps the model distinguish signal from noise.

Dropout: In neural networks, randomly ignore neurons during training to prevent co-dependency.

Underfitting
Underfitting occurs when a model is too simple to capture the underlying trend of the data. An underfitted model performs poorly on both the training data and new data. This happens when the model lacks the capacity to represent the complexity of the real-world relationship between features and the target. For example, trying to fit a linear regression line to data that is clearly circular or non-linear results in high bias.

How to avoid Underfitting:

Increase Model Complexity: Move from a linear model to a non-linear one (e.g., using polynomial features or deep learning).

Feature Engineering: Add more relevant features or transform existing ones to better represent the problem.

Reduce Regularization: If the model is too restricted by penalties, lowering the regularization parameter can help.

Increase Training Time: For iterative algorithms, ensuring the model has enough time to converge.","Overfitting occurs when a model captures noise and lacks generalization to new data; 2. Underfitting occurs when a model is too simple to capture the underlying pattern; 3. Overfitting is associated with high variance, while underfitting is associated with high bias; 4. Regularization and cross-validation are primary techniques used to prevent overfitting; 5. Increasing model complexity and adding features are primary ways to solve underfitting"
T001,C-4,"4 ) How to deal with missing data, scale features, or encode categorical variables.",5,"Data preprocessing is a vital stage in machine learning that prepares raw data for model training. The three most common tasks involve handling missing values, scaling numerical features, and converting categorical labels into numerical formats.

1. Handling Missing Data
Missing data can lead to biased models or errors in computation. There are three primary ways to handle it:

Deletion: Removing rows or columns with missing values. This is only recommended if the amount of missing data is very small (e.g., less than 5%).

Imputation: Filling in missing values with statistical measures. For numerical data, the Mean or Median is often used. For categorical data, the Mode (most frequent value) is common.

Advanced Imputation: Using algorithms like K-Nearest Neighbors (KNN) or MICE to predict the missing value based on other available features.

2. Feature Scaling
Scaling ensures that features with large ranges do not dominate the model's learning process.

Normalization (Min-Max Scaling): Rescales data to a range between 0 and 1. Formula: (x - min) / (max - min). It is useful when you know the distribution is not Gaussian.

Standardization (Z-score Normalization): Centers data around a mean of 0 with a standard deviation of 1. Formula: (x - mean) / standard_deviation. This is generally more robust to outliers.

3. Encoding Categorical Variables
Machine learning models require numerical input, so categorical text must be converted.

Label Encoding: Assigns a unique integer to each category (e.g., Red=0, Blue=1). This is best for ordinal data where the order matters (e.g., Small, Medium, Large).

One-Hot Encoding: Creates new binary columns for each category. This is best for nominal data (e.g., City names) because it prevents the model from assuming a mathematical order between categories.","Handle missing data through deletion or imputation (Mean, Median, Mode); 2. Use advanced imputation like KNN for more accurate replacement of missing values; 3. Feature scaling prevents features with large magnitudes from dominating the model; 4. Normalization (Min-Max) rescales data into a fixed 0 to 1 range; 5. Standardization (Z-score) centers data for better performance in gradient-based models; 6. Label Encoding is suitable for categorical data with a logical order (ordinal); 7. One-Hot Encoding is used for nominal data to avoid implying an incorrect ranking."
T001,C-5,"5 ) What are a training set, validation set, and test set?",5,"Here is the entry for your dataset. I have maintained the uncut, in-depth explanation with Excel-friendly formatting and clearly defined the sequential relationship between these three subsets.

Question_Text: What are a training set, validation set, and test set?

Marks: 10.0

Ideal_Reference_Answer: In machine learning, the available data is typically split into three distinct subsets to ensure the model learns correctly and can generalize to new situations. This separation is vital to prevent the model from simply memorizing the data it has already seen.

1. Training Set
The Training Set is the largest portion of the data (usually 70-80%). It is used by the machine learning algorithm to learn the underlying patterns, weights, and relationships. During this phase, the model makes predictions on this data, compares them to the actual targets, and adjusts itself to minimize error. If the model stays on this set too long or becomes too complex, it risks overfitting.


2. Validation Set
The Validation Set is a smaller subset used during the training process to ""tune"" the model. While the model does not ""learn"" from this data directly, the developer uses it to make decisions about model structure and hyperparameters (like the learning rate or the number of layers in a neural network). It acts as a bridge that helps the developer choose the best version of the model and provides an unbiased estimate of how the model is performing while it is still being built.


3. Test Set
The Test Set is the final subset, used only once the model is completely finished. It serves as a final ""sanity check"" to evaluate how the model will perform in the real world on completely unseen data. Crucially, the test set must never be used during the training or tuning phases; if it is, the evaluation results will be misleadingly high because the model has already ""peeked"" at the answers.",Data is split into three parts to evaluate performance and prevent overfitting; 2. The Training Set is used by the algorithm to learn patterns and adjust weights; 3. The Validation Set is used for hyperparameter tuning and model selection; 4. The Test Set provides an unbiased final evaluation of the model's real-world accuracy
T001,C-6,6 ) Explain the difference between classification and regression,5,"Ideal_Reference_Answer: ### Understanding the Core Difference Classification and Regression are the two main types of Supervised Learning, where the model learns from labeled data. The fundamental difference lies in the output variable. In Classification, the goal is to predict a discrete label or category. The model puts the input into a specific bucket, such as ""Spam"" or ""Not Spam,"" or ""Cat"" versus ""Dog."" In Regression, the goal is to predict a continuous, numerical value. Instead of a category, the model provides a specific number on a scale, such as the price of a house or the temperature for tomorrow.

Classification: Predicting Categories
Classification deals with qualitative data. It is used when the output variable is a fixed set of classes. For example, a bank might use classification to decide if a loan applicant is ""High Risk"" or ""Low Risk."" Common algorithms include Logistic Regression, Support Vector Machines (SVM), and Decision Trees. The performance of these models is usually measured using metrics like Accuracy, Precision, Recall, and the F1-score.

Regression: Predicting Quantities
Regression deals with quantitative data. It is used when the output variable can be any value within a range. For example, predicting exactly how many units of a product will sell next month (e.g., 542 units) is a regression task. Common algorithms include Linear Regression, Lasso Regression, and Polynomial Regression. The performance of these models is evaluated using metrics like Mean Squared Error (MSE), Root Mean Squared Error (RMSE), or R-squared.","Classification predicts discrete labels or categorical outcomes; 2. Regression predicts continuous, real-valued numerical outputs; 3. Classification aims to map inputs to specific ""buckets"" or classes; 4. Regression aims to find the relationship between variables to predict a specific value"
T002,A-1,1. What is machine learning?,2,"Machine Learning (ML) is a subset of Artificial Intelligence focused on developing algorithms that allow computers to learn from data without being explicitly programmed. It involves the use of statistical models to identify patterns and make decisions. Instead of following rigid instructions, the system improves its performance over time through experience. The core process includes training a model on a dataset to find a functional relationship between input features and target labels, enabling the system to perform tasks like prediction or classification on unseen data.","Artificial Intelligence, Algorithms, Data-Driven, Statistical Modeling, Pattern Recognition, Autonomous Learning, Training, Prediction, Generalization, Experience, Input-Output Mapping, Optimization, Features, Inference."
T002,A-2,2. What are the different types of machine learning?,2,"Machine Learning is primarily categorized into three main types based on the learning approach. Supervised Learning uses labeled datasets to train models for classification or regression. Unsupervised Learning identifies hidden patterns or structures in unlabeled data, often used for clustering or association. Reinforcement Learning involves an agent learning through trial and error, receiving rewards or penalties to optimize a specific objective. A fourth type, Semi-Supervised Learning, combines a small amount of labeled data with a large amount of unlabeled data to improve accuracy.","Supervised Learning, Unsupervised Learning, Reinforcement Learning, Labeled Data, Unlabeled Data, Classification, Regression, Clustering, Association, Dimensionality Reduction, Reward Mechanism, Agent, Trial and Error, Semi-Supervised Learning."
T002,A-3,"3. What is the difference between supervised, unsupervised, and reinforcement learning?",2,"The fundamental difference lies in the feedback mechanism and the nature of data. Supervised Learning operates on labeled data, where the model is mapped from specific inputs to known outputs, much like a student learning with a teacher. Unsupervised Learning deals with unlabeled data, where the goal is to discover inherent structures or groups without explicit guidance. Reinforcement Learning differs by using an interactive environment; an agent learns to make a sequence of decisions by performing actions that maximize a cumulative reward, similar to training a pet through treats and corrections.
+2","Feedback Loop, Teacher-Led, Labeled Dataset, Ground Truth, Hidden Patterns, Structure Discovery, Clustering, Autonomous Agent, Reward Signal, Penalty, Policy Optimization, Exploration vs. Exploitation, Environment Interaction, Goal-Oriented."
T002,A-4,4. What is the bias-variance tradeoff?,2,"The bias-variance tradeoff is a fundamental challenge in machine learning that describes the balance between two types of errors. Bias represents error from overly simplistic assumptions, leading to underfitting, where the model misses relevant relations. Variance represents error from excessive sensitivity to small fluctuations in the training set, leading to overfitting, where the model captures noise as if it were data. The goal is to find the ""sweet spot"" that minimizes the Total Error by balancing model complexity to ensure strong generalization on new, unseen datasets.","Total Error, Underfitting, Overfitting, Model Complexity, Generalization, High Bias, High Variance, Noise vs. Signal, Error Minimization, Optimal Model, Prediction Consistency, Training Error, Test Error, Complexity Balancing."
T002,A-5,"5. What is overfitting, and how can it be avoided?",2,"Overfitting occurs when a model learns the training data too well, including its noise and random fluctuations, rather than the underlying pattern. This results in high accuracy on training sets but poor performance on new, unseen data. To avoid this, engineers use Regularization (L1/L2) to penalize complex models, Cross-Validation to ensure stability, and Dropout in neural networks. Additionally, increasing the training data volume or using Early Stopping to halt training before the model starts memorizing noise are highly effective prevention strategies.","Noise Memorization, Generalization Gap, High Variance, Training vs Test Error, Regularization, L1/L2 Lasso Ridge, Dropout, Early Stopping, Cross-Validation, Data Augmentation, Model Complexity, Pruning, Feature Selection."
T002,A-6,"6. What are a training set, validation set, and test set?",2,"Data partitioning is essential for building robust models. The Training Set is the largest portion of data used to teach the model and adjust its parameters. The Validation Set acts as a ""practice test"" during development; it is used to tune hyperparameters and prevent overfitting by evaluating performance on data the model hasn't ""memorized."" Finally, the Test Set is a separate, untouched dataset used only once at the very end to provide an unbiased evaluation of the final model's performance on real-world scenarios.","Data Split, Training Set, Validation Set, Test Set, Hyperparameter Tuning, Parameter Adjustment, Model Selection, Unbiased Evaluation, Hold-out Method, Gold Standard, Overfitting Prevention, Generalization Check, Data Leakage."
T002,A-7,7. What is cross-validation?,2,"Cross-validation is a statistical technique used to evaluate a model's performance by partitioning the data into multiple subsets. The most common method, K-Fold Cross-Validation, involves splitting the data into $K$ groups; the model is trained on $K-1$ groups and tested on the remaining one, repeating this process $K$ times. This ensures every data point is used for both training and testing. It provides a more reliable estimate of how the model will generalize to unseen data and helps identify if the model is sensitive to specific data arrangements.","K-Fold, Data Partitioning, Model Robustness, Resampling, Rotation Estimation, Generalization, Training-Validation Iteration, Performance Reliability, Variance Reduction, Overfitting Detection, Dataset Shuffling, Bias Mitigation."
T002,B-1,1 .Explain the difference between classification and regression.,5,"Classification and regression are the two primary pillars of Supervised Learning, distinguished by the nature of their output. Classification is used when the target variable is discrete or categorical. Its primary goal is to map input variables into predefined classes or labels, such as ""Spam"" vs. ""Not Spam"" or ""Grade A"" vs. ""Grade B."" Algorithms like Support Vector Machines (SVM), Random Forests, and Logistic Regression (despite its name) work by establishing decision boundaries to separate these distinct groups.
+2

In contrast, Regression is employed when the target variable is continuous or numerical. It aims to predict a specific quantity or value, such as house prices, stock market trends, or temperature. Instead of drawing boundaries to separate data, regression algorithms like Linear or Polynomial Regression attempt to find the line of best fit that minimizes the distance between predicted and actual values.

The evaluation metrics also differ significantly: classification is measured using Accuracy, Precision, and Recall, whereas regression performance is assessed via Mean Squared Error (MSE) or R-squared. Understanding this distinction is vital for model selection, as applying a regression model to a classification problem would yield nonsensical numerical ""labels,"" while using classification for continuous data would fail to capture the nuances of the numeric range.","Supervised Learning, Discrete Output, Categorical Labels, Continuous Variables, Numerical Prediction, Decision Boundaries, Line of Best Fit, Logistic Regression, Support Vector Machines, Linear Regression, Mean Squared Error, Accuracy, Precision, Recall, R-squared, Classification Threshold, Regression Coefficients."
T002,B-2,2 .How does a linear regression model work?,5,"Linear Regression is a fundamental supervised learning algorithm used to predict a continuous numerical output based on one or more input features. It works by assuming a linear relationship between the independent variables ($X$) and the dependent target variable ($y$). The model's primary objective is to find the ""Line of Best Fit""—a mathematical equation typically expressed as +1$$y = mx + c$$(or$$y = \beta_0 + \beta_1x_1$$ in multiple regression), where $m$ represents the slope/coefficients and $c$ is the y-intercept.The ""learning"" part of the process happens through an optimization technique called Ordinary Least Squares (OLS) or Gradient Descent. The algorithm calculates the Residuals, which are the differences between the actual data points and the values predicted by the line. By squaring these residuals and summing them up, the model calculates the Mean Squared Error (MSE). The goal is to minimize this error, effectively adjusting the line's position until it sits as close as possible to all data points.+2Once the optimal coefficients are found, the model can take new input data and project it onto this line to generate a prediction. However, the model’s reliability depends on several assumptions, such as linearity, homoscedasticity (constant variance of errors), and the absence of multicollinearity among features. If these conditions are met, Linear Regression provides a highly interpretable and efficient way to understand how changes in input variables impact a final outcome","Supervised Learning, Continuous Variables, Line of Best Fit, Coefficients, Y-intercept, Ordinary Least Squares, Gradient Descent, Residuals, Mean Squared Error, Cost Function, Linearity, Homoscedasticity, Multicollinearity, Predictive Modeling, Slope, Statistical Significance."
T002,B-3,"3 .What is a decision tree, and how is it pruned?",5,"A Decision Tree is a non-parametric supervised learning algorithm used for both classification and regression. It functions by recursively splitting the dataset into subsets based on the most significant input features. The structure resembles an inverted tree: it starts at a Root Node, branches out through Decision Nodes (representing attribute tests), and concludes at Leaf Nodes, which represent the final predicted class or continuous value. To determine the best split at each node, the algorithm uses mathematical criteria such as Information Gain, Gini Impurity, or Entropy to ensure that each resulting branch is as ""pure"" as possible.

However, decision trees are highly prone to Overfitting, where they grow too complex and begin to memorize noise and outliers in the training data rather than general patterns. This leads to high variance and poor performance on unseen data. Pruning is the essential technique used to combat this by removing branches that provide little predictive power.

There are two primary pruning strategies: Pre-pruning (Early Stopping), which halts the tree's growth before it becomes too deep based on parameters like maximum depth or minimum samples per leaf, and Post-pruning (Cost Complexity Pruning), which allows the tree to grow fully and then removes sub-sections that do not significantly improve validation accuracy. This process simplifies the model, enhancing its Generalization and ensuring it remains robust in real-world applications.","Non-parametric, Root Node, Decision Nodes, Leaf Nodes, Recursive Splitting, Information Gain, Gini Impurity, Entropy, Overfitting, High Variance, Model Complexity, Pruning, Pre-pruning, Post-pruning, Cost Complexity, Generalization, Feature Importance."
T002,B-4,4 What is the Random Forest algorithm?,5,"Random Forest is a powerful ensemble learning method used for both classification and regression. It operates by constructing a multitude of Decision Trees during the training phase and outputting the class that is the mode of the classes (classification) or mean prediction (regression) of the individual trees. The core philosophy is that a large group of ""weak learners"" (individual trees) can combine to form a ""strong learner"" that is more accurate and robust than any single component.

The algorithm relies on two key techniques to ensure diversity among its trees: Bagging (Bootstrap Aggregating) and Feature Randomness. In Bagging, each tree is trained on a random sample of the data with replacement, ensuring that trees see different subsets of the observations. Feature Randomness involves selecting a random subset of features at each node split, which prevents any single dominant feature from making all the trees look identical. This ""de-correlation"" of trees is what makes Random Forest so effective at reducing Overfitting and handling high-dimensional data.

Because it averages the results of many trees, Random Forest is highly resistant to noise and outliers, offering superior Generalization compared to a single decision tree. It also provides a built-in measure of Feature Importance, helping engineers understand which variables contribute most to the model's predictions. While it is more computationally expensive than a single tree, its reliability and ""out-of-the-box"" performance make it a gold standard in machine learning.","Ensemble Learning, Decision Trees, Bagging, Bootstrap Aggregating, Feature Randomness, Majority Voting, Averaging, Weak Learners, Strong Learner, De-correlation, Overfitting Mitigation, High-Dimensional Data, Out-of-Bag Error, Feature Importance, Robustness, Variance Reduction."
T002,B-5,5 .Explain the Support Vector Machine (SVM) algorithm.,5,"5. Explain the Support Vector Machine (SVM) algorithm. (5 Marks)Support Vector Machine (SVM) is a powerful supervised learning algorithm primarily used for classification, though it can be adapted for regression. The fundamental goal of SVM is to find the Optimal Hyperplane in an $N$-dimensional space that distinctly categorizes data points. Unlike other algorithms that might simply find any boundary, SVM seeks the one that maximizes the Margin—the distance between the hyperplane and the nearest data points from each class. These critical points that ""support"" the boundary are known as Support Vectors; if they were removed, the position of the hyperplane would shift.A key strength of SVM is its ability to handle non-linear data using the Kernel Trick. When data is not linearly separable in its original dimensions, the algorithm uses a kernel function (such as RBF, Polynomial, or Sigmoid) to project the data into a higher-dimensional space where a linear split becomes possible. This allows SVM to capture complex, non-linear patterns without manual feature transformation.SVM is highly effective in high-dimensional spaces and is memory-efficient because it only relies on support vectors rather than the entire dataset for decision-making. However, it requires careful tuning of hyperparameters like C (which balances margin width vs. classification error) and Gamma (which defines the influence of a single training point). While computationally intensive for very large datasets, its precision makes it a favorite for text categorization and image recognition.","Supervised Learning, Hyperplane, Support Vectors, Maximum Margin, Linear Separability, Kernel Trick, RBF Kernel, Polynomial Kernel, High-Dimensional Space, Decision Boundary, C Parameter, Gamma, Hinge Loss, Classification, Non-linear Mapping."
T002,B-6,6 .What are kernels in SVM?,5,"In the context of Support Vector Machines (SVM), a Kernel is a mathematical function that allows the algorithm to solve non-linear classification problems by transforming the input data into a higher-dimensional space. In many real-world scenarios, data points are not linearly separable, meaning a straight line or flat hyperplane cannot divide the classes. The ""Kernel Trick"" enables the SVM to operate in a high-dimensional feature space without the need to explicitly calculate the coordinates of the data in that new space, which would be computationally expensive.

The kernel function calculates the inner product (similarity) between pairs of data points as if they were in a transformed space. This allows the SVM to find a linear hyperplane in that expanded dimension, which, when projected back to the original space, appears as a complex, non-linear decision boundary. Common types of kernels include the Linear Kernel (for simple linear data), the Polynomial Kernel (for curved boundaries), and the Radial Basis Function (RBF/Gaussian) Kernel, which is the most popular due to its ability to handle infinite-dimensional mapping.

Choosing the right kernel and tuning its parameters, such as Gamma in RBF, is critical. A kernel that is too complex may lead to overfitting, while one that is too simple may cause underfitting. By using kernels, SVMs become incredibly versatile, capable of identifying intricate patterns in diverse datasets ranging from image recognition to genomic sequencing.","Non-linear Separability, Dimensionality Expansion, Kernel Trick, Inner Product, Feature Space, Computational Efficiency, Linear Kernel, Polynomial Kernel, Radial Basis Function (RBF), Gaussian Kernel, Decision Boundary, Mapping Function, Gamma Parameter, Overfitting, Similarity Metric."
T002,C-1,1 .What is Naive Bayes?,5,"Naive Bayes is a probabilistic supervised learning algorithm used primarily for classification tasks, such as spam filtering and sentiment analysis. It is fundamentally built upon Bayes' Theorem, a mathematical formula that calculates the probability of a hypothesis (a class label) given prior knowledge (input features). The ""Naive"" part of its name stems from the strong—and often unrealistic—assumption of Feature Independence. This means the algorithm assumes that the presence of one particular feature in a class is completely unrelated to the presence of any other feature.

The algorithm works by calculating the Posterior Probability for each class and then selecting the one with the highest value. For a given input, it multiplies the Prior Probability of the class by the Likelihood of each feature appearing in that class. Despite its ""naive"" assumption often being violated in real-world data (where features usually correlate), the algorithm performs surprisingly well and is incredibly fast compared to more complex models like Neural Networks.

Naive Bayes is particularly effective for High-Dimensional Data and text classification because it requires a relatively small amount of training data to estimate the necessary parameters. There are different variations, such as Multinomial Naive Bayes (common for word counts) and Gaussian Naive Bayes (used for continuous data following a normal distribution). Its simplicity, efficiency, and ability to handle categorical data make it a baseline choice for many machine learning pipelines.","Probabilistic Model, Bayes' Theorem, Conditional Probability, Feature Independence, Posterior Probability, Prior Probability, Likelihood, Evidence, Naive Assumption, Multinomial Naive Bayes, Gaussian Naive Bayes, Text Classification, Spam Filtering, High-Dimensional Data, Inference."
T002,C-2,2 .How is k-Nearest Neighbors (KNN) different from k-means clustering?,5,"While both algorithms use the concept of ""k"" and rely on distance metrics, they serve entirely different purposes in machine learning. The most fundamental difference is their learning paradigm: k-Nearest Neighbors (KNN) is a Supervised Learning algorithm used for classification and regression, whereas K-Means Clustering is an Unsupervised Learning algorithm used to find hidden patterns in unlabeled data.KNN works by storing the entire training dataset and making predictions based on the proximity of a new data point to its ""k"" nearest neighbors. It is a ""lazy learner"" because it does not build a model during training; instead, it waits until a query is made. For classification, it assigns the label that is most common among its neighbors. The ""k"" here represents the number of neighbors to vote on the output.In contrast, K-Means aims to partition a dataset into $K$ distinct, non-overlapping subgroups or Clusters. Here, ""k"" represents the number of clusters the user wants to create. The algorithm works iteratively by assigning data points to the nearest Centroid (cluster center) and then recalculating those centroids until the groups are stable. There are no ""labels"" or ""correct answers"" provided during this process; the algorithm simply groups data based on mathematical similarity.Performance evaluation also differs: KNN is evaluated using metrics like Accuracy and F1-Score, while K-Means is assessed using the Elbow Method or Silhouette Score to determine if the clusters are well-defined.","Supervised vs Unsupervised, Classification vs Clustering, Lazy Learner, Labeled Data, Unlabeled Data, Proximity, Distance Metrics, Euclidean Distance, K-Neighbors, K-Centroids, Iterative Optimization, Elbow Method, Majority Voting, Pattern Discovery, Data Partitioning"
T002,C-3,3 .What is gradient descent?,5,"Gradient Descent is a fundamental optimization algorithm used to minimize the Cost Function in machine learning models. Its primary purpose is to find the optimal parameters (weights and biases) that result in the lowest possible error for a model's predictions. It is an iterative process; the algorithm starts with random parameter values and repeatedly adjusts them in the direction that reduces the cost function most steeply. This ""direction"" is determined by calculating the gradient, which is the partial derivative of the cost function with respect to each parameter.

The size of the steps taken toward the minimum is controlled by a hyperparameter called the Learning Rate. If the learning rate is too high, the algorithm might overshoot the minimum; if it is too low, the process becomes computationally expensive and slow. The goal is to reach the Global Minimum, where the slope of the cost function is zero, representing the most accurate version of the model.

There are three main variants: Batch Gradient Descent (uses the entire dataset), Stochastic Gradient Descent (uses one sample at a time), and Mini-batch Gradient Descent (uses small groups of data). While Batch is stable but slow, Stochastic introduces noise that can help escape Local Minima, making it more effective for complex, non-convex optimization problems in deep learning.","Optimization Algorithm, Cost Function, Error Minimization, Iterative Process, Partial Derivative, Slope, Gradient, Learning Rate, Weights and Biases, Global Minimum, Local Minima, Convergence, Batch Gradient Descent, Stochastic Gradient Descent (SGD), Mini-batch, Hyperparameter Tuning."
T002,C-4,4 .Explain the difference between Batch and Stochastic Gradient Descent.,5,"The primary difference between Batch Gradient Descent (BGD) and Stochastic Gradient Descent (SGD) lies in the amount of data used to calculate the gradient and update the model’s parameters in each iteration. Batch Gradient Descent processes the entire training dataset to compute the gradient of the cost function before performing a single update to the weights. This results in a very stable, smooth convergence toward the minimum. However, because it requires the entire dataset to be in memory, it becomes computationally expensive and incredibly slow as the dataset size increases.

In contrast, Stochastic Gradient Descent (SGD) updates the model parameters after processing each individual training example. This makes it significantly faster and allows it to handle massive datasets that cannot fit into memory. Because it updates so frequently, the ""path"" to the minimum is noisy and fluctuates heavily. While this randomness seems chaotic, it is actually a benefit: the ""jumps"" help the algorithm escape Local Minima and find a better Global Minimum in complex, non-convex loss landscapes.

Most modern machine learning frameworks use a middle ground called Mini-batch Gradient Descent, which updates parameters based on small groups (batches) of data. This balances the stability of Batch with the speed and efficiency of Stochastic. Choosing between them depends on the trade-off between computational resources and the speed of convergence required for the specific task.","Batch Gradient Descent, Stochastic Gradient Descent, Mini-batch, Parameter Update, Convergence Speed, Computational Efficiency, Local Minima, Global Minimum, Noise, Fluctuations, Memory Constraints, Iteration, Epoch, Learning Rate, Optimization Stability, Non-convex Optimization."
T003,A-1,"1. define supervised, unsupervised, reinforcement?",8,"Machine Learning is categorized into three primary paradigms, each distinguished by how the algorithm processes data and receives feedback.

Supervised Learning is the most common approach, where a model is trained on a labeled dataset. In this setup, every input is paired with a corresponding correct output (the ground truth). The model learns to map inputs to outputs by identifying patterns, effectively acting like a student learning under the guidance of a teacher. It is primarily used for Classification (assigning categories) and Regression (predicting continuous values). Common applications include email spam detection and house price prediction.

Unsupervised Learning deals with unlabeled data. The algorithm is given no explicit instructions or ""correct answers""; instead, it must independently discover the inherent structure, patterns, or clusters within the data. It focuses on finding similarities and differences, making it ideal for Clustering and Dimensionality Reduction. Businesses use this for customer segmentation and anomaly detection, where the goal is to find groups that were not previously known.

Reinforcement Learning (RL) operates on a completely different principle: Trial and Error. Here, an Agent interacts with an environment and learns to perform a sequence of actions to maximize a cumulative Reward. There is no predefined dataset; instead, the agent receives a penalty for mistakes and a reward for success. This feedback loop allows the model to develop complex strategies, making RL the go-to choice for robotics, gaming AI (like AlphaGo), and autonomous vehicle navigation.","Supervised Learning, Labeled Data, Ground Truth, Input-Output Mapping, Classification, Regression, Unsupervised Learning, Unlabeled Data, Pattern Discovery, Clustering, Association, Reinforcement Learning, Autonomous Agent, Reward Mechanism, Penalty, Environment Interaction, Policy Optimization, Exploration vs. Exploitation."
T003,A-2,2. Explain the difference between training and test sets.,8,"In machine learning, the division of data into Training and Test sets is a fundamental practice designed to ensure that a model can generalize to new, unseen data rather than simply memorizing the information it was given. This separation is critical for identifying and preventing overfitting.

The Training Set: The Learning Phase
The Training Set is the primary portion of the data, typically comprising 70% to 80% of the total dataset. During this phase, the algorithm processes the input features and their corresponding labels (in supervised learning) to discover patterns, adjust its internal weights, and minimize its error function. You can think of this as a student studying a textbook to learn the underlying concepts of a subject. The model ""sees"" this data repeatedly, refining its logic to fit the training points as accurately as possible.

The Test Set: The Unbiased Evaluation
The Test Set is a subset of the original data that is strictly held back and never shown to the model during the training process. Once the model is fully trained, it is asked to make predictions on this ""unseen"" data. This serves as a final exam to provide an unbiased evaluation of the model's performance. The error rate on the test set is a much more reliable indicator of how the model will perform in the real world. If the model performs exceptionally well on the training set but poorly on the test set, it is a clear sign of overfitting.

Key Differences and Best Practices
The most critical rule in data science is to avoid Data Leakage, which occurs when information from the test set accidentally ""leaks"" into the training process, leading to artificially high (and false) accuracy scores. While a Validation Set is often used in between to tune hyperparameters, the distinction between training (learning) and testing (validating generalization) remains the most vital boundary in the development of robust AI systems.","Data Split, Training Set, Test Set, Learning Phase, Evaluation Phase, Unseen Data, Generalization, Overfitting, Underfitting, Data Leakage, Model Robustness, Weight Adjustment, Error Minimization, Hold-out Method, Statistical Significance, Performance Metrics."
T003,A-3,3. What is the difference between parametric and non-parametric models?,8,"The distinction between Parametric and Non-parametric models lies in how they handle assumptions about the underlying data distribution and how the number of model parameters changes with the amount of data.Parametric Models: Fixed ComplexityA Parametric Model assumes that the data follows a specific functional form or distribution (such as a linear or normal distribution). These models simplify the learning process to finding a fixed set of parameters (weights). Regardless of how much more data you add, the number of parameters remains constant. For example, in Simple Linear Regression (+2$$y = mx + c$$), the model only ever needs to learn two parameters: the slope ($m$) and the intercept ($c$).Advantages: They are computationally fast, require less training data, and are highly interpretable.Disadvantages: They are rigid. If the data does not fit the assumed ""shape"" (e.g., trying to fit a straight line to a circular pattern), the model will suffer from high bias.Examples: Linear Regression, Logistic Regression, Naive Bayes.Non-Parametric Models: Flexible ComplexityNon-parametric Models do not make strong assumptions about the shape of the mapping function. Instead, the complexity of the model grows with the data. These models are flexible and can adapt to almost any functional form. They ""let the data speak for itself,"" which allows them to capture complex, non-linear relationships that parametric models would miss.+2Advantages: They are highly flexible and accurate for complex datasets, resulting in low bias.Disadvantages: They require significantly more training data, are computationally expensive, and are prone to overfitting (high variance).Examples: Decision Trees, k-Nearest Neighbors (KNN), Support Vector Machines (with kernels).The Trade-offThe choice depends on the problem: if you have a small dataset and a good understanding of the data structure, a Parametric model is best. If you have massive amounts of data and no idea what the underlying pattern looks like, a Non-parametric model is the superior choice.","Functional Form, Fixed Parameters, Distribution Assumptions, Model Complexity, Scalability, High Bias, High Variance, Interpretability, Data Driven, Linear Regression, Decision Trees, Computational Cost, Mapping Function, Generalization, Flexibility."
T003,A-4,"4. What is overfitting, and how can you avoid it?",8,"Overfitting is a central challenge in machine learning that occurs when a model learns the training data too perfectly, capturing not just the underlying patterns but also the noise and random fluctuations. While the model may achieve near-zero error on the training set, it fails to generalize to new, unseen data. Effectively, the model has ""memorized"" the answers rather than ""learning"" the logic. This leads to a model with high variance, where small changes in the input data result in wildly different predictions.

To build a robust system, several strategies can be employed to combat overfitting:

Cross-Validation: Using techniques like K-Fold Cross-Validation ensures that the model is tested on different subsets of data during the training phase, providing a more realistic estimate of its performance.

Regularization (L1 and L2): These techniques add a ""penalty"" to the loss function based on the size of the model's coefficients. Lasso (L1) and Ridge (L2) prevent the model from becoming overly complex by discouraging large weights.

Pruning and Early Stopping: For Decision Trees, Pruning removes branches that provide little predictive power. For Neural Networks, Early Stopping halts the training process as soon as performance on a validation set begins to degrade, even if the training error is still decreasing.

Dropout: In deep learning, randomly ""dropping out"" neurons during training prevents them from co-depending on each other, forcing the network to learn more robust features.

Data Augmentation: Increasing the size and diversity of the training set (e.g., flipping or rotating images) makes it harder for the model to memorize specific patterns.

By balancing model complexity with the volume of data, engineers can find the ""sweet spot"" where the model is complex enough to capture the trend but simple enough to remain accurate on future data.","Generalization Gap, Noise Memorization, High Variance, Training vs. Validation Error, Regularization, L1 Lasso, L2 Ridge, Dropout, Early Stopping, K-Fold Cross-Validation, Pruning, Data Augmentation, Feature Selection, Bias-Variance Tradeoff, Model Complexity."
T003,A-5,"5. What is underfitting, and how can you prevent it?",8,"Underfitting occurs when a machine learning model is too simple to capture the underlying structure of the data. Unlike overfitting, where the model performs well on training data but poorly on test data, an underfitted model performs poorly on both. It essentially fails to learn the relationship between the input features and the target output, leading to high bias. Imagine trying to fit a straight line to data that clearly follows a complex curve; the model will consistently miss the data points because its ""logic"" is too rigid.

Underfitting is often the result of using a model with insufficient complexity or training on features that lack predictive power. To prevent underfitting and move toward a more accurate model, the following strategies are typically employed:

Increase Model Complexity: If you are using a linear model for non-linear data, switch to a more sophisticated algorithm, such as a Polynomial Regression, Support Vector Machine, or a deeper Neural Network.

Feature Engineering: Underfitting often happens because the model doesn't have the right ""clues."" By adding more relevant features or creating interaction terms (combining existing features), you provide the model with more information to learn from.

Decrease Regularization: While regularization (L1/L2) is great for stopping overfitting, too much of it can ""stifle"" a model, forcing the coefficients so low that the model becomes overly simplistic. Reducing the regularization penalty allows the model more flexibility.

Increase Training Time: In iterative algorithms like Gradient Descent or Neural Networks, underfitting may occur simply because the model stopped training too early. Extending the number of epochs ensures the model has enough time to minimize the cost function.

Remove Noise from Data: Sometimes, the ""signal"" is buried under too much ""noise."" Cleaning the dataset to remove outliers or errors can help a simple model see the pattern more clearly.

By identifying high bias early in the development cycle, engineers can shift toward more flexible architectures that better represent the complexities of the real world.","High Bias, Model Simplicity, Training Error, Test Error, Linear Assumptions, Feature Engineering, Interaction Terms, Regularization Penalty, Epochs, Gradient Descent Convergence, Non-linear Mapping, Data Cleaning, Model Selection, Under-parameterization."
T003,B-1,1.Explain the bias-variance tradeoff.,3,"1. Explain the Bias-Variance Tradeoff (3 Marks)
The Bias-Variance Tradeoff is the fundamental struggle in machine learning to minimize two types of errors that prevent a model from generalizing. Bias is the error caused by overly simple assumptions (leading to underfitting), where the model misses relevant relations. Variance is the error caused by excessive sensitivity to small fluctuations in the training set (leading to overfitting), where the model captures noise as if it were a pattern.

As you increase model complexity, bias decreases but variance increases. The goal is to find the sweet spot—the level of complexity that minimizes the Total Error. A balanced model avoids being too rigid (high bias) or too erratic (high variance), ensuring consistent performance on new data.","Total Error, Model Complexity, Underfitting vs Overfitting, Generalization, Optimal Point, Prediction Consistency, Rigidity vs Sensitivity."
T003,B-2,2. How does the K-Nearest Neighbors (KNN) algorithm work?,3,"k-Nearest Neighbors (KNN) is a ""lazy,"" instance-based supervised learning algorithm that makes predictions based on the proximity of data points. When a new, unlabeled data point is introduced, the algorithm calculates the distance (usually using Euclidean distance) between that point and every other point in the training dataset. It then identifies the ""k"" number of closest neighbors.+2For classification, the algorithm assigns the most frequent label among those $k$ neighbors (majority voting). For regression, it takes the average value of the neighbors. KNN is non-parametric, meaning it makes no assumptions about the data distribution, but it becomes computationally expensive as the dataset grows because it must scan all points for every prediction","Instance-based learning, Euclidean Distance, Neighbor Voting, Proximity, k-parameter, Lazy Learner, Non-parametric, Classification vs. Regression."
T003,B-3,"3. What is dimensionality reduction, and provide examples?",3,"Dimensionality Reduction is the process of reducing the number of input variables (features) in a dataset while preserving as much meaningful information as possible. High-dimensional data often suffers from the ""Curse of Dimensionality,"" where the data becomes sparse, and models become prone to overfitting and excessive computational costs. By compressing the data, we simplify the model, improve visualization, and reduce storage requirements.
+1

Common examples include:

Principal Component Analysis (PCA): A linear technique that transforms data into a new coordinate system, highlighting the directions (components) with the most variance.

t-SNE: A non-linear method primarily used for visualizing high-dimensional clusters in 2D or 3D.

Feature Selection: Simply removing redundant or irrelevant features.","Feature Compression, Curse of Dimensionality, Information Retention, Redundancy, PCA, t-SNE, Latent Variables, Data Visualization, Computational Efficiency."
T003,B-4,4. How would you choose an algorithm for a specific dataset?,3,"Choosing the right algorithm depends on the nature of the data and the specific goal of the project. First, identify the task type: use supervised learning (Classification/Regression) if you have labels, or unsupervised learning (Clustering) if you don’t. Next, consider the size and quality of the dataset; for instance, Naive Bayes is excellent for small, high-dimensional text data, while Deep Learning requires massive datasets.

Finally, evaluate the trade-off between interpretability and performance. If you need to explain ""why"" a decision was made, choose a Decision Tree or Linear Regression. If pure accuracy is the priority, ensemble methods like Random Forest or Gradient Boosting are preferred.","ask Identification, Dataset Size, Label Availability, Interpretability vs. Accuracy, Linear vs. Non-linear, Computational Resources, Feature Space, Model Complexity."
T003,B-5,5. Explain bagging and boosting.,3,"Bagging (Bootstrap Aggregating) and Boosting are both ensemble techniques designed to improve model performance by combining multiple weak learners into one strong model.

Bagging focuses on reducing variance. It trains multiple versions of the same model (usually decision trees) in parallel on different random subsets of the data, created with replacement. The final prediction is an average or majority vote of all models. A classic example is Random Forest.
+1

Boosting focuses on reducing bias. It trains models sequentially, where each new model attempts to correct the errors made by the previous one by assigning higher weights to misclassified points. This builds a highly accurate model, though it is more prone to overfitting if not tuned carefully. Examples include AdaBoost and XGBoost","Ensemble Learning, Parallel vs Sequential, Variance Reduction, Bias Reduction, Bootstrap Sampling, Error Correction, Weighted Data, Random Forest, Gradient Boosting."
T004,A-1,Q1 What is machine learning ? Explain its types in detail with example.,5,"Machine Learning (ML) is a subfield of Artificial Intelligence that focuses on building systems capable of learning from data and improving their performance over time without being explicitly programmed. Instead of following rigid, rule-based instructions, ML algorithms identify underlying patterns in datasets to make informed decisions or predictions.
+1

There are three primary types of Machine Learning:

Supervised Learning: The model is trained on a labeled dataset, where the ""answer key"" is provided. It learns to map inputs to correct outputs.

Example: Email Spam Detection, where the model learns to distinguish between ""spam"" and ""ham"" based on previously labeled emails.

Unsupervised Learning: The algorithm works with unlabeled data to find hidden structures or patterns without external guidance.

Example: Customer Segmentation, where a bank groups customers into clusters based on spending habits without predefined categories.

Reinforcement Learning: An agent learns through trial and error by interacting with an environment to maximize a reward.

Example: Self-driving cars or AlphaGo, where the system learns optimal moves or routes based on positive or negative feedback.","Artificial Intelligence, Learning from Data, Explicit Programming, Labeled vs. Unlabeled Data, Ground Truth, Pattern Recognition, Classification, Regression, Clustering, Dimensionality Reduction, Reward Mechanism, Agent-Environment Loop, Generalization."
T004,A-2,Q2 Explain how to choose an appropriate machine learning algorithm for a given dataset. Include steps and considerations.,5,"Selecting the right algorithm is a strategic process that balances data characteristics with business requirements. There is no ""one-size-fits-all"" solution, as the choice depends heavily on the problem's complexity and the nature of the available information.

Key Steps and Considerations:
Define the Goal: First, identify the task. Is it Supervised (do you have labels?) or Unsupervised? If supervised, determine if the output is a category (Classification) or a continuous number (Regression).

Analyze Dataset Size: Smaller datasets favor simpler, high-bias models like Naive Bayes or Linear Regression to avoid overfitting. Larger datasets can leverage high-variance models like Deep Learning or Ensemble Methods (Random Forest, XGBoost) that require more data to converge.

Data Quality and Features: Check for linearity. If the relationship is linear, simple models suffice. If non-linear, use Kernel SVM or Neural Networks. Also, consider the ""dimensionality""; high-dimensional data may require algorithms that handle the Curse of Dimensionality well, or a preprocessing step like PCA.

Interpretability vs. Performance: In regulated industries (like healthcare or finance), a ""black box"" model like a Deep Neural Network might be rejected in favor of a Decision Tree or Logistic Regression, where the logic behind a decision is transparent.

Computational Resources: Consider constraints on training time and memory. KNN is fast to train but slow to predict, while Neural Networks are slow to train but fast to predict.

Ultimately, the best approach involves Iterative Testing—starting with a simple baseline model and gradually increasing complexity until the desired accuracy is achieved.","Task Identification, Classification vs. Regression, Data Dimensionality, Interpretability, Black Box Models, Computational Constraints, Scaling, Linearity, Model Complexity, Baseline Model, Overfitting vs. Underfitting, Feature Space."
T004,A-3,"Q3 Describe clustering algorithms. Compare K-Means, hierarchical clustering, and DBSCAN",5,"Clustering is an Unsupervised Learning technique used to group data points that share similar characteristics. Since the data is unlabeled, these algorithms look for inherent patterns to organize the information into meaningful categories.

1. K-Means Clustering
K-Means is a centroid-based algorithm that partitions data into a pre-defined number of clusters (K). It works by placing K random ""center points"" (centroids) and assigning every data point to the nearest one. It then recalculates the center of each group and repeats the process until the groups are stable.

Best for: Large datasets with circular or ""spherical"" clusters.

Constraint: You must decide the value of K before starting. It is sensitive to outliers because they can pull the center point away from the main group.

2. Hierarchical Clustering
This method creates a tree-like structure of clusters known as a Dendrogram. It doesn't require a pre-set number of clusters. Instead, it starts by treating every point as its own cluster and merges them based on similarity (Agglomerative) until one giant cluster remains. You then ""cut"" the tree at the desired level to get your groups.

Best for: Understanding the relationship between data points, like biological taxonomies.

Constraint: It is very slow on large datasets because it calculates the distance between every single pair of points.

3. DBSCAN (Density-Based Clustering)
DBSCAN defines clusters as areas of high density separated by areas of low density. It looks for ""neighborhoods"" where points are packed closely together. Any point that doesn't fit into a dense neighborhood is labeled as noise or an outlier.

Best for: Oddly shaped clusters (like crescents) and data with lots of ""noise.""

Constraint: It struggles if the density of the clusters varies significantly across the dataset.","Unsupervised Learning, Centroid-based, Density-based, Dendrogram, Outlier Detection, Cluster Geometry, Computational Efficiency, Agglomerative, Noise Robustness."
T004,A-4,"Q4 What are support vector machines (SVM)? Explain the concept of hyperplanes, kernels, and margin maximization.",5,"Support Vector Machines (SVM) are powerful supervised learning models used for both classification and regression. The primary goal of an SVM is to find the best possible boundary, known as a Hyperplane, that separates data points of different classes with the widest possible gap.

1. Hyperplanes
In a two-dimensional space, a hyperplane is simply a line that divides the data into two groups. In three dimensions, it is a flat plane. As the number of features increases, the hyperplane becomes a high-dimensional boundary. The algorithm positions this boundary so that it distinguishes between classes as clearly as possible.

2. Margin Maximization
The ""best"" hyperplane is the one that has the maximum Margin. The margin is the distance between the hyperplane and the closest data points from either class. These specific, closest points are called Support Vectors because they ""support"" or define the position of the boundary. By maximizing this margin, SVM ensures that the model is robust and has a better chance of correctly classifying new, unseen data.

3. The Kernel Trick
Real-world data is rarely perfectly separable by a straight line. When data is complex or overlapping, SVM uses Kernels. A kernel is a mathematical function that transforms low-dimensional, non-linear data into a higher-dimensional space where it can be separated by a linear hyperplane. Common types include the RBF (Radial Basis Function) and Polynomial kernels.","Supervised Learning, Optimal Hyperplane, Margin Maximization, Support Vectors, Binary Classification, Decision Boundary, Kernel Trick, High-Dimensional Space, RBF Kernel, Linear Separability, Robustness, Generalization."
T004,A-5,Q5 Explain the bias-variance tradeoff in detail. Include examples and how it affects model performance.,5,"The Bias-Variance Tradeoff is a central challenge in machine learning that describes the relationship between a model's complexity and its ability to generalize to new data. Every machine learning model aims to minimize total error, which is the sum of Bias, Variance, and Irreducible Noise.

1. Understanding Bias (Error due to Simplicity)
Bias occurs when an algorithm makes overly simplistic assumptions about the data. A high-bias model fails to capture the underlying patterns, leading to Underfitting. Even with more training data, the model remains too rigid to learn.

Example: Using a simple linear regression to predict a complex, curved relationship (like house prices vs. square footage in a non-linear market).

2. Understanding Variance (Error due to Complexity)
Variance occurs when a model is overly sensitive to the specific noise and fluctuations in the training dataset. A high-variance model ""memorizes"" the training data but fails on new data, leading to Overfitting.

Example: A deep decision tree that creates a unique rule for every single data point in the training set.

3. The Tradeoff and Performance
There is an inverse relationship between the two:

Low Complexity: High Bias / Low Variance (Underfitting).

High Complexity: Low Bias / High Variance (Overfitting).

The goal is to find the Sweet Spot where both errors are minimized. If you increase model complexity (e.g., adding more features or neurons), bias decreases because the model fits the data better, but variance eventually increases because the model starts fitting random noise.

4. Impact on Model Performance
The tradeoff dictates how a model will perform in the real world. A balanced model has enough flexibility to learn the ""signal"" without being distracted by the ""noise."" Techniques like Regularization (to reduce variance) or Feature Engineering (to reduce bias) are used to navigate this tradeoff.","Underfitting, Overfitting, Model Complexity, Generalization Error, High Bias, High Variance, Sweet Spot, Total Error, Noise vs Signal, Irreducible Error, Prediction Consistency, Regularization."
T004,A-6,"Q6 Describe the K-Nearest Neighbors (ENN) algorithm. Explain its advantages, disadvantages, and use cases.",5,"K-Nearest Neighbors (KNN) is a simple, versatile, supervised machine learning algorithm used for both classification and regression. It is known as a ""Lazy Learner"" because it doesn't build a formal model during a training phase; instead, it stores the entire training dataset and performs all calculations only when a new prediction is required.

How It Works
The algorithm works on the principle of similarity (proximity). To predict the class or value of a new data point, KNN:

Calculates the distance between the new point and all points in the training set (usually using Euclidean Distance).

Selects the ""K"" closest points (neighbors).

For Classification, it takes a majority vote—the new point is assigned to the class most common among its neighbors.

For Regression, it takes the average of the values of the K neighbors.

Advantages
Simplicity: It is very easy to understand and implement.

No Training Period: Since it is a lazy learner, ""training"" is essentially just storing the data.

Non-Parametric: It makes no assumptions about the data distribution, making it effective for complex, non-linear data.

Disadvantages
Computationally Expensive: As the dataset grows, the time to calculate distances for every new point increases significantly.

Memory Intensive: It requires storing the entire dataset in memory.

Sensitive to Scale: Features with larger ranges (e.g., income vs. age) can dominate the distance calculation, making Feature Scaling (Normalization) mandatory.

Sensitive to Outliers: A small ""K"" value can make the model sensitive to noise.

Use Cases
Recommender Systems: Finding ""similar"" users based on their viewing or purchasing history (e.g., ""People who liked this also liked..."").

Image Recognition: Identifying basic patterns by comparing pixel similarities.

Credit Rating: Grouping individuals with similar financial profiles to predict creditworthiness.","Lazy Learning, Instance-based Learning, Euclidean Distance, K-Parameter, Majority Voting, Non-parametric, Feature Scaling, Curse of Dimensionality, Similarity Metric, Proximity."
T004,B-1,"Q1 Define supervised, unsupervised, and reinforcement learning with examples.",5,"The field of Machine Learning is categorized based on how an algorithm ""learns"" from data. These three types differ primarily in the presence of labels and the feedback mechanism used to improve accuracy.

1. Supervised Learning
In Supervised Learning, the model is trained on a labeled dataset. This means for every input, the correct output (ground truth) is already known. The goal is for the algorithm to learn a mapping function that connects inputs to outputs so it can predict labels for new, unseen data.

How it works: It acts like a student learning under a teacher who provides the answers.

Example: Email Spam Filter. The model is fed thousands of emails labeled as ""Spam"" or ""Not Spam."" It learns which words or patterns indicate junk mail and then classifies your new incoming emails accordingly.

2. Unsupervised Learning
Unsupervised Learning deals with unlabeled data. The algorithm is given no ""answer key"" and must discover hidden structures, patterns, or groupings within the data on its own. It is primarily used for understanding the underlying distribution of a dataset.

How it works: It acts like a child grouping toys by color or shape without being told what the categories are.

Example: Customer Segmentation. A retail company uses purchase history data to group customers into ""Frequent Shoppers,"" ""Budget Conscious,"" and ""Big Spenders"" to target them with specific ads.

3. Reinforcement Learning (RL)
Reinforcement Learning involves an agent that learns to make decisions by interacting with an environment. There is no predefined data; instead, the agent performs actions and receives feedback in the form of rewards (positive) or penalties (negative). The goal is to develop a strategy (policy) that maximizes the total reward over time.

How it works: It acts like training a dog—good behavior gets a treat, and bad behavior does not.

Example: Self-Driving Cars. The car (agent) receives a ""reward"" for staying in its lane and reaching its destination safely, but a ""penalty"" for hitting an obstacle or breaking traffic laws.","Labeled Data, Ground Truth, Classification, Regression, Clustering, Pattern Discovery, Agent-Environment Loop, Reward Signal, Trial and Error, Mapping Function, Mapping Input to Output."
T004,B-2,Q2 Explain the difference between classification and regression.,5,"Both Classification and Regression are types of Supervised Learning, meaning they use labeled datasets to train models. The fundamental difference between them lies in the nature of the output variable they are trying to predict.

1. Classification
Classification is used when the output variable is categorical (discrete). The goal is to predict which ""category"" or ""class"" a new observation belongs to based on its features. The output is a label, not a quantity.

Output Type: Discrete values (e.g., 0 or 1, Yes or No, Red/Blue/Green).

Goal: To find a Decision Boundary that separates the different classes.

Example: Medical Diagnosis. Predicting whether a patient has a specific disease (""Positive"") or not (""Negative"") based on symptoms and test results.

Common Algorithms: Logistic Regression, Support Vector Machines (SVM), Decision Trees, and K-Nearest Neighbors.

2. Regression
Regression is used when the output variable is continuous or a real number. The goal is to predict a specific quantity or value. It maps the input variables to a continuous numerical scale.

Output Type: Continuous numerical values (e.g., price, temperature, age, probability).

Goal: To find a Line of Best Fit that minimizes the distance between the predicted values and the actual data points.

Example: House Price Prediction. Predicting the exact market value of a house (e.g., $450,000) based on square footage, location, and the number of rooms.

Common Algorithms: Linear Regression, Polynomial Regression, and Random Forest Regressor.","Supervised Learning, Discrete vs. Continuous, Decision Boundary, Line of Best Fit, Categorical Output, Numerical Output, Logistic vs. Linear, Labeling, Quantifying, Mapping Function, Error Minimization."
T004,B-3,"Q3 What is a confusion matrix? Explain precision, recall, and Fl-score.",5,"A Confusion Matrix is a performance evaluation tool used specifically for Classification problems. It is a square grid that summarizes how many predictions the model got right versus how many it got wrong, broken down by each class. It provides a deeper look than simple ""accuracy"" by showing exactly where the model is getting confused.

1. The Confusion Matrix Structure
The matrix compares the Actual Classes against the Predicted Classes. For a binary classification (e.g., ""Disease"" vs. ""No Disease""), it consists of four main components:

True Positive (TP): Predicted ""Yes"" and the actual result was ""Yes.""

True Negative (TN): Predicted ""No"" and the actual result was ""No.""

False Positive (FP): Predicted ""Yes"" but the actual result was ""No"" (Type I Error).

False Negative (FN): Predicted ""No"" but the actual result was ""Yes"" (Type II Error).

2. Key Performance Metrics
To evaluate the model beyond just ""percent correct,"" we use the following metrics derived from the matrix:

Precision: Focuses on accuracy of positive predictions. Out of all the times the model predicted ""Yes,"" how many were actually ""Yes""?

Excel-friendly formula: Precision = TP / (TP + FP)

Use case: When the cost of a False Positive is high (e.g., marking a legitimate email as Spam).

Recall (Sensitivity): Focuses on coverage. Out of all the actual ""Yes"" cases that exist, how many did the model successfully find?

Excel-friendly formula: Recall = TP / (TP + FN)

Use case: When the cost of a False Negative is high (e.g., missing a cancer diagnosis).

F1-Score: This is the harmonic mean of Precision and Recall. It provides a single score that balances both.

Excel-friendly formula: F1-Score = 2 * (Precision * Recall) / (Precision + Recall)

Use case: Best used when you have an imbalanced dataset (e.g., 95% of data is ""No"" and only 5% is ""Yes"").","Evaluation Metrics, Binary Classification, Type I Error, Type II Error, False Alarms, Missed Detections, Harmonic Mean, Imbalanced Data, Actual vs. Predicted, Sensitivity, Specificity."
T004,B-4,"Q4 Differentiate between training, validation, and test sets.",5,"In machine learning, splitting data into distinct subsets is essential to ensure that a model can perform well on new, unseen data. Each set serves a unique purpose in the lifecycle of model development.
+1

1. The Training Set (Learning Phase)
The Training Set is the largest portion of the data (typically 70-80%). It is used to teach the model by providing it with input-output pairs. During this phase, the algorithm adjusts its internal parameters (weights) to minimize error and ""learn"" the patterns within the data.
+1

2. The Validation Set (Tuning Phase)
The Validation Set is a separate subset used during the training process to fine-tune the model’s ""hyperparameters"" (settings like the learning rate or the depth of a decision tree). It acts as a frequent ""practice test."" By evaluating the model on this set, developers can see if the model is starting to overfit or underfit and make adjustments accordingly.
+1

3. The Test Set (Final Evaluation)
The Test Set is a portion of data that is strictly held back and never seen by the model during training or tuning. It is used only once, after the model is fully developed, to provide an unbiased evaluation of its final performance. It simulates how the model will behave in the real world.","Data Partitioning, Hyperparameter Tuning, Overfitting Prevention, Model Selection, Unseen Data, Generalization, Hold-out Method, Bias-Variance Monitoring, Final Evaluation, Weights Adjustment."
T004,B-5,Q5 What are parametric and non-parametric models? Give examples.,5,"In machine learning, models are categorized based on the assumptions they make about the shape or structure of the underlying data. This distinction determines how flexible the model is and how much data it needs to perform well.

1. Parametric Models
Parametric models assume that the data follows a specific, known distribution. These models have a fixed number of parameters (weights), which do not change regardless of how much data you add. You can think of this as trying to fit the data into a ""pre-defined shape.""
+1

How they work: They simplify the learning process by assuming the data behaves in a specific way (e.g., a straight line).

Advantages: They are very fast to train, require less data, and are highly interpretable.

Disadvantages: If the initial assumption is wrong, the model will perform poorly (high bias).

Examples: Linear Regression, Logistic Regression, and Linear Discriminant Analysis (LDA).

2. Non-Parametric Models
Non-parametric models do not make strong assumptions about the form of the mapping function. Instead, the number of parameters is flexible and grows as the amount of training data increases. They ""learn"" the shape of the data from the data itself.
+1

How they work: They are more flexible and can fit complex, irregular patterns that don't follow a standard mathematical distribution.

Advantages: They are highly flexible and can achieve much higher accuracy on complex datasets.

Disadvantages: They are computationally expensive, require much more training data, and are prone to overfitting.

Examples: K-Nearest Neighbors (KNN), Decision Trees, and Support Vector Machines (SVM) with RBF Kernels.","Fixed Parameters, Distribution Assumptions, Flexibility, Model Capacity, Bias-Variance Tradeoff, Scalability, Computational Cost, Linearity vs. Non-linearity, Mapping Function."
T005,A-1,Q1 .What is the core difference between traditional programming and machine learning?,8,"The fundamental shift from Traditional Programming to Machine Learning (ML) represents a transition from rule-based logic to data-driven discovery. While both aim to solve problems and automate tasks, their underlying methodologies for arriving at a solution are diametrically opposed.

Traditional Programming: Rule-Driven
In traditional programming, a human programmer manually creates a set of explicit instructions (the Rules) and provides the necessary Data. The computer then executes these rules on the input data to produce an Output. This approach is highly effective for tasks with clear, logical steps, such as calculating payroll or managing a database. However, it fails when the rules are too complex to define manually—for example, explaining every pixel variation that constitutes a ""cat"" in an image.
+2

[Image showing Traditional Programming: Data + Rules -> Computer -> Output]

Machine Learning: Data-Driven
Machine Learning flips this paradigm. Instead of providing the rules, we provide the computer with the Data and the expected Output (in supervised learning). The ML algorithm then uses statistical techniques to identify patterns and correlations, effectively ""learning"" and creating the Rules (the model) itself. Once these rules are generated, they can be applied to new, unseen data to predict future outputs.
+1

[Image showing Machine Learning: Data + Output -> Computer -> Rules]

Key Differences and Considerations
Logic Source: In traditional programming, logic is hard-coded by humans. In ML, logic is extracted from data by algorithms.
+1

Scalability: Traditional programs are rigid; if the problem changes slightly, the code must be rewritten. ML models improve as they are exposed to more data, making them highly scalable for complex tasks.

Complexity: ML excels at ""fuzzy"" problems like natural language processing, facial recognition, and medical diagnosis, where manual rule-making is nearly impossible.","Explicit Programming, Automated Rule Discovery, Data-Output Mapping, Pattern Recognition, Hard-coded Logic, Statistical Learning, Generalization, Rule-based vs. Model-based, Input-Output Relationship."
T005,A-2,Q2.Explain the concept of Entropy and Information Gain in the context of building a Decision Tree.,8,"When building a Decision Tree, the primary challenge is determining which feature to split on at each node to create the most distinct groups. To solve this, the algorithm uses two mathematical concepts: Entropy and Information Gain.

1. Entropy: Measuring Uncertainty
Entropy is a measure of impurity or randomness within a dataset. In the context of machine learning, it tells us how ""mixed"" the labels are in a particular node.

If a node consists entirely of a single class (e.g., all ""Spam""), the entropy is 0, representing a pure node.

If a node has an equal split of classes (e.g., 50% ""Spam"" and 50% ""Not Spam""), the entropy is at its maximum (1), representing total uncertainty.

The goal of the Decision Tree is to reduce entropy as it moves from the root down to the leaves.

2. Information Gain: The Selection Criteria
Information Gain is the actual metric used to decide the split. it measures the reduction in entropy achieved by partitioning the data according to a specific feature.

To calculate it, the algorithm subtracts the weighted average entropy of the child nodes from the entropy of the parent node. The feature that results in the highest Information Gain is chosen as the splitting point for that node. This is because a high information gain indicates that the split has done the best job of organizing the data into clear, homogeneous groups.
+2

3. The Building Process
Calculate the entropy of the current dataset.

Estimate Information Gain for every available feature.

Split the data using the feature with the highest gain.

Repeat recursively for the remaining branches until the nodes are pure or a stopping criterion (like maximum depth) is met.

By maximizing Information Gain at every step, the tree ensures it reaches a decision in the fewest number of splits possible, leading to a more efficient and interpretable model.","Decision Tree Induction, Impurity Measure, Homogeneity, Data Splitting, Root Node, Leaf Nodes, ID3 Algorithm, Weighted Average Entropy, Uncertainty Reduction, Recursive Partitioning."
T005,A-3,"Q3.Why is this algorithm considered ""Naive,"" and what computational benefit does this assumption provide?",8,"The Naive Bayes algorithm is a probabilistic classifier based on Bayes' Theorem. Despite its name, it is highly effective for complex tasks like document classification and spam filtering. The term ""Naive"" refers to a specific, simplifying assumption made by the algorithm regarding the features of the dataset.+1Why is it called ""Naive""?The algorithm is considered ""Naive"" because it assumes that all features are completely independent of one another, given the class label. In the real world, this is rarely true.For example, if you are identifying a fruit as an ""Apple,"" the features might be ""Red,"" ""Round,"" and ""5-inch diameter."" In reality, these features are often correlated (an apple being round might be related to its size). However, Naive Bayes treats the presence of the color ""Red"" as having zero mathematical relationship to the ""Round"" shape. It assumes each feature contributes independently to the probability that the fruit is an apple, regardless of any possible correlations between them.+1The Computational Benefits of the ""Naive"" AssumptionWhile the independence assumption is technically flawed, it provides massive advantages in terms of speed and scalability:Reduced Complexity: Without this assumption, the algorithm would need to calculate the probability of every possible combination of features (joint probabilities). As the number of features ($n$) increases, the complexity grows exponentially. With the ""Naive"" assumption, the complexity is reduced to a linear scale, as the algorithm only needs to calculate the probability for each feature individually.+2Small Data Requirements: Because it only learns individual feature probabilities, Naive Bayes requires much less training data than more complex models (like Logistic Regression or Neural Networks) to reach a stable state.High Speed: The mathematical simplicity allows the algorithm to be trained and used for predictions almost instantaneously, even on massive datasets with millions of records.Handling High Dimensions: It is particularly effective for high-dimensional data, such as text classification (where every unique word is a feature), where other algorithms would suffer from the ""Curse of Dimensionality.","Conditional Independence, Bayes' Theorem, Feature Correlation, Scalability, Linear Complexity, Probability Estimation, Posterior Probability, Likelihood, Text Classification, Curse of Dimensionality."
T005,A-4,"Q4.Despite its name, what kind of problem does Logistic Regression solve, and what function does it use to map its output to a probability?",8,"The name Logistic Regression is often a source of confusion for beginners. Despite containing the word ""regression,"" it is fundamentally a Classification algorithm. While it shares mathematical roots with Linear Regression, its application and output mechanism are designed for categorizing data rather than predicting continuous values.What Problem Does It Solve?Logistic Regression is used to solve Classification problems, most commonly Binary Classification (where there are only two possible outcomes, such as Yes/No, Spam/Not Spam, or Success/Failure).While Linear Regression might try to fit a straight line through data points to predict a value like ""1.5,"" Logistic Regression understands that for classification, an output of 1.5 is meaningless. Instead, it predicts the probability ($P$) that a given input belongs to a specific category. If the predicted probability is greater than a threshold (usually 0.5), the input is assigned to ""Class 1""; otherwise, it is assigned to ""Class 0.""+1The Mapping Function: The Sigmoid (Logit) FunctionTo transform a standard linear equation—which could result in any number from negative infinity to positive infinity—into a probability between 0 and 1, the algorithm uses the Sigmoid Function (also known as the Logistic Function).The formula for the Sigmoid function is:Output = 1 / (1 + e^-z)In this formula:e is Euler's number (approximately 2.718).z represents the result of the linear equation (the weighted sum of inputs).How the Sigmoid Function BehavesS-Shaped Curve: The function produces an ""S"" shaped curve.Probability Mapping: As z becomes a very large positive number, the output approaches 1. As z becomes a very large negative number, the output approaches 0.The Midpoint: When z is exactly 0, the output is exactly 0.5, representing the decision boundary where the algorithm is least certain.By using this function, Logistic Regression ensures that no matter how extreme the input data is, the final output remains a mathematically valid probability that can be used to make a categorical decision.","Binary Classification, Probability Estimation, Sigmoid Function, S-Curve, Decision Threshold, Logit Link Function, Maximum Likelihood Estimation, Categorical Output, Linear Predictor, Mapping."
T005,A-5,"Q5.Provide three examples of hyperparameters that must be tuned before training, rather than learned during training.",8,"In machine learning, there is a vital distinction between parameters and hyperparameters. Parameters (like weights and biases) are learned automatically from the data during the training process. Hyperparameters, however, are the external configurations set by the practitioner before training begins. They act as the ""control knobs"" that determine how the learning process itself behaves.

Here are three critical examples:

1. Learning Rate (?)
The learning rate is perhaps the most important hyperparameter in gradient-based optimization (used in Neural Networks and Logistic Regression). It defines the step size the algorithm takes toward the minimum of the loss function.

If it’s too high: The model might overshoot the optimal solution and fail to converge.

If it’s too low: The training process will be agonizingly slow and might get stuck in a suboptimal ""local minimum.""

2. Number of Neighbors (K) in KNN
In the K-Nearest Neighbors algorithm, K determines the size of the neighborhood used to classify a data point. This value directly controls the balance between bias and variance.

Small K (e.g., K=1): The model is highly sensitive to noise and outliers, leading to high variance (overfitting).

Large K: The model becomes too ""smooth"" and may overlook local patterns, leading to high bias (underfitting).

3. Maximum Depth of a Decision Tree
This hyperparameter limits how many levels the tree can grow. It is the primary tool for controlling model complexity in tree-based algorithms.

High Depth: Allows the tree to create very specific rules for every data point, which risks memorizing the training data (overfitting).

Low Depth: Forces the tree to find broader, more general patterns, preventing it from becoming too complex but risking an overly simplistic model.","Manual Configuration, Model Architecture, Optimization Control, Gradient Descent, Overfitting Prevention, Step Size, Neighborhood Size, Complexity Control, Convergence, Tuning vs. Learning."
T005,B-1,1. Identify and explain five business applications of machine learning.,2,"Machine Learning transforms raw data into actionable business intelligence across various industries:

Recommendation Engines: Amazon and Netflix analyze past behavior to suggest products or content, directly increasing sales and engagement.

Fraud Detection: Banks use anomaly detection to identify suspicious transaction patterns in real-time, preventing financial theft.

Customer Churn Prediction: Telecoms identify ""at-risk"" customers by analyzing usage drops, allowing for proactive retention offers.

Predictive Maintenance: Manufacturers monitor machinery sensors to predict equipment failure before it happens, saving on repair costs.

Sentiment Analysis: Brands scan social media and reviews to gauge public opinion and improve customer service strategies.","Personalization, Risk Management, Retention, Operational Efficiency, Market Intelligence, Anomaly Detection, Predictive Analytics, Automation, ROI, Scalability."
T005,B-2,"2. What are training, validation, and test sets? Why are they used?",2,"To build a model that works in the real world, data is split into three distinct subsets to ensure it learns patterns rather than just memorizing answers.

Training Set: The primary data used by the algorithm to learn patterns and adjust its internal weights.

Validation Set: A ""practice test"" used during training to tune hyperparameters and prevent overfitting.

Test Set: A final, unseen dataset used only once to evaluate how the model will perform on real-world data.

Why they are used: This separation is crucial to prevent Overfitting. Without these splits, a model might appear 100% accurate on its own data but fail completely when faced with new, real-world information.","Data Partitioning, Hyperparameter Tuning, Overfitting Prevention, Model Selection, Unseen Data, Generalization, Hold-out Method, Final Evaluation."
T005,B-3,3. Explain the concept of Cross-Validation and its importance.,2,"Cross-Validation is a statistical technique used to evaluate a model's performance by partitioning the data into multiple subsets. The most common version is K-Fold Cross-Validation, where the data is divided into $k$ equal parts (folds). The model is trained $k$ times, each time using a different fold as the test set and the remaining $k-1$ folds for training.Importance:Reliability: It provides a more stable and accurate estimate of model performance than a single train-test split.Data Efficiency: It ensures every data point is used for both training and testing, which is vital for small datasets.Overfitting Detection: It helps identify if a model is too specialized to a specific slice of data.","K-Fold, Data Resampling, Performance Estimation, Bias-Variance Tradeoff, Model Robustness, Iterative Testing, Generalization, Fold, Rotation."
T005,B-4,"4. What is a confusion matrix? Define and explain Precision, Recall, and F1-score.",2,"A Confusion Matrix is a table used to evaluate a classification model by comparing actual vs. predicted values. It breaks down results into True Positives (TP), True Negatives (TN), False Positives (FP), and False Negatives (FN).Precision: Measures accuracy of positive predictions. Out of all predicted ""Yes,"" how many were correct?Formula: $TP / (TP + FP)$Recall: Measures coverage. Out of all actual ""Yes"" cases, how many did we find?Formula: $TP / (TP + FN)$F1-Score: The harmonic mean of Precision and Recall, providing a balanced score when classes are uneven.","Binary Classification, Performance Evaluation, Type I Error, Type II Error, False Alarm, Missed Detection, Harmonic Mean, Imbalanced Data, Actual vs. Predicted."
T005,B-5,"5. What are feature scaling techniques, and when should you use them?",2,"Feature Scaling is a data preprocessing step used to normalize the range of independent variables. When features have different scales (e.g., Age 0–100 vs. Income $20,000–$200,000), many algorithms will incorrectly prioritize the larger numbers.Common Techniques:Normalization (Min-Max Scaling): Rescales data to a fixed range, usually 0 to 1.Formula: $x_{new} = (x - x_{min}) / (x_{max} - x_{min})$Standardization (Z-score Normalization): Rescales data so it has a mean of 0 and a standard deviation of 1.Formula: $x_{new} = (x - \mu) / \sigma$When to use:Use feature scaling for algorithms that rely on distance calculations (like KNN and SVM) or gradient descent (like Linear/Logistic Regression and Neural Networks). It ensures faster convergence and prevents one feature from dominating the model.","Preprocessing, Unit Variance, Mean Centering, Range Rescaling, Distance-based Algorithms, Convergence Speed, Magnitude Bias, Z-score, Min-Max."
T006,A-1,Q1 .How Reinforcement learning is diffrerent from Supervised learning? [3] Marks,3,"The core difference lies in the feedback mechanism and the source of truth.

Supervised Learning relies on a teacher. The model is provided with a labeled dataset (input-output pairs). It learns to map inputs to outputs by comparing its predictions against the ""ground truth."" The goal is to minimize the error between its guess and the known answer.
+2

Reinforcement Learning (RL) relies on experience. There is no labeled data. Instead, an agent interacts with an environment and learns through trial and error. It receives feedback in the form of rewards or penalties based on its actions. The goal is to maximize the cumulative reward over time.","Mapping vs. Interaction, Labels vs. Rewards, Ground Truth, Agent-Environment Loop, Trial and Error, Feedback Delay, Cumulative Reward, Supervised Mapping."
T006,A-2,Q2 . Define the term overfitting and one solution for it . [3],3,"Overfitting occurs when a machine learning model learns the training data ""too well,"" including its noise and random fluctuations. Instead of capturing the general underlying pattern, the model essentially memorizes the specific data points. Consequently, the model shows extremely high accuracy on the training set but performs poorly on new, unseen data (poor generalization).

One Solution: Regularization
A primary solution for overfitting is Regularization (such as L1 or L2 regularization). This technique adds a ""penalty"" to the loss function based on the complexity of the model or the size of its coefficients. By penalizing large weights, regularization discourages the model from becoming overly complex, forcing it to focus only on the most significant patterns and improving its ability to generalize to new data.","Generalization, Model Complexity, Noise vs. Signal, High Variance, Training vs. Test Error, Memorization, Penalty Term, Weight Decay, L1/L2 Regularization."
T006,A-3,Q3 .what is the role of linear discriminant analysis in ML ? [3],3,"Linear Discriminant Analysis (LDA) is a technique primarily used for dimensionality reduction and supervised classification. Its main objective is to project data from a high-dimensional space into a lower-dimensional space while maximizing the separability between different classes.

Core Roles in Machine Learning:
Class Separability: Unlike PCA (which focuses on maximum variance), LDA works by maximizing the distance between the means of different classes and minimizing the spread (variance) within each class.

Dimensionality Reduction: It reduces the number of features while preserving the information that is most useful for distinguishing between categories, which helps prevent the ""curse of dimensionality.""

Preprocessing: It is often used as a preprocessing step to improve the computational efficiency and accuracy of other classifiers like Support Vector Machines (SVM).","Dimensionality Reduction, Supervised Learning, Class Separability, Feature Extraction, Within-class Variance, Between-class Variance, Linear Decision Boundary, Projection, Preprocessing."
T006,A-4,Q4 .Compare mixure and latent factor models . [3],3,"Both models deal with latent (hidden) variables, but they serve different structural purposes in modeling data distributions.

Mixture Models (e.g., Gaussian Mixture Models): These represent a ""part-of"" relationship. They assume that the overall population is composed of several distinct subpopulations (clusters). Each data point is assumed to belong to one specific category or ""component"" of the mixture. It is a tool for clustering and density estimation.

Analogy: Every customer belongs to one of three groups: ""High Spenders,"" ""Bargain Hunters,"" or ""Window Shoppers.""

Latent Factor Models (e.g., PCA, Matrix Factorization): These represent a ""property-of"" relationship. They assume that observed data is influenced by multiple underlying factors simultaneously. A single data point is the result of multiple latent variables acting together. It is primarily used for dimensionality reduction and feature extraction.

Analogy: A movie's success is influenced by multiple factors like ""Action level,"" ""Romance level,"" and ""Budget"" all at once.","Hidden Variables, Clustering vs. Dimensionality Reduction, Soft Clustering, Matrix Decomposition, Component Membership, Feature Representation, Gaussian Mixture (GMM), Principal Component Analysis (PCA)."
T006,A-5,Q5 . write importance of K-means clustering . [3],3,"K-Means Clustering is one of the most popular unsupervised learning algorithms due to its simplicity and efficiency in discovering hidden structures within unlabelled data. Its importance stems from several key factors:

Data Segmentation: It allows businesses to group similar data points together. For example, in Market Segmentation, it identifies distinct customer groups based on purchasing behavior, enabling targeted marketing strategies.

Scalability and Efficiency: K-Means is computationally fast and can handle large datasets with ease. Its linear time complexity makes it much more efficient than hierarchical clustering for massive volumes of data.

Anomaly Detection: By identifying clusters, K-Means helps in spotting outliers. Data points that are far from any cluster center (centroid) can be flagged as anomalies, which is vital for fraud detection or system health monitoring.

Preprocessing for Other Tasks: It is often used to reduce the complexity of data before applying other algorithms, such as reducing the number of colors in an image (Image Compression) or creating features for supervised models.","Unsupervised Learning, Centroid-based, Euclidean Distance, Scalability, Market Segmentation, Outlier Detection, Convergence, Data Partitioning, Preprocessing."
T006,A-6,Q6 . write about R Square and its significance . [3],3,"R-Squared, also known as the Coefficient of Determination, is a statistical measure that represents the proportion of the variance for a dependent variable that is explained by an independent variable (or variables) in a regression model. It ranges from 0 to 1 (or 0% to 100%).Significance in Machine Learning:Goodness of Fit: It indicates how well the model ""fits"" the data. An $R^2$ of 0.8 suggests that 80% of the variation in the output can be explained by the model's inputs.Model Comparison: It allows practitioners to compare different models; generally, a higher $R^2$ indicates a better-performing model.Baseline Benchmark: It provides a baseline to understand if a model is better than a simple horizontal line (the mean of the data).Note: $R^2$ alone can be misleading. It always increases as you add more features (even irrelevant ones). To correct this, Adjusted R-Squared is often used to penalize unnecessary complexity.","Coefficient of Determination, Explained Variance, Regression Evaluation, Goodness of Fit, Total Sum of Squares, Residual Sum of Squares, Correlation, Model Accuracy."
T006,A-7,Q7.give significance of hyperparameter optimization . [3],3,"Hyperparameter Optimization (HPO) is the process of finding the best set of hyperparameters for a machine learning algorithm. Unlike model parameters, which are learned from data, hyperparameters must be tuned to control the behavior of the learning algorithm itself.

Why it is Significant:
Maximizing Performance: The right settings (like learning rate or tree depth) can be the difference between a mediocre model and a state-of-the-art one. It ensures the model reaches its full potential accuracy.

Preventing Overfitting and Underfitting: HPO allows for the perfect balance of model complexity. For instance, tuning ""Regularization"" parameters helps ensure the model generalizes well to new data rather than just memorizing the training set.

Resource Efficiency: Optimized hyperparameters can lead to faster convergence during training, saving significant computational time and costs, especially in deep learning.

Model Robustness: It ensures that the model is stable and performs consistently across different subsets of data.","Grid Search, Random Search, Bayesian Optimization, Generalization, Model Tuning, Convergence, Learning Rate, Complexity Control, Performance Gains."
T006,A-8,Q8 .how machine learning deals with sparse data . [3],3,"Sparse data refers to datasets where a large majority of the values are zero or missing (e.g., a user-item matrix in a movie recommendation system where most users haven't seen most movies). Machine Learning uses several strategies to handle this:

Specialized Algorithms: Algorithms like Matrix Factorization (used in collaborative filtering) are specifically designed to ""fill in the blanks"" by identifying latent factors that explain the observed data.

Dimensionality Reduction: Techniques like PCA or Truncated SVD (Singular Value Decomposition) compress sparse, high-dimensional data into a dense, lower-dimensional space, capturing the most important signals while discarding the ""zeros.""

Embeddings: In Natural Language Processing, sparse ""One-Hot Encoded"" vectors are transformed into Dense Embeddings (like Word2Vec), which represent relationships between words in a much smaller, continuous space.

Sparse-Aware Solvers: Many libraries (like XGBoost or Scikit-Learn) use optimized data structures (Compressed Sparse Row/Column) that skip over zeros during calculation, drastically increasing speed and reducing memory usage.","Matrix Factorization, Singular Value Decomposition (SVD), Dimensionality Reduction, Latent Space, Embeddings, Feature Engineering, Memory Efficiency, Missing Value Imputation."
T006,A-9,Q9.what is advantage of active learning. [3],3,"Active Learning is a specialized form of Semi-Supervised Learning where the algorithm ""chooses"" which data points it wants to learn from. Instead of training on a massive, pre-labeled dataset, the model identifies the most informative or uncertain examples and asks a human expert (an ""oracle"") to label them.
+1

Key Advantages:
Drastic Reduction in Labeling Costs: In fields like medical imaging or legal discovery, labeling data is expensive and time-consuming. Active Learning focuses only on the most critical samples, often achieving high accuracy with only 10–20% of the total data labeled.
+1

Faster Model Convergence: By selecting ""hard"" examples that lie near the decision boundary, the model learns complex patterns much faster than it would by looking at random, easy-to-classify data.

Handling Massive Unlabeled Datasets: It acts as a filter, allowing practitioners to navigate petabytes of raw data by surfacing only the instances that will actually improve the model’s performance.

Improved Accuracy on Edge Cases: It specifically seeks out data points where the model is confused, making the final system more robust against rare or difficult scenarios.","Query Strategy, Human-in-the-Loop, Uncertainty Sampling, Labeling Efficiency, Cost Optimization, Decision Boundary, Informative Samples, Semi-Supervised Learning."
T006,A-10,"Q10.what is training , testing and validation ? [3]",3,"To build a robust machine learning model, data is typically split into three distinct subsets. This separation ensures the model generalizes well to new data rather than just memorizing the training examples.

Training Set: This is the largest portion of the data used by the model to ""learn."" The algorithm looks at these examples to adjust its internal parameters (weights and biases) to minimize error.

Validation Set: This acts as a ""practice test."" It is used during the training phase to tune hyperparameters (like learning rate or tree depth) and to detect overfitting. It helps in selecting the best version of the model.
+1

Test Set: This is a ""final exam"" consisting of completely unseen data. It is used only once, after the model is fully trained and tuned, to provide an unbiased evaluation of how the model will perform in the real world.","Data Partitioning, Hold-out Method, Generalization, Hyperparameter Tuning, Overfitting Prevention, Model Evaluation, Unseen Data, Parameters vs. Hyperparameters."
T006,B-1,Q1 give 7 applications of machine learning.,5,"Machine Learning (ML) has transitioned from a theoretical concept to a core driver of modern business and technology. By identifying patterns in massive datasets, ML enables automation and predictive capabilities across various sectors.

1. Healthcare and Medical Diagnosis
ML models analyze X-rays, MRIs, and genomic data to detect diseases like cancer or pneumonia earlier and more accurately than human observation alone. It is also used for drug discovery by predicting how different chemical compounds will interact.

2. Financial Services and Fraud Detection
Banks use anomaly detection algorithms to monitor millions of transactions in real-time. If a transaction deviates from a user's typical spending pattern (e.g., location or amount), the system flags it as potential fraud.

3. E-commerce and Recommendation Systems
Platforms like Amazon and Netflix use collaborative filtering to suggest products or movies based on your past behavior and the preferences of similar users, significantly boosting sales and user retention.

4. Autonomous Vehicles
Self-driving cars utilize Deep Learning and Computer Vision to interpret sensor data from cameras and LiDAR. This allows the vehicle to detect pedestrians, recognize traffic signs, and make split-second driving decisions.

5. Natural Language Processing (NLP)
Applications like Google Translate, Siri, and ChatGPT use ML to understand, interpret, and generate human language. This includes sentiment analysis, which helps brands gauge public opinion from social media.

6. Predictive Maintenance in Manufacturing
By analyzing sensor data from factory machinery (vibrations, temperature), ML models predict when a part is likely to fail. This allows for repairs before a breakdown occurs, saving millions in downtime.

7. Email Filtering and Cybersecurity
Email providers use classification algorithms to filter spam and phishing attempts. Similarly, cybersecurity firms use ML to detect malware patterns and unauthorized network intrusions.","Pattern Recognition, Predictive Analytics, Anomaly Detection, Automation, Computer Vision, Personalization, Real-time Processing, Resource Optimization."
T006,B-2,Q2 how machine learning and deep learning related / explain regularization in deep learning .,5,"Machine Learning (ML) and Deep Learning (DL) are not competing technologies but rather nested subsets of Artificial Intelligence. Understanding their relationship and the role of regularization is key to building high-performing models.
+1

The Relationship: ML vs. DL
Deep Learning is a specialized subfield of Machine Learning. While ML encompasses various algorithms (like Decision Trees or SVMs) that often require manual feature engineering, Deep Learning relies on Artificial Neural Networks with many layers (hence ""deep"").
+1

Feature Extraction: In traditional ML, humans must often ""tell"" the model which features are important. In DL, the network automatically learns to extract hierarchical features directly from raw data (like pixels or text).
+1

Data Dependency: ML performs well on small-to-medium datasets, whereas DL typically requires massive amounts of data and high computational power (GPUs) to outperform traditional methods.

Regularization in Deep Learning
Deep Learning models are prone to overfitting because they have millions of parameters that can easily ""memorize"" the training data. Regularization refers to techniques used to force the model to generalize better.
+1

L1 and L2 Regularization: These add a penalty to the loss function based on the size of the weights. L2 (Weight Decay) is most common; it keeps weights small, preventing any single neuron from having too much influence.

Dropout: This is a DL-specific technique where, during training, a random percentage of neurons are ""turned off"" in each pass. This prevents neurons from becoming overly dependent on each other and forces the network to learn redundant, robust representations.

Early Stopping: This involves monitoring the model's performance on a validation set and stopping the training process as soon as the validation error starts to increase, even if the training error is still decreasing.","Nested Subsets, Artificial Neural Networks, Automatic Feature Extraction, Overfitting, Generalization, Penalty Term, Dropout, Weight Decay, Early Stopping, Model Robustness."
T006,B-3,"Q3 explain supervised , unsupervised and semisupervised with examples .",5,"Machine Learning models are primarily categorized based on the type of data they consume and the nature of the feedback they receive during training.

1. Supervised Learning
In Supervised Learning, the model is trained on a labeled dataset. This means for every input, the correct output (the ""ground truth"") is provided. The model learns to map inputs to outputs by minimizing the error between its predictions and the actual labels.

Key Task: Classification and Regression.

Example: Email Spam Detection. The model is fed thousands of emails already marked as ""Spam"" or ""Not Spam."" It learns the patterns (keywords, sender info) that distinguish the two categories to predict the label for new, incoming emails.

2. Unsupervised Learning
Unsupervised Learning deals with unlabeled data. The model acts as a self-learner, identifying hidden patterns, structures, or clusters within the data without any external guidance or ""correct answers.""

Key Task: Clustering and Association.

Example: Customer Segmentation. A retail company provides a model with raw purchase history data (no labels). The model identifies groups of customers with similar habits, such as ""Budget Shoppers"" vs. ""Luxury Buyers,"" allowing for targeted marketing.

3. Semi-Supervised Learning
Semi-Supervised Learning is a hybrid approach. It uses a small amount of labeled data combined with a large amount of unlabeled data. This is common because labeling data is expensive and time-consuming, while unlabeled data is cheap and abundant.

Key Task: Improving learning accuracy when labels are scarce.

Example: Medical Imaging (MRI/CT Scans). An expert radiologist might label 100 scans (labeled), while there are 10,000 more scans available (unlabeled). The model uses the 100 labels to understand basic features and then uses the 10,000 unlabeled scans to refine its understanding of anatomical variations.",
T006,B-4,Q4 What are types of SVM,5,"Support Vector Machines (SVM) are powerful supervised learning models used for classification and regression. The ""type"" of SVM used depends largely on the nature of the data—specifically, whether the data points can be separated by a straight line or require a more complex boundary.

1. Linear SVM
Linear SVM is used when the data is linearly separable. This means the data points of different classes can be divided using a single straight line (in 2D) or a hyperplane (in higher dimensions).
+1

Hard Margin: If the data is perfectly separable with no noise, the algorithm finds a hyperplane that maximizes the distance between the nearest points of the classes (support vectors) without allowing any misclassifications.

Soft Margin: Since real-world data is rarely perfect, a ""slack variable"" is introduced. This allows some points to be misclassified or fall inside the margin to ensure the model remains robust and generalizes well.

2. Non-Linear SVM
When data is distributed in a way that a straight line cannot separate it (e.g., circular or interlocking patterns), we use Non-Linear SVM.

The Kernel Trick: To handle this, the algorithm uses a ""Kernel Function."" It mathematically projects the low-dimensional, non-linear data into a higher-dimensional space where it does become linearly separable.

Common Kernels:

Polynomial Kernel: Good for curved boundaries.

Radial Basis Function (RBF) / Gaussian Kernel: The most popular choice; it can handle complex, infinite-dimensional mappings.

Sigmoid Kernel: Often used in neural network-like structures.

3. Support Vector Regression (SVR)
While SVM is famous for classification, it can be adapted for Regression. Unlike standard regression that tries to minimize the error between the line and points, SVR tries to fit the best line within a predefined error threshold (epsilon). It essentially builds a ""tube"" around the data points.","Hyperplane, Support Vectors, Maximum Margin, Linearly Separable, Kernel Trick, Feature Mapping, Hinge Loss, Slack Variables, RBF Kernel, High-Dimensional Space."
T006,B-5,Q5 Explain Decision tree in detail,5,"A Decision Tree is a versatile supervised learning algorithm used for both classification and regression. It functions like a flowchart, where each internal node represents a ""test"" on an attribute, each branch represents the outcome of the test, and each leaf node represents a class label or continuous value.
+1

How it Works: The Splitting Process
The algorithm starts at the Root Node and partitions the data into subsets that contain instances with similar values. This process is repeated recursively until the data is as ""pure"" as possible. To decide how to split the data, it uses specific mathematical criteria:
+1

Entropy & Information Gain: Entropy measures the ""disorder"" or impurity in the data. Information Gain calculates the reduction in entropy after a split; the algorithm chooses the split that yields the highest information gain.
+1

Gini Impurity: Used by the CART algorithm, it measures how often a randomly chosen element would be incorrectly labeled. A Gini score of 0 means the node is perfectly pure.

Root Node Selection: The feature that best separates the data (highest gain or lowest impurity) becomes the top-level decision.

Key Advantages
Interpretability: Unlike ""black-box"" models (like Neural Networks), Decision Trees are easy for humans to understand and visualize.

No Preprocessing: They do not require feature scaling (normalization/standardization) and can handle both numerical and categorical data.

Captures Non-linearity: They are excellent at identifying non-linear relationships between features and the target.

Challenges and Solutions
The biggest drawback of Decision Trees is Overfitting. They tend to create overly complex trees that memorize the training data. To solve this:

Pruning: Removing branches that provide little power to reduce the tree's complexity.

Setting Constraints: Limiting the maximum depth of the tree or the minimum number of samples required to split a node.","Hierarchical Splitting, Root Node, Leaf Node, Information Gain, Entropy, Gini Index, Recursive Partitioning, Overfitting, Pruning, Interpretability, CART Algorithm."
T007,A-a,a ) Define AI and Write applications of machine learning .,5,"Definition of Artificial Intelligence (AI)
Artificial Intelligence is a branch of computer science dedicated to creating systems capable of performing tasks that typically require human intelligence. These tasks include reasoning, learning from past experiences, problem-solving, perception, and language understanding. Essentially, AI aims to simulate human cognitive functions through algorithms and data, allowing machines to operate autonomously or assist humans in complex decision-making.

Applications of Machine Learning
Machine Learning (ML), a subset of AI, focuses on the use of data and algorithms to imitate the way that humans learn, gradually improving its accuracy. Here are significant real-world applications:

Healthcare: ML is used for Medical Imaging (identifying tumors in X-rays), drug discovery, and predicting patient outcomes based on historical health records.

Finance: Banks employ ML for Fraud Detection by identifying unusual transaction patterns and for Algorithmic Trading to execute high-speed stock trades.

E-commerce: Platforms like Amazon use Recommendation Engines to suggest products based on a user’s browsing history and purchase behavior.

Virtual Assistants: Tools like Siri, Alexa, and Google Assistant use ML-powered Natural Language Processing (NLP) to understand and respond to voice commands.

Autonomous Vehicles: Self-driving cars use Computer Vision (an ML field) to detect obstacles, pedestrians, and traffic signs in real-time.

Email Filtering: ML algorithms automatically classify emails into ""Inbox,"" ""Spam,"" or ""Promotions"" by analyzing text patterns and sender reputation.

Social Media: Platforms use ML for Face Recognition in photos and to curate personalized news feeds that keep users engaged.","Human Simulation, Cognitive Computing, Pattern Recognition, Predictive Modeling, Autonomous Systems, Data-Driven Insights, Scalability, Real-time Analysis."
T007,A-b,b )Explain types of machine learning with example .,5,"Machine Learning is generally categorized into three primary types based on how the algorithm learns and the nature of the data provided.

1. Supervised Learning
In this type, the model is trained on labeled data. This means the input comes with the correct answer (output). The goal is for the model to learn a mapping function so that when new input data is provided, it can predict the output accurately.

Sub-types: Classification (predicting a category) and Regression (predicting a continuous value).

Example: Weather Forecasting. By feeding historical data (temperature, humidity, pressure) labeled with the actual outcome (Rain/No Rain), the model learns to predict tomorrow's weather.

2. Unsupervised Learning
Here, the model is trained on unlabeled data. The system tries to find hidden patterns, structures, or relationships within the data without any explicit guidance. It ""self-learns"" how the data is organized.

Sub-types: Clustering (grouping similar items) and Association (finding rules that describe data).

Example: Customer Segmentation. A bank analyzes the transaction history of thousands of customers. Without being told what to look for, the model groups them into clusters like ""Frequent Travelers"" or ""Home Owners"" based on their spending habits.

3. Reinforcement Learning (RL)
RL is based on the concept of trial and error. An ""agent"" interacts with an environment and receives rewards for correct actions and penalties for wrong ones. Its goal is to maximize the total reward over time.

Key Components: Agent, Environment, State, Action, and Reward.

Example: Game Playing (e.g., AlphaGo or Chess). The AI plays millions of games against itself. Every time it wins or makes a strategic move, it receives a positive reward, eventually learning the optimal strategy to win.","Supervised: Labeled Data, Feedback Loop, Mapping, Target Variable.

Unsupervised: Unlabeled Data, Pattern Discovery, Clustering, No Feedback.

Reinforcement: Reward-based, Agent-Environment, Policy, Decision Sequences."
T007,A-c,c ) what are the steps in building ML model,5,"Building a machine learning model is a systematic process known as the ML Pipeline. It involves a series of steps to transform raw data into a predictive tool.

1. Problem Definition
The first step is to clearly define the business or scientific problem. You must decide whether it is a Classification task (e.g., Is this email spam?), a Regression task (e.g., What will the house price be?), or a Clustering task.

2. Data Collection
Gathering high-quality data is the foundation of any model. Data can be sourced from databases, web scraping, sensors, or public datasets. The more representative the data is of the real world, the better the model will perform.

3. Data Preprocessing & Cleaning
Raw data is often ""messy."" This step involves:

Handling Missing Values: Filling in gaps or removing incomplete records.

Outlier Detection: Identifying and managing anomalies.

Data Transformation: Converting categorical data into numbers and scaling features so they are on the same magnitude (e.g., 0 to 1).

4. Exploratory Data Analysis (EDA)
Before building the model, you must understand the data. EDA uses statistics and visualization to find correlations, trends, and patterns. This helps in Feature Selection—deciding which variables actually influence the outcome.

5. Data Splitting
The dataset is divided into two or three parts:

Training Set: To train the model.

Validation Set: To tune hyperparameters.

Test Set: To evaluate final performance on unseen data.

6. Model Selection and Training
Choose an algorithm (e.g., Random Forest, SVM, or Neural Networks) based on the problem type and data size. During training, the algorithm ""learns"" by adjusting its internal weights to minimize the error between its predictions and the actual values.

7. Model Evaluation
The model is tested using metrics like Accuracy, Precision, Recall, or R-Squared. If the performance is poor, you might go back to step 3 or 6 to refine the approach.

8. Deployment and Monitoring
Once the model is accurate, it is deployed into a production environment (like a mobile app or web server). It must be continuously monitored because real-world data patterns can change over time (a concept known as Data Drift).","Pipeline, Data Wrangling, Feature Engineering, Training/Testing Split, Model Evaluation Metrics, Deployment, Iterative Process, Generalization."
T007,A-d,d ) what are the steps in data preprocessing,5,"Data preprocessing is the most critical phase of the Machine Learning pipeline. Since real-world data is often incomplete, inconsistent, and noisy, preprocessing transforms raw data into a clean, structured format that an algorithm can actually process.

1. Data Cleaning
This step involves fixing the ""errors"" in the dataset:

Handling Missing Values: You can either delete rows with missing data (if the dataset is large) or fill them using imputation (replacing missing values with the Mean, Median, or Mode).

Noisy Data: Smooth out ""noise"" using binning or regression to remove outliers that might skew the model's understanding.

2. Data Integration
Often, data is collected from multiple sources (different databases, files, or APIs). Data integration involves merging these sources into a single, unified dataset while ensuring that attributes like ""Customer_ID"" match across all tables.

3. Data Transformation
This step converts data into a format suitable for the model:

Normalization/Standardization: Scaling numerical values (e.g., 0 to 1) so that features with large ranges (like ""Salary"") don't dominate features with small ranges (like ""Age"").

Encoding: Converting categorical text (e.g., ""Red"", ""Blue"") into numbers (e.g., 0, 1) using techniques like One-Hot Encoding or Label Encoding.

4. Data Reduction
When dealing with massive datasets, reducing the volume of data without losing critical information is essential for efficiency:

Dimensionality Reduction: Using techniques like PCA to reduce the number of input variables.

Feature Selection: Keeping only the most relevant variables that contribute to the prediction.

5. Data Discretization
This involves replacing raw values of a continuous attribute with interval labels (e.g., converting ""Age"" in years to categories like ""Child,"" ""Teen,"" ""Adult""). This helps reduce complexity for certain algorithms.","Imputation, Outlier Handling, Feature Scaling, Normalization ($Z$-score), Encoding, Dimensionality Reduction, Quality Assurance, Noise Reduction, Data Consistency."
T007,A-e,"e )Explain naive bayes algorithm in detail , give example.",5,"Naive Bayes is a probabilistic supervised learning algorithm primarily used for classification tasks. it is based on the Bayes’ Theorem, which calculates the probability of an event based on prior knowledge of conditions related to that event.The ""Naive"" AssumptionThe algorithm is called ""Naive"" because it assumes that all features are independent of each other. For example, if we are identifying a fruit as an ""Apple,"" the algorithm assumes the red color, round shape, and 3-inch diameter contribute independently to the probability, even if they are actually related.Mathematical FoundationThe algorithm uses the following formula to predict the probability of a class ($C$) given the features ($X$):$$P(C|X) = \frac{P(X|C) \cdot P(C)}{P(X)}$$$P(C|X)$ (Posterior Probability): Probability of the class given the features.$P(X|C)$ (Likelihood): Probability of the features given the class.$P(C)$ (Class Prior Probability): Overall probability of the class occurring.$P(X)$ (Predictor Prior Probability): Overall probability of the features occurring.Real-World Example: Spam FilteringImagine we want to classify an email as Spam or Not Spam based on the word ""Offer.""Prior Probability $P(Spam)$: We know from history that 30% of all emails are spam.Likelihood $P(Offer | Spam)$: We find that 80% of spam emails contain the word ""Offer.""Predictor Probability $P(Offer)$: We see that ""Offer"" appears in 10% of all emails (spam or not).Calculation: The algorithm combines these values to calculate the probability that an email containing ""Offer"" is indeed spam. If $P(Spam|Offer) > P(Not Spam|Offer)$, it flags the email.Key AdvantagesExtremely Fast: Since it treats features independently, it is much faster to train than complex models like SVM or Neural Networks.Works with Small Data: It requires a relatively small amount of training data to estimate parameters.Multiclass Prediction: It handles multiple classes effortlessly.Types of Naive BayesGaussian: Assumes features follow a normal distribution (used for continuous data).Multinomial: Used for discrete counts (e.g., word frequency in text).Bernoulli: Used when features are binary (0 or 1), such as ""word exists"" or ""does not exist.""","Bayes' Theorem, Conditional Independence, Posterior Probability, Text Classification, Spam Filtering, Gaussian Distribution, High-Dimensional Efficiency, Probabilistic Model."
T007,B-a,a) write a note on random forest. Give example of it,5,"Random Forest is a powerful and versatile supervised machine learning algorithm used for both classification and regression tasks. It belongs to the Ensemble Learning family, which combines multiple models to achieve a more accurate and stable prediction.
+1

How it Works: The ""Forest"" Concept
Instead of relying on a single Decision Tree, Random Forest builds an entire ""forest"" of trees.

Bagging (Bootstrap Aggregating): The algorithm creates multiple subsets of the original data by sampling with replacement. Each subset is used to train a different decision tree.
+1

Feature Randomness: When splitting a node in a tree, the algorithm only considers a random subset of features rather than all available features. This ensures that the trees are diverse and not highly correlated.
+1

Voting/Averaging: * For Classification, the algorithm takes a ""majority vote""—the class chosen by the most trees becomes the final prediction.

For Regression, it takes the average of the outputs from all individual trees.

Key Advantages
Reduced Overfitting: By averaging the results of many trees, it neutralizes the tendency of individual decision trees to overfit their training data.

High Accuracy: It is one of the most accurate algorithms for diverse datasets.

Handles Missing Data: It can maintain accuracy even when a large portion of the data is missing.

Real-World Example: Banking (Loan Approval)
Imagine a bank wants to predict if a loan applicant will default.

Tree 1 might look at ""Credit Score"" and ""Income"" and say ""Approve.""

Tree 2 might look at ""Employment History"" and ""Debt"" and say ""Reject.""

Tree 3 might look at ""Collateral"" and ""Age"" and say ""Approve.""
In this scenario, because two out of three trees voted ""Approve,"" the Random Forest model finalizes the decision as ""Approve."" This collective intelligence is more reliable than any single tree's logic.","Ensemble Learning, Bagging, Bootstrap, Decision Trees, Majority Voting, Feature Randomness, Overfitting Prevention, Robustness, Classification and Regression."
T007,B-b,"b )write a note on SVM, explain types of SVM in detail.",5,"Support Vector Machine (SVM) is a powerful supervised learning algorithm used primarily for classification, though it can also handle regression. It is particularly effective for high-dimensional data and cases where the classes are separated by a clear margin.+1Core Concept: The Optimal HyperplaneThe fundamental goal of SVM is to find a hyperplane in an $N$-dimensional space (where $N$ is the number of features) that distinctly categorizes the data points.Support Vectors: These are the data points that are closest to the hyperplane. They are the most critical elements of the dataset because if they were removed, the position of the dividing line would change.+1Margin: This is the distance between the hyperplane and the nearest support vectors. SVM aims to maximize this margin to ensure the model is robust and generalizes well to new data.+1Types of SVM in DetailSVMs are categorized based on the nature of the decision boundary required to separate the data:1. Linear SVMLinear SVM is used when the data is linearly separable. This means you can separate the two classes with a single straight line.Hard Margin: This approach works when the data is perfectly clean. It allows no data points to cross the margin.Soft Margin: In real-world data where there might be some overlap or outliers, a soft margin is used. It allows some misclassifications to occur to find a more realistic and balanced boundary.+12. Non-Linear SVMWhen data points are distributed in a way that a straight line cannot separate them (e.g., one class forms a circle around another), we use Non-Linear SVM.The Kernel Trick: Instead of trying to find a complex curve in 2D, the algorithm uses a Kernel Function to project the data into a higher-dimensional space (e.g., from 2D to 3D). In this higher dimension, the data becomes linearly separable by a flat plane.+1Common Kernels:Polynomial Kernel: For curved boundaries.RBF (Radial Basis Function): The most common kernel; it maps data into infinite dimensions to find complex boundaries.3. Support Vector Regression (SVR)While traditionally a classifier, SVM can be adapted for regression. Instead of a line that separates classes, SVR tries to fit a line that keeps as many data points as possible within a certain distance (called Epsilon) from the line.","Hyperplane, Maximum Margin, Support Vectors, Linearly Separable, Kernel Trick, High-Dimensional Mapping, Soft Margin, RBF Kernel."
T007,B-c,c )explain different types of clustering algorithm.,5,"Clustering is the most common form of Unsupervised Learning. It involves grouping a set of data points such that points in the same group (called a cluster) are more similar to each other than to those in other groups.1. Centroid-based Clustering (K-Means)This is the most popular type of clustering. It organizes data into non-hierarchical clusters based on the distance of data points to a central point called the centroid.How it works: You specify the number of clusters ($K$). The algorithm iteratively assigns each data point to the nearest centroid and then recalculates the centroid based on the mean of the assigned points.Example: Segmenting customers into 3 groups based on their average spending.2. Hierarchical ClusteringThis approach builds a tree-like hierarchy of clusters. It does not require you to pre-specify the number of clusters.Agglomerative (Bottom-Up): Starts with each point as its own cluster and merges the closest pairs until only one cluster remains.Divisive (Top-Down): Starts with all points in one cluster and recursively splits them.Output: The result is visualized using a Dendrogram.3. Density-based Clustering (DBSCAN)Unlike K-Means, which assumes clusters are spherical, density-based algorithms find clusters of arbitrary shapes based on the density of data points.How it works: It groups points that are closely packed together and marks points in low-density regions as outliers (noise).Example: Identifying clusters of stars in a galaxy where the shapes are irregular and there is significant background noise.4. Distribution-based Clustering (GMM)This type assumes that the data is composed of a mixture of different probability distributions (usually Gaussian/Normal distributions).How it works: A point belongs to a cluster based on the probability that it was generated by that specific distribution. It allows for ""soft clustering,"" where a point can have a percentage of membership in multiple clusters.","K-Means: Centroids, Euclidean Distance, Pre-defined $K$, Spherical Clusters.Hierarchical: Dendrogram, Merging/Splitting, Agglomerative, Proximity Matrix.DBSCAN: Density, Core Points, Noise/Outliers, Arbitrary Shapes.Distribution: Gaussian Mixture Models (GMM), Probability, Soft Clustering."
T007,B-d,"d )what is Decision Tree, explain steps in making decision tree",5,"A Decision Tree is a non-parametric supervised learning algorithm used for both classification and regression. It mimics human decision-making by breaking down a complex dataset into smaller, manageable subsets based on a series of ""Yes/No"" or ""True/False"" questions.

Structure of a Decision Tree
Root Node: The very top node representing the entire dataset and the first split.

Decision (Internal) Nodes: Nodes where further sub-splits occur based on specific features.

Leaf (Terminal) Nodes: The final nodes that represent the output (a class label or a value). No further splitting happens here.

Branches: The paths connecting nodes, representing the outcome of a test.

Steps in Making a Decision Tree
The process of building a tree is known as Recursive Partitioning. Here are the standard steps:

1. Feature Selection (Choosing the Best Split)
The algorithm evaluates all available features to determine which one best separates the data. It uses mathematical criteria like:

Information Gain: Measures how much ""uncertainty"" (Entropy) is reduced.

Gini Impurity: Measures the probability of a random sample being classified incorrectly.

The feature with the highest Information Gain (or lowest Gini) is selected as the Root Node.

2. Splitting the Data
Based on the selected feature, the dataset is divided into subsets. For example, if the feature is ""Income > $50k,"" the data splits into two branches: one for ""True"" and one for ""False.""

3. Repeating the Process (Recursion)
The algorithm applies the same logic to each resulting sub-node. It looks at the remaining features and finds the next best split for that specific subset of data. This continues down the tree.

4. Stopping Criteria
The splitting process continues until one of the following conditions is met:

All data points in a node belong to the same class (Pure Node).

There are no more features left to split on.

The tree reaches a pre-defined Maximum Depth (to prevent overfitting).

5. Pruning (Post-Processing)
Often, a tree becomes too complex and starts ""memorizing"" noise (overfitting). Pruning is the process of removing branches that have little importance, making the tree simpler and better at predicting unseen data.","Recursive Partitioning, Entropy, Information Gain, Gini Index, Root Node, Leaf Node, Overfitting, Pruning, Feature Selection."
T008,1-a,a) write about inductive bias (2),2,"Inductive Bias (also known as learning bias) refers to the set of assumptions a machine learning algorithm uses to predict outputs for inputs it has never encountered before. Since the training data alone is insufficient to predict every possible future case, the algorithm must rely on these ""biases"" to prioritize certain solutions over others.","It is the necessary ""extra information"" that allows a model to generalize beyond training data. 2. Without inductive bias, an agent could only ""memorize"" and wouldn't be able to make predictions. 3. Examples include Occam’s Razor (preferring the simplest explanation) and Nearest Neighbor (assuming similar points have similar labels)."
T008,1-b,b )Define Hypothesis. (2),2,"In machine learning, a Hypothesis is a specific function or model that a learning algorithm uses to map inputs to the correct outputs. It represents a ""candidate"" explanation that the system tests against data to see how well it approximates the true, unknown target function.",It is a proposed mapping between input features and target labels; 2. The set of all possible hypotheses is called the Hypothesis Space; 3. The goal of learning is to find the hypothesis that minimizes prediction error.
T008,1-c,c )write about sampling theories. (2),2,"Sampling Theory is a branch of statistics used in machine learning to study the relationship between a population and the samples drawn from it. Its primary goal is to ensure that a smaller subset of data (the sample) accurately represents the characteristics of the entire dataset, allowing for valid generalizations and predictions while reducing computational costs.","Focuses on selecting a representative subset to estimate population parameters; 2. Aims to minimize sampling error and bias; 3. Common techniques include simple random sampling, stratified sampling, and cluster sampling."
T008,1-d,d )Define eager learning. (2),2,"Eager Learning is a machine learning approach where the system attempts to construct a generalized, input-independent model from the training data before receiving any new queries. Unlike lazy learning, it performs the heavy computational work during the training phase so that when a new instance arrives, it can be classified quickly using the pre-built model.",Builds a general model during the training phase; 2. Faster at making predictions but requires more time for training; 3. Decision Trees and Artificial Neural Networks are typical examples
T008,1-e,e )what is lazy learning. (2),2,"Lazy Learning is a machine learning approach where the system delays the processing of training data until a query is actually received. Instead of building a generalized model during a training phase, it simply stores the data and performs computation only when it needs to classify a new, unseen instance.",Also known as Instance-based learning; 2. No explicit training phase or generalized model is created; 3. k-Nearest Neighbors (k-NN) is the most common example.
T008,1-f,f )define term genetic. (2),2,"In Artificial Intelligence, the term Genetic refers to a class of optimization and search algorithms—known as Genetic Algorithms (GAs)—inspired by the process of natural selection and biological evolution.

These algorithms represent potential solutions as ""chromosomes"" (strings of data) and evolve them over generations using operators like crossover (combining parts of two solutions), mutation (randomly changing parts), and selection (keeping the fittest solutions).",Inspired by Darwin’s theory of natural evolution; 2. Uses biological operators like crossover and mutation; 3. Iteratively improves a population of solutions based on a fitness function.
T008,1-g,g)Discuss dynamic programming (2),2,"Dynamic Programming (DP) is an algorithmic technique used to solve complex problems by breaking them down into simpler overlapping subproblems. It improves efficiency by solving each subproblem only once and storing its result in a table (a process called memoization), which avoids redundant calculations.",Solves problems with overlapping subproblems and optimal substructure; 2. Stores previously computed results to save time; 3. Significantly reduces time complexity from exponential to linear or polynomial.
T008,1-h,h )Define explanation based learning. (2),2,"Explanation-Based Learning (EBL) is a type of machine learning that generalizes from a single training example rather than a large dataset. It uses a Domain Theory (pre-existing knowledge) to construct a logical explanation of why the example belongs to a certain concept, then converts that specific explanation into a general rule.",Learns from one example; 2. Requires background knowledge (Domain Theory); 3. Converts specific proofs into general rules.
T008,1-i,i )write about control knowledge. (2),2,"In Artificial Intelligence, Control Knowledge refers to the specific type of information used to determine how a search or reasoning process should proceed. While basic knowledge (often called factual or domain knowledge) tells the system what is true, control knowledge tells the system which path to take or which rule to apply first to reach a goal efficiently.

1. The Role of Control Knowledge
In many AI problems, there are thousands of possible directions the system could take. Without control knowledge, the AI would have to explore every single possibility blindly. Control knowledge acts as a ""strategy"" or ""guide"" to minimize the search effort.

Conflict Resolution: When multiple rules could be applied at the same time, control knowledge helps the system decide which one is most likely to lead to a solution.

Efficiency: It prevents the system from going down ""dead-end"" paths or repeating calculations, saving time and computational power.

2. Forms of Control Knowledge
Control knowledge can be represented in several ways depending on the architecture of the AI:

Heuristics: These are ""rules of thumb"" that help the system estimate which move is best (e.g., in a game of Chess, control knowledge might suggest ""control the center of the board"").

Search Control: In search algorithms, this determines whether the system should search broadly (Breadth-First) or deeply (Depth-First).

Meta-Knowledge: This is ""knowledge about knowledge."" It allows the system to realize that for certain types of problems, one specific reasoning method is better than another.","Control knowledge defines the strategy for navigating a problem's state space; 2. It is distinct from domain knowledge, which focuses on facts and relationships; 3. Its primary purpose is to improve efficiency by reducing the number of paths searched; 4. Heuristics are a common form of control knowledge used to prioritize moves; 5. It helps resolve conflicts when multiple rules are applicable at once; 6. It can be hard-coded (procedural) or stored as rules (declarative); 7. Effective control knowledge prevents ""combinatorial explosion"" in complex AI tasks."
T008,1-j,"j) define Precision , recall and F1 score (2)",2,"1. Precision (Quality)
Precision measures the accuracy of the model's positive predictions. It answers the question: ""Of all the instances the model predicted as positive, how many were actually positive?""

High Precision means the model is ""careful"" and doesn't flag many false alarms (False Positives).

Example: In a spam filter, high precision ensures that important emails are not accidentally moved to the spam folder.

2. Recall (Quantity)
Recall, also known as Sensitivity, measures the model's ability to find all the positive instances. It answers the question: ""Of all the actual positive instances that exist, how many did the model correctly identify?""

High Recall means the model is ""thorough"" and doesn't miss many actual cases (False Negatives).

Example: In cancer detection, high recall is vital because you don't want to miss a single sick patient, even if it means a few healthy people get flagged for extra tests.

3. F1-Score (The Balance)
The F1-Score is the harmonic mean of Precision and Recall. It provides a single score that balances both metrics. It is particularly useful when you have an uneven class distribution and you need to find a middle ground between being precise and being thorough.

When to use it: Use the F1-score when you want to seek a balance between Precision and Recall, and when there is a large number of Actual Negatives (which can make Accuracy look misleadingly high).","Precision measures the accuracy of positive predictions (minimizing False Positives); 2. Recall measures the ability to find all actual positive cases (minimizing False Negatives); 3. F1-score is the harmonic mean that balances both Precision and Recall; 4. High Precision is critical when false alarms are costly (e.g., spam detection); 5. High Recall is critical when missing a case is dangerous (e.g., medical diagnosis); 6. The Confusion Matrix is the foundation for calculating these three metrics; 7. Accuracy alone can be misleading in imbalanced datasets, making these metrics essential."
T008,2-a,"a) Explain Decision tree in detail , give example ?",5,"A Decision Tree is a non-parametric supervised learning algorithm used for both classification and regression tasks. It uses a flowchart-like tree structure to model decisions and their possible consequences. It essentially breaks down a complex decision-making process into a series of simple, hierarchical choices.

Structure of a Decision Tree
Root Node: The very top node that represents the entire dataset. It is the first split based on the most important feature.

Decision (Internal) Nodes: Nodes where the data is split into branches based on a specific attribute or rule.

Leaf Nodes: The final output nodes that represent the class label (in classification) or the predicted value (in regression). No further splitting occurs here.

Branches: The paths connecting nodes, representing the outcome of a decision rule (e.g., ""Yes"" or ""No"").

How it Works: The Logic of Splitting
The algorithm works by repeatedly partitioning the data. To decide which feature to split on first, it uses mathematical measures of ""purity"":

Entropy & Information Gain: Measures the randomness or disorder in the data. The goal is to maximize Information Gain (reducing entropy).

Gini Impurity: Measures how often a randomly chosen element would be incorrectly labeled. A Gini score of 0 means the node is ""pure.""

Example: Should I Play Tennis?
Imagine a dataset that tracks weather conditions to predict if someone will play tennis.

Root Node (Outlook): The tree first asks: ""Is it Sunny, Overcast, or Rainy?""

If Overcast, the leaf node says ""Yes"" (The person always plays when it's cloudy).

Decision Node (Humidity): If it is Sunny, the tree asks: ""Is the humidity high?""

If High, leaf says ""No"".

If Normal, leaf says ""Yes"".

Decision Node (Wind): If it is Rainy, the tree asks: ""Is it windy?""

If Strong, leaf says ""No"".

If Weak, leaf says ""Yes"".

Advantages and Disadvantages
Advantages: * Highly interpretable (easy to explain to non-technical stakeholders).

Requires little data preprocessing (no need for feature scaling).

Handles both numerical and categorical data well.

Disadvantages: * High risk of overfitting (creating a tree that is too complex).

Can be unstable; small changes in data can lead to a completely different tree structure.","Decision Trees use a hierarchical, flowchart-like structure for classification and regression; 2. The Root Node represents the first and most significant split in the dataset; 3. Leaf Nodes represent the final decision or predicted value; 4. Splitting is determined by mathematical measures like Entropy/Information Gain or Gini Impurity; 5. They are highly interpretable and handle non-linear relationships effectively; 6. A major drawback is the tendency to overfit the training data; 7. Pruning is often used to simplify the tree and improve generalization on new data."
T008,2-b,b) Describe briefly about K-nearest Neigbors .,5,"K-Nearest Neighbors (KNN) is a simple, versatile, and non-parametric supervised learning algorithm used for both classification and regression. It is often referred to as a ""lazy learner"" because it does not have a specialized training phase; instead, it stores the entire training dataset and performs all calculations at the time of prediction.How KNN WorksThe fundamental logic of KNN is based on similarity: ""Birds of a feather flock together."" To predict the label of a new data point, the algorithm:Calculates the distance between the new point and all other points in the training set.Selects the $K$ closest points (the ""neighbors"").For Classification: Performs a ""majority vote""—the new point is assigned the class that is most common among its $K$ neighbors.For Regression: Calculates the average (mean) of the values of the $K$ neighbors to provide a numerical prediction.Measuring ""Closeness"" (Distance Metrics)The performance of KNN depends heavily on how distance is measured. The most common metrics include:Euclidean Distance: The straight-line distance between two points (most common).Manhattan Distance: The distance measured along axes at right angles (like walking city blocks).Minkowski Distance: A generalized form of both Euclidean and Manhattan distances.Choosing the Right $K$ ValueThe value of $K$ (the number of neighbors) is a hyperparameter that significantly impacts the model:Small $K$ (e.g., $K=1$): The model is very sensitive to noise and outliers, often leading to overfitting.Large $K$: The model becomes smoother and more stable but may overlook smaller patterns, leading to underfitting.Tip: Usually, an odd number is chosen for $K$ to avoid ties in classification.Advantages and DisadvantagesAdvantages:Extremely simple to implement and understand.No assumptions about the underlying data distribution (non-parametric).Naturally handles multi-class classification.Disadvantages:Computationally Expensive: Since it calculates distances for every prediction, it becomes very slow as the dataset grows.Memory Intensive: Requires storing the entire dataset.Sensitive to Scale: Must use Feature Scaling (Standardization/Normalization) because features with larger units will dominate the distance calculation.","KNN is a ""lazy learner"" that stores data and delays computation until prediction;
2. It classifies data based on the majority vote of its $K$ nearest neighbors;
3. Distance metrics like Euclidean and Manhattan define how ""closeness"" is measured;
4. The hyperparameter $K$ controls the balance between overfitting (small $K$) and underfitting (large $K$);
5. Feature scaling is mandatory to prevent features with large magnitudes from biasing results;
6. It is a non-parametric model, making no assumptions about the data's functional form;
7. Its main drawbacks are high computational cost and memory usage during the prediction phase."
T008,2-c,c) Discuss in detail about representation of Neural network .,5,"A Neural Network (or Artificial Neural Network) is a computational model inspired by the structural and functional aspects of biological neural networks in the human brain. It is represented as a series of interconnected layers containing ""neurons"" that process data and pass it forward.
+1

1. Structural Representation (Layers)
A standard neural network is represented as a directed graph organized into three main types of layers:

Input Layer: This is the entry point for the data. Each neuron in this layer represents an individual feature from the dataset (e.g., one pixel in an image or one column in a spreadsheet). No computation happens here.
+1

Hidden Layers: These layers sit between the input and output. They perform the ""learning"" by extracting increasingly complex patterns. A network with many hidden layers is called a Deep Neural Network.
+1

Output Layer: The final layer that produces the prediction. For classification, it might have one neuron per class; for regression, it typically has a single neuron.","Neural networks are composed of input, hidden, and output layers; 2. Weights represent the strength of the connection between neurons; 3. Biases allow the activation function to be shifted to better fit the data; 4. Activation functions (like ReLU) introduce non-linearity, allowing the model to learn complex tasks; 5. Forward propagation is the process of generating a prediction from inputs; 6. Backpropagation is the mechanism used to update weights based on the error/loss; 7. At scale, neural networks are represented and computed as matrices for efficiency"
T008,2-d,d) Differentiate between Classification & Regression,5,"In machine learning, supervised learning is split into two main categories: classification and regression. The primary distinction between them is the nature of the output you are trying to predict.

1. Classification: Predicting Categories
Classification is used when the target variable is a discrete label or a specific category. The goal of a classification model is to draw a decision boundary that separates different classes. It essentially asks the question: ""Which group does this belong to?""

Nature of Output: Qualitative. The results are usually distinct buckets or classes.

Examples: Identifying if an email is spam or not spam, diagnosing a patient as healthy or ill, or recognizing if an image contains a cat, dog, or bird.

Common Algorithms: Logistic Regression (used for classification despite the name), Support Vector Machines, and Naive Bayes.

Evaluation: Success is measured by how many items were placed in the correct category, using metrics like Accuracy or the F1-Score.

2. Regression: Predicting Quantities
Regression is used when the target variable is a continuous numerical value. The goal is to find a mathematical relationship between the input features and the output to predict a specific number. It essentially asks the question: ""How much?"" or ""How many?""

Nature of Output: Quantitative. The results can be any value within a range.

Examples: Predicting the future price of a stock, estimating the temperature for the next day, or calculating the expected revenue of a company based on its marketing spend.

Common Algorithms: Linear Regression, Ridge Regression, and Polynomial Regression.

Evaluation: Success is measured by how close the predicted numbers are to the actual numbers, using metrics like Mean Squared Error or R-squared.

3. Key Differences in Practice
The difference also affects how the data is prepared and how the model is structured. In a classification task, the model often outputs a probability (e.g., ""There is an 85% chance this is spam""), which is then converted into a hard label. In a regression task, the model directly outputs the predicted value (e.g., ""$250,000 for this house"").

While some algorithms, like Decision Trees and Neural Networks, can perform both tasks, the way they are configured at the very end of the process changes based on whether you want a category or a number.","Classification predicts discrete, categorical labels; 2. Regression predicts continuous, numerical values; 3. Classification seeks to define a decision boundary between classes; 4. Regression seeks to find a trend line that best represents the data points; 5. Classification deals with qualitative outcomes like ""Spam"" vs ""Inbox""; 6. Regression deals with quantitative outcomes like ""Price"" or ""Temperature""; 7. Evaluation for classification uses accuracy-based metrics, while regression uses error-based metrics."
T008,2-e,e) Explain Knowledge Representation in detail,5,"In Artificial Intelligence, Knowledge Representation (KR) is the field dedicated to representing information about the world in a form that a computer system can utilize to solve complex tasks. It is not just about storing data; it is about storing it in a way that allows the machine to process, reason, and draw new conclusions from it.
+1

The Core Components of KR
Knowledge representation bridges the gap between human intelligence and machine computation. It requires three main elements:

Information: The raw facts or data about the domain.

Logic: The rules that define how the facts relate to each other.

Ontology: A framework that defines the types, properties, and relationships of the entities that exist in the domain.

Types of Knowledge
To represent knowledge effectively, we must categorize what the AI knows:

Declarative Knowledge: Statements of fact (e.g., ""The Earth is round""). It describes ""what"" something is.
+1

Procedural Knowledge: Information about how to perform a task (e.g., ""To bake a cake, first crack the eggs""). It describes ""how"" to do something.
+1

Heuristic Knowledge: ""Rules of thumb"" or expert guesses that help in decision-making based on previous experience.

Relational Knowledge: Information that describes relationships between objects (e.g., ""Alice is the mother of Bob"").

Common Techniques of Knowledge Representation
There are four primary ways knowledge is structured in AI systems:

1. Logical Representation
This is the most formal method, using mathematical logic to represent facts. The most common forms are Propositional Logic (simple true/false statements) and First-Order Logic (which uses predicates and quantifiers like ""all"" or ""some"").

Example: If ""All humans are mortal"" and ""Socrates is human,"" the system can infer ""Socrates is mortal.""

2. Semantic Networks
This represents knowledge as a graph. Nodes represent objects or concepts, and Edges (links) represent the relationships between them. This is very intuitive because it mimics how humans associate ideas.
+1

Example: A node for ""Bird"" connected by an ""is-a"" link to a node for ""Animal.""

3. Frame Representation
Frames are record-like structures used to represent stereotypical situations. A frame consists of slots (attributes) and fillers (values). It is similar to an ""Object"" in object-oriented programming.

Example: A ""Car"" frame might have slots for ""Wheels"" (Value: 4), ""Engine"" (Value: Electric), and ""Color"" (Value: White).

4. Production Rules
This is the most common form in Expert Systems. It uses a set of ""IF-THEN"" rules.

Example: IF ""the engine does not start"" AND ""the battery light is on,"" THEN ""check the alternator.""","Knowledge Representation allows AI to store and process information for reasoning; 2. Declarative knowledge focuses on facts, while procedural knowledge focuses on actions; 3. Logical representation uses formal math to ensure precise reasoning and consistency; 4. Semantic networks use nodes and links to map relationships between concepts"
T008,2-f,"f) Compare AI, ML and Deep learning with examples",5,"While the terms AI, ML, and Deep Learning are often used interchangeably, they represent a hierarchy of technologies where each is a specific subset of the one above it. AI is the broad vision, ML is the set of techniques to achieve it, and Deep Learning is a specialized, high-powered version of ML.

1. Artificial Intelligence (AI): The Broadest Concept
Artificial Intelligence is the wide-ranging branch of computer science concerned with building smart machines capable of performing tasks that typically require human intelligence. This includes everything from simple ""IF-THEN"" rules to complex systems that can reason and solve problems.

How it works: AI can be pre-programmed by humans with specific rules, or it can learn from data. It doesn't necessarily have to ""learn"" on its own to be considered AI.

Example: A chess-playing computer program from the 1990s that follows a massive set of hard-coded rules to decide its next move.

2. Machine Learning (ML): The Subset that Learns
Machine Learning is a subset of AI that focuses on the idea that machines can be given access to data and learn for themselves. Instead of a human programmer writing a specific code for every possible scenario, the machine uses algorithms to find patterns in the data and make predictions.

How it works: You feed the algorithm thousands of examples, and it identifies the statistical patterns. As it is exposed to more data, its performance improves over time.

Example: An email spam filter. You don't program it to look for specific words; instead, you show it thousands of emails labeled ""spam"" and ""not spam,"" and it learns to identify the characteristics of a junk email on its own.

3. Deep Learning (DL): The Specialized Subset
Deep Learning is a specialized subset of Machine Learning that is based on Artificial Neural Networks. It is called ""Deep"" because these networks have many layers (depth) through which the data is processed. This is currently the most advanced form of AI, responsible for most modern breakthroughs.

How it works: DL models can automatically discover the features needed for classification, whereas standard ML often requires a human to tell the model which features are important. It requires massive amounts of data and significant computing power (GPUs).

Example: Facial recognition on your smartphone. The model processes the image through dozens of layers to identify edges, then shapes, then facial features, and finally the specific identity of the person, all without a human telling it what a ""nose"" or an ""eye"" looks like.","AI is the overarching field of creating machines that mimic human intelligence; 2. Machine Learning is a subset of AI that learns from data without being explicitly programmed; 3. Deep Learning is a subset of ML that uses multi-layered neural networks; 4. AI can include simple rule-based systems, while ML and DL must involve data; 5. ML often requires human-guided feature engineering, but DL automates this process; 6. DL requires significantly more data and computational power than standard ML; 7. Examples range from basic rule-based chess (AI) to spam filters (ML) and face ID (DL)."
T008,2-g,g) Differentiate between CNN and RNN,5,"While both Convolutional Neural Networks (CNNs) and Recurrent Neural Networks (RNNs) are types of Deep Learning architectures, they are designed to process completely different types of data structures. CNNs are primarily used for spatial data (like images), while RNNs are designed for sequential data (like text or speech).1. Convolutional Neural Networks (CNN)CNNs are designed to recognize patterns in data that has a grid-like structure. They use a mathematical operation called ""convolution"" to scan an input and identify features like edges, textures, and eventually complex objects.Data Type: Spatial data, such as images and videos.Architecture: They use ""filters"" (kernels) that move across the input. Importantly, CNNs consider only the current input and do not have a memory of what they saw previously.Key Advantage: They are ""translation invariant,"" meaning they can recognize an object (like a cat) regardless of where it is located in the frame.Example: Identifying a tumor in an X-ray or recognizing a stop sign for a self-driving car.2. Recurrent Neural Networks (RNN)RNNs are designed for data where the order of the information matters. Unlike CNNs, RNNs have a ""memory"" because they take information from the previous step and use it as an input for the current step. This makes them ideal for time-series or language data.Data Type: Sequential data, such as text, audio, and stock market trends.Architecture: They contain loops that allow information to persist. The output of a hidden layer is fed back into itself along with the next piece of data in the sequence.Key Advantage: They can handle inputs of varying lengths and understand context (e.g., the meaning of a word based on the words that came before it).Example: Translating a sentence from English to French or predicting the next word in a text message.3. Key DifferencesProcessing Direction: CNNs typically process data in a feed-forward manner (input to output). RNNs process data in a cycle, feeding the output of one step back into the input of the next.Input Structure: CNNs expect fixed-sized inputs (like a $224 \times 224$ pixel image). RNNs can handle arbitrary lengths of input (like a short sentence or a long paragraph).Weight Sharing: CNNs share weights across different spatial regions of an image. RNNs share the same weights across every step in the time sequence.Connectivity: CNNs use ""local"" connectivity (looking at small patches of an image at a time), while RNNs use ""temporal"" connectivity (linking the present to the past).","CNNs are optimized for spatial data like images, whereas RNNs are for sequential data like text; 2. CNNs use convolutional filters to extract features; RNNs use feedback loops to maintain memory; 3. CNNs do not have a memory of previous inputs; RNNs rely on past information to process current data; 4. CNNs are generally used for computer vision; RNNs are used for Natural Language Processing (NLP); 5. CNNs handle fixed-size inputs, while RNNs can manage variable-length sequences; 6. In CNNs, the output depends only on the current input; in RNNs, it depends on current and prior inputs; 7. Common CNN variations include ResNet/VGG; common RNN variations include LSTM/GRU."
T008,3-a,a) Define Search Algorithmsin AI (7),3,"In Artificial Intelligence, a Search Algorithm is a step-by-step procedure used to find a solution to a problem by exploring a space of possible states. These algorithms are the ""engine"" behind AI tasks like pathfinding in Google Maps, playing games like Chess, or solving puzzles.

A search problem typically consists of a State Space (all possible configurations), an Initial State, a Goal State, and a set of Actions to transition between states.

1. Categorization of Search Algorithms
Search algorithms are generally divided into two main categories based on whether they have extra information about the goal:

Uninformed Search (Blind Search): These algorithms have no information about the distance or cost from the current state to the goal. They explore the state space systematically. Examples include Breadth-First Search (BFS) and Depth-First Search (DFS).

Informed Search (Heuristic Search): These algorithms use ""hints"" or Heuristics to estimate how close a state is to the goal. This allows them to search more efficiently by focusing on the most promising paths. Examples include A* Search and Greedy Best-First Search.

2. Key Characteristics
To evaluate how well a search algorithm performs, we look at four main criteria:

Completeness: Does the algorithm guarantee a solution if one exists?

Optimality: Does it find the best (lowest cost) solution?

Time Complexity: How long does it take to find the solution?

Space Complexity: How much memory is required during the search?

3. Common Search Algorithms
Breadth-First Search (BFS): Explores all nodes at the current depth level before moving to the next. It is complete and optimal if all step costs are equal.

Depth-First Search (DFS): Follows one path as deep as possible before backtracking. It uses less memory than BFS but is not guaranteed to find the shortest path.

A Search (A-Star):* The most popular informed search. It combines the cost to reach a node and the estimated cost to the goal to find the optimal path efficiently.","Search algorithms explore a state space to find a path from an initial state to a goal; 2. Uninformed search algorithms explore the space blindly without knowing the distance to the goal; 3. Informed search algorithms use heuristics to prioritize paths that look closer to the goal; 4. BFS is a systematic approach that explores level by level and is optimal for uniform costs; 5. DFS explores deeply into a branch before backtracking, making it memory-efficient; 6. Performance is measured by completeness, optimality, time complexity, and space complexity; 7. A* Search is a highly efficient informed algorithm used widely in navigation and robotics."
T008,3-b,b) What is Intelligent Agent (8),3,"In Artificial Intelligence, an Intelligent Agent is an autonomous entity that perceives its environment through sensors and acts upon that environment through actuators to achieve specific goals. An agent is not just a piece of software; it is a system capable of ""rational"" action—meaning it acts to achieve the best possible outcome based on what it perceives.

1. The Sensor-Actuator Cycle
The fundamental operation of an intelligent agent is a continuous loop often called the Perception-Action Cycle:

Sensors: These are the inputs the agent uses to ""see"" or ""hear"" the environment. For a robot, these are cameras and microphones; for a software agent, these are data inputs or network signals.

Effectors/Actuators: These are the tools the agent uses to change the environment. A robot uses wheels or robotic arms; a software agent might display text or execute a trade in the stock market.

Environment: The external world where the agent operates.

2. The Concept of Rationality
An agent is considered Rational if it does the ""right thing."" This is measured by a Performance Measure, which defines the criteria for success. A rational agent uses its internal logic and its Percept Sequence (the history of everything it has perceived so far) to select an action that maximizes its expected performance.

3. Types of Intelligent Agents
Agents are categorized based on their complexity and the way they process information:

Simple Reflex Agents: These act only on the basis of the current percept, ignoring the rest of the percept history. They follow ""if-then"" rules.

Model-Based Reflex Agents: These maintain an internal state (a ""model"") to keep track of parts of the world they cannot see right now. This allows them to handle partially observable environments.

Goal-Based Agents: These have information about desirable situations (goals) and choose actions that lead toward those goals.

Utility-Based Agents: These go beyond simple goals and use a ""utility function"" to measure how ""happy"" or ""satisfied"" a certain state makes them. This is useful when there are multiple ways to reach a goal and one is better than others.

Learning Agents: These can operate in unknown environments and become more competent over time by learning from their experiences.

4. Examples of Intelligent Agents
Automated Vacuum (Roomba): Perceives the floor via sensors, processes the layout, and acts by moving and sucking up dirt.

Siri or Alexa: Perceives voice commands (sensors), processes natural language, and acts by providing information or controlling smart home devices (actuators).

Autonomous Vehicle: Perceives the road via LIDAR and cameras, processes traffic rules and obstacles, and acts by steering or braking.","An intelligent agent is an autonomous entity that perceives and acts upon an environment; 2. Sensors are used for perception, while actuators are used to perform actions; 3. Rationality is the ability to choose actions that maximize a performance measure; 4. Simple reflex agents act based on fixed rules for the immediate present; 5. Model-based agents track history to understand parts of the environment not currently visible; 6. Utility-based agents use a scoring system to choose the best possible path among many; 7. Learning agents improve their behavior over time through experience and feedback"
T008,3-c,c) Write 5 application of AI (5),3,"Artificial Intelligence has transitioned from a theoretical concept to a practical tool that powers many of the services we use daily. Here are five significant applications of AI across various industries:

1. Healthcare and Medical Diagnosis
AI is revolutionizing healthcare by assisting doctors in diagnosing diseases more accurately and faster than traditional methods. Machine Learning models can scan medical images like X-rays, MRIs, and CT scans to detect anomalies such as tumors or fractures. Additionally, AI-driven systems are used in drug discovery to predict how different chemical compounds will react, significantly shortening the time required to bring new medicines to market.

2. Autonomous Vehicles and Transportation
Self-driving cars are perhaps the most visible application of AI. These vehicles use a combination of Computer Vision, sensors (LIDAR and Radar), and Deep Learning to perceive their surroundings, detect pedestrians, recognize traffic signals, and make split-second driving decisions. AI is also used in logistics to optimize delivery routes, reducing fuel consumption and improving efficiency.

3. Personal Assistants and Natural Language Processing (NLP)
Virtual assistants like Siri, Alexa, and Google Assistant use AI to understand and respond to human speech. Through Natural Language Processing, these agents can interpret intent, answer questions, set reminders, and control smart home devices. Similar technology powers real-time language translation apps and AI chatbots used in customer service.

4. E-commerce and Recommendation Systems
Platforms like Amazon, Netflix, and YouTube use AI algorithms to analyze your past behavior—such as items purchased, videos watched, or searches made—to predict what you might like next. These recommendation engines are highly effective at personalizing the user experience, leading to higher engagement and sales.

5. Finance and Fraud Detection
The banking and finance industry relies heavily on AI to maintain security. AI systems monitor millions of transactions in real-time to identify patterns that suggest fraudulent activity (such as a credit card being used in two different countries at the same time). AI is also used in ""Algorithmic Trading,"" where computers execute trades at speeds and frequencies impossible for a human to match.",Healthcare uses AI for faster diagnosis and pharmaceutical research; 2. Autonomous vehicles rely on computer vision and sensors to navigate safely; 3. NLP powers virtual assistants and real-time language translation; 4. Recommendation engines personalize digital experiences in retail and entertainment; 5. AI enhances financial security by detecting fraudulent transactions in real-time.
T009,A-1,"Q1 . Define machine learning , Explain any 5 applications of ML ?",5,"Machine Learning (ML) is a specialized branch of Artificial Intelligence that enables computers to learn from data and improve their performance without being explicitly programmed for every specific task. Rather than following a fixed set of rules, ML algorithms build mathematical models based on ""training data"" to make predictions or decisions. Essentially, it is the process of turning raw data into actionable intelligence through pattern recognition.

5 Applications of Machine Learning
Healthcare (Medical Imaging): ML models analyze X-rays, CT scans, and MRIs to detect early-stage tumors or cardiovascular issues, often outperforming human specialists in speed and consistency.

Finance (Fraud Detection): Banks use ML to analyze transaction patterns. If a credit card is used in an unusual location or for an atypical amount, the system automatically flags it as a potential fraud attempt.

E-commerce (Recommendation Engines): Platforms like Amazon and Netflix use collaborative filtering to suggest products or movies by comparing your past behavior with millions of other users.

Natural Language Processing (Virtual Assistants): Tools like Siri and Alexa use ML to convert speech to text, understand intent, and provide context-aware answers, learning from your voice over time.

Autonomous Vehicles (Self-Driving Cars): ML algorithms process real-time feeds from cameras and LiDAR sensors to identify pedestrians, traffic lights, and obstacles to ensure safe navigation.","Automated Learning, Pattern Recognition, Data-Driven Decisions, Feature Extraction, Scalability, Predictive Modeling, Iterative Improvement, Training Data."
T009,A-2,Q2 .What do you mean by supervised and unsupervised learning ? give one example of each.,5,"Machine Learning is primarily divided into two categories based on how the model learns from the provided dataset: Supervised and Unsupervised learning.

1. Supervised Learning
In Supervised Learning, the model is trained on a labeled dataset. This means that for every input provided during the training phase, the corresponding correct output (label) is already known. The algorithm functions like a student learning under the supervision of a teacher. The goal is to learn a mapping function so that the model can accurately predict the output for new, unseen data.
+2

Sub-types: It is further divided into Classification (predicting a category) and Regression (predicting a continuous value).

Example: Email Spam Detection. The model is fed thousands of emails labeled as either ""Spam"" or ""Not Spam."" By analyzing the features (keywords, sender info), the model learns to classify future incoming emails into the correct folder.

2. Unsupervised Learning
In Unsupervised Learning, the model is trained using unlabeled data. The system does not have a ""teacher"" or an answer key; instead, it must look at the input data and find hidden patterns, structures, or relationships on its own. It groups data based on inherent similarities without any prior knowledge of what those groups represent.
+2

Sub-types: It is commonly used for Clustering (grouping similar items) and Association (finding rules that link variables).

Example: Customer Segmentation. A retail company provides a model with raw purchase data from millions of customers. The model identifies patterns and groups customers into ""High Spenders,"" ""Discount Seekers,"" or ""Impulse Buyers"" based on their behavior, without being told these categories exist beforehand.","Labeled Data, Unlabeled Data, Mapping Function, Pattern Discovery, Classification, Clustering, Answer Key, Hidden Structures, Feedback Loop."
T009,A-3,"Q3 . what is Principle component analysis , why it is used ?",5,"Principal Component Analysis (PCA) is a dimensionality reduction technique used to transform a large set of variables into a smaller one that still contains most of the information in the original set. It simplifies the complexity of high-dimensional data while preserving as much variance (information) as possible.+1Mathematically, PCA finds new, uncorrelated variables called Principal Components (PCs). The first principal component ($PC_1$) accounts for the largest possible variance in the data, and each succeeding component accounts for the remaining variance under the constraint that it is orthogonal (perpendicular) to the preceding components.+1Why is PCA used?Dimensionality Reduction: It reduces the number of features in a dataset, which simplifies the model and makes it easier to manage. This is particularly useful when dealing with hundreds or thousands of variables.Improving Model Performance: By removing redundant and highly correlated features (Multicollinearity), PCA helps machine learning algorithms run faster and perform more efficiently.Data Visualization: Humans cannot visualize data beyond three dimensions. PCA can compress high-dimensional data into 2D or 3D plots, allowing researchers to see clusters or patterns visually.Noise Reduction: Small variations in data are often just ""noise."" PCA focuses on the major components with the highest variance, effectively filtering out the less significant noise.+1Preventing Overfitting: By reducing the number of input features, PCA minimizes the risk of a model ""memorizing"" specific noise in the training data, leading to better generalization.","Dimensionality Reduction, Variance Maximization, Principal Components, Orthogonality, Eigenvalues, Eigenvectors, Multicollinearity, Feature Compression, Visualization."
T009,A-4,Q4. What are the steps of creating a ML model ?,5,"Building a Machine Learning model is an iterative lifecycle that transforms raw data into a predictive tool. The process follows a structured pipeline to ensure the model is accurate and reliable.

The 7 Core Steps
1. Data Collection
The first step is gathering high-quality data relevant to the problem. Data can be collected from various sources like databases, sensors, web scraping, or CSV files. The quantity and quality of data directly determine the model's success.

2. Data Preprocessing (Data Cleaning)
Raw data is often ""messy."" This step involves:

Handling Missing Values: Filling in or removing empty data points.

Noise Reduction: Removing outliers.

Data Normalization: Scaling features (e.g., age and salary) to a similar range so one doesn't dominate the other.

3. Feature Selection & Engineering
This involves selecting the most important variables that influence the outcome and creating new features from existing ones to improve accuracy. For example, converting a ""Timestamp"" into ""Day of the Week.""

4. Splitting the Dataset
The data is divided into two sets:

Training Set: Used to train the model (usually 70-80%).

Testing Set: A ""blind test"" used to evaluate how the model performs on unseen data (usually 20-30%).

5. Choosing and Training the Model
You select an algorithm (like SVM, Random Forest, or Linear Regression) based on the problem type. During training, the algorithm ""learns"" by adjusting its internal parameters to minimize errors.6. Model Evaluation
The model’s performance is measured using the testing set. Metrics such as Accuracy, Precision, Recall, or Mean Squared Error are used to check if the model meets the required standards.

7. Hyperparameter Tuning & Deployment
If the results aren't satisfactory, we fine-tune the settings (hyperparameters) to boost performance. Once optimized, the model is deployed into a real-world environment to make live predictions.",
T009,A-5,"Q5 .What is overfitting and underfitting , Give examples of it.",5,"In machine learning, the goal is to create a model that generalizes well to new data. Overfitting and Underfitting are the two primary reasons a model might perform poorly.

1. Underfitting
Underfitting occurs when a model is too simple to capture the underlying patterns in the data. It happens when the model has High Bias. An underfitted model performs poorly on both the training data and the testing data.

Analogy: Like a student who refuses to study and only guesses ""C"" for every multiple-choice question. They fail the practice test and the final exam.

Example: Using a Linear Regression model (a straight line) to predict data that clearly follows a complex curve (like a wave).

2. Overfitting
Overfitting occurs when a model is too complex and learns the ""noise"" or random fluctuations in the training data as if they were actual patterns. It happens when the model has High Variance. An overfitted model performs exceptionally well on training data but fails miserably on new, unseen testing data.

Analogy: Like a student who memorizes the exact answers to a specific practice test. They get 100% on the practice, but when the actual exam has slightly different questions, they fail.

Example: A Decision Tree that is allowed to grow too deep, creating a unique rule for every single data point in the training set.

3. The ""Good Fit"" (Ideal Model)
The ideal model finds the ""sweet spot"" where it learns the general trend without being distracted by noise. This is known as the Bias-Variance Tradeoff.","High Bias, High Variance, Model Complexity, Generalization, Training Error, Testing Error, Noise vs. Signal, Bias-Variance Tradeoff, Regularization."
T009,A-6,Q6 . what is K-means clustering ? write importance of it .,5,"K-Means Clustering is one of the most popular unsupervised machine learning algorithms used for grouping data points into a predefined number of clusters ($K$). The algorithm works on the principle of Centroids, where each cluster is represented by a center point. It assigns data points to the nearest cluster based on their distance (usually Euclidean distance) to these centroids.+2How it Works (The Process)Initialization: Choose the number of clusters ($K$) and randomly place $K$ centroids in the data space.Assignment: Assign each data point to the closest centroid.Update: Calculate the mean of all points in a cluster and move the centroid to this new mean position.Repeat: Steps 2 and 3 are repeated until the centroids stop moving (convergence).Importance of K-Means ClusteringScalability: K-Means is computationally efficient and can handle large datasets with thousands or millions of points relatively quickly.Ease of Implementation: The algorithm is mathematically simple and easy to interpret, making it a ""go-to"" choice for initial data exploration.Market Segmentation: It is highly important in business for grouping customers with similar buying habits, allowing companies to create targeted marketing strategies.Image Compression: K-Means is used in digital image processing to reduce the number of colors in an image by clustering similar pixel colors together, which saves storage space.Anomaly Detection: It helps identify outliers. If a data point is very far from any cluster centroid, it can be flagged as an unusual or suspicious entry (e.g., in insurance fraud detection).+1Pre-processing Step: It is often used to group data before applying other algorithms, helping to simplify complex datasets.","Unsupervised Learning, Centroids, Euclidean Distance, Convergence, Iterative Process, $K$ Value, Intra-cluster Similarity, Dimensionality Reduction, Elbow Method."
T009,B-1,"Q1. Define the term bias and variance , Elaborate on bias variance trade off.",5,"In machine learning, Bias and Variance are the two main sources of error that affect a model's ability to generalize. Understanding the relationship between them is critical for building accurate models.

1. What is Bias?
Bias is the error introduced by approximating a real-world problem (which may be complex) with a simplified model.

High Bias: Occurs when the model is too simple (e.g., using a linear model for non-linear data). This leads to Underfitting, where the model misses significant patterns in the training data.
+1

Result: High training error and high testing error.

2. What is Variance?
Variance is the error introduced by the model's sensitivity to small fluctuations in the training dataset.

High Variance: Occurs when the model is overly complex (e.g., a high-degree polynomial). The model ""memorizes"" the noise and random outliers in the training data rather than the actual trend. This leads to Overfitting.

Result: Low training error but very high testing error.

3. The Bias-Variance Trade-off
The Bias-Variance Trade-off is the challenge of simultaneously minimizing both types of error.

As we increase model complexity (adding more features or depth), Bias decreases because the model fits the training data better, but Variance increases because the model becomes too sensitive to that specific data.

Conversely, if we decrease complexity, Variance drops, but Bias rises as the model becomes too ""rigid.""

The Goal: The ""sweet spot"" is the point where the Total Error (Bias² + Variance + Irreducible Noise) is at its lowest. This represents a model that has learned the general patterns without being distracted by noise.

The Bulls-eye Diagram Analogy
Low Bias, Low Variance: Hits the bullseye consistently (Ideal).

High Bias, Low Variance: Hits consistently in the wrong spot (Consistent but inaccurate).

Low Bias, High Variance: Hits around the bullseye but scattered (Inaccurate and inconsistent).

High Bias, High Variance: Hits scattered in the wrong spot (Worst case).","Prediction Error, Model Complexity, Underfitting, Overfitting, Total Error, Generalization, Sensitivity, Noise vs. Signal, Trade-off Optimization."
T009,B-2,Q2. What is Regression ? explain its types in detail.,5,"Regression is a form of supervised machine learning used to predict a continuous numerical value (dependent variable) based on one or more independent predictor variables. Unlike classification, which predicts a ""category,"" regression answers ""How much?"" or ""How many?"" questions.Types of Regression in Detail1. Simple Linear RegressionThis is the most basic form where there is only one independent variable $(x)$ and one dependent variable $(y)$. The relationship is represented by a straight line.+1Equation: $y = mx + c$Example: Predicting a person’s weight based solely on their height.2. Multiple Linear RegressionThis is an extension of simple linear regression where two or more independent variables are used to predict the outcome.Example: Predicting the price of a house based on its square footage, number of bedrooms, and the age of the building.3. Polynomial RegressionWhen the relationship between variables is not a straight line but a curve, polynomial regression is used. It transforms the original variables into higher-degree polynomials (square, cube, etc.).Use Case: Predicting the growth rate of a crop, which might increase rapidly then level off.4. Logistic Regression (Special Case)Despite the name, this is used for classification. It predicts the probability of an event belonging to a specific class (e.g., Yes/No). It uses a ""Sigmoid Function"" to map any value into a range between 0 and 1.Example: Predicting whether a customer will ""Churn"" (Leave) or ""Stay"" based on their usage patterns.5. Ridge and Lasso RegressionThese are ""Regularized"" versions of linear regression. They are used to prevent overfitting by adding a penalty to the size of the coefficients.Ridge: Keeps all variables but reduces their impact.Lasso: Can reduce some variable coefficients to zero, effectively performing feature selection.Why is Regression Important?Forecasting: Predicting future trends (e.g., stock market or weather).Determining Predictor Strength: Identifying which factors (like marketing vs. price) have the biggest impact on sales.Risk Analysis: Assessing the probability of insurance claims or credit defaults.","Continuous Variables, Dependent and Independent Variables, Line of Best Fit, Residuals (Errors), Multicollinearity, Correlation, Overfitting, Gradient Descent."
T009,B-3,Q3. What is Decision tree ? explain its steps to implement it,5,"A Decision Tree is a versatile supervised machine learning algorithm used for both Classification and Regression tasks. It uses a flowchart-like structure to make decisions based on data features. It mimics human decision-making by breaking down a complex dataset into smaller, manageable subsets based on specific conditions.

Core Structure
Root Node: The topmost node representing the entire dataset and the first split.

Internal Nodes: Represent a decision or test on a specific attribute.

Branches: The outcome of a decision (e.g., ""Yes"" or ""No"").

Leaf Nodes: The final output or class label; they do not split further.

Steps to Implement a Decision Tree
1. Data Preparation
Gather and clean the dataset. Unlike other algorithms, Decision Trees require minimal data scaling or normalization, but you must handle missing values and convert categorical data into numerical format if the specific library requires it.

2. Selecting the Best Split (Attribute Selection)
The algorithm must decide which feature to split on first. It uses mathematical criteria to find the feature that best separates the data:

Information Gain: Measures the reduction in Entropy (randomness).

Gini Impurity: Measures the likelihood of a random sample being incorrectly labeled.

3. Splitting the Data
Based on the selected attribute, the dataset is divided into subsets. This process creates branches leading to new internal nodes.

4. Recursive Branching
The splitting process is repeated for each child node. The algorithm continues to look for the best features to partition the data further into increasingly ""pure"" groups (where all samples in a group belong to the same class).

5. Setting Stopping Criteria
To prevent the tree from growing infinitely (which leads to overfitting), you must set limits:

Max Depth: Maximum levels the tree can grow.

Min Samples per Leaf: Minimum number of data points required to form a node.

6. Pruning (Post-Processing)
After the tree is built, ""Pruning"" is often performed to remove branches that provide little predictive power. This simplifies the model and improves Generalization.","Root Node, Leaf Node, Entropy, Information Gain, Gini Impurity, Recursive Partitioning, Pruning, Overfitting, Classification and Regression Trees (CART)."
T009,B-4,Q4. Differentiate between classification and regression,5,"In Supervised Learning, the primary goal is to predict an output based on input data. Depending on the nature of the output, the task is categorized as either Classification or Regression.
+1

Core Differences
1. Nature of the Output
Classification: Predicts a discrete class label or category. The output is qualitative. (e.g., ""Spam"" vs. ""Not Spam"", or ""Red"" vs. ""Blue"" vs. ""Green"").
+1

Regression: Predicts a continuous numerical value. The output is quantitative. (e.g., predicting a price, temperature, or weight).

2. Objective
Classification: The goal is to find a Decision Boundary that separates the data into distinct classes.

Regression: The goal is to find a Line of Best Fit (or curve) that passes as close as possible to all data points to model the relationship between variables.

3. Evaluation Metrics
Classification: Performance is measured using metrics like Accuracy, Precision, Recall, and the F1-Score.

Regression: Performance is measured by calculating the error between predicted and actual values using Mean Squared Error (MSE), Root Mean Squared Error (RMSE), or R-Squared.

4. Algorithms
Classification: Support Vector Machines (SVM), Naive Bayes, K-Nearest Neighbors (KNN), and Logistic Regression.

Regression: Linear Regression, Polynomial Regression, and Ridge/Lasso Regression.

Real-World Examples
Classification Example: A bank wants to know if a loan applicant will Default or Not Default. Since there are only two possible categories, this is a classification task.

Regression Example: A bank wants to predict the exact Credit Limit (e.g., $5,450) to offer a customer based on their income. Since the answer is a specific number on a continuous scale, this is a regression task","Discrete vs. Continuous, Decision Boundary, Line of Best Fit, Categorical Output, Numerical Output, Accuracy vs. MSE, Supervised Learning, Mapping Function."
T009,B-5,Q5.How deep learning is different from machine learning ? explain regularization in detail,5,"This question covers two critical areas: the structural evolution of AI and the techniques used to ensure model stability.

1. Deep Learning vs. Machine Learning
Machine Learning (ML) is a broad field where algorithms learn patterns from data. Deep Learning (DL) is a specialized subset of ML based on Artificial Neural Networks with many layers (hence ""deep"").2. Regularization in DetailRegularization is a technique used to prevent Overfitting by discouraging the learning of a model that is too complex. It adds a ""penalty"" term to the loss function to keep the model weights small.When a model has weights that are too large, it becomes overly sensitive to small fluctuations in the training data (noise). Regularization ensures the model stays simple and generalizes better to new data.+1Common Types of Regularization:L1 Regularization (Lasso):Adds a penalty equal to the absolute value of the magnitude of coefficients.Benefit: It can force some weight coefficients to become exactly zero. This effectively performs feature selection by removing unimportant variables.+1Formula Component: $+\lambda \sum |w|$L2 Regularization (Ridge):Adds a penalty equal to the square of the magnitude of coefficients.Benefit: It penalizes large weights more heavily but rarely makes them zero. It keeps all features but reduces their overall influence, making the model more robust.Formula Component: $+\lambda \sum w^2$Dropout (Specific to Deep Learning):During training, random neurons are ""turned off"" (ignored) in each iteration.Benefit: This prevents neurons from becoming overly dependent on each other, forcing the network to learn more robust, redundant representations of the data.","Subset of AI, Neural Networks, Feature Learning, Overfitting, Penalty Term, L1 (Lasso), L2 (Ridge), Dropout, Generalization, Complexity Control."
T010,A-1,"Q1. Define AI , What are Domains of Machine Learning.",8,"Artificial Intelligence (AI) is a broad field of computer science dedicated to creating systems capable of performing tasks that typically require human intelligence. These tasks include reasoning, problem-solving, understanding natural language, recognizing patterns, and perceiving environments. At its core, AI aims to simulate cognitive functions through algorithms and computational power, ranging from Narrow AI (designed for specific tasks like chess) to General AI (theoretical systems with human-like versatility).
+2

Domains of Machine Learning
Machine Learning is categorized into four primary domains based on the nature of the learning signal and the feedback received during training:

Supervised Learning:
The model learns from a labeled dataset, where every input is paired with the correct output. The goal is to learn a mapping function to predict labels for new data.
+1

Sub-domains: Classification (e.g., Image tagging) and Regression (e.g., House price prediction).

Unsupervised Learning:
The model works with unlabeled data and must discover hidden structures or patterns on its own. It is used when the ""right answer"" isn't known beforehand.
+1

Sub-domains: Clustering (grouping customers) and Association (identifying products frequently bought together).

Semi-Supervised Learning:
A hybrid approach that uses a small amount of labeled data combined with a large amount of unlabeled data. This is common in medical imaging where labeling by experts is expensive and time-consuming.
+1

Reinforcement Learning (RL):
The model (agent) learns by interacting with an environment. It receives ""rewards"" for correct actions and ""penalties"" for mistakes. It aims to maximize the cumulative reward over time.
+2

Applications: Robotics, game-playing (AlphaGo), and autonomous navigation.",
T010,A-2,"Q2. Explain Components of AI , Give One example of AI",8,"Artificial Intelligence is not a single technology but a combination of several interconnected components that allow a machine to sense, reason, act, and adapt. To function effectively, an AI system relies on the integration of data, algorithms, and computational power.

Core Components of AI
Learning (Machine Learning & Deep Learning):
This is the most critical component. It involves the ability of the system to improve its performance based on experience. Through algorithms, the system identifies patterns in data and adjusts its internal parameters to make better decisions over time.

Reasoning and Problem Solving:
AI systems use logical rules and search algorithms to navigate complex scenarios. Reasoning allows the AI to make sense of information and reach conclusions, such as a chess AI calculating the best move to win a game.

Perception (Sensing):
This component allows the AI to interact with the physical or digital world. Using sensors, cameras, and microphones, the AI ""perceives"" its environment. Common sub-fields include Computer Vision (interpreting images) and Speech Recognition (understanding audio).

Natural Language Processing (NLP):
This enables machines to understand, interpret, and generate human language. It bridges the gap between human communication and computer understanding, allowing for translation and sentiment analysis.

Motion and Manipulation (Robotics):
For AI systems with a physical presence, this component deals with movement. It involves spatial awareness and the ability to move objects precisely in a 3D environment, as seen in industrial warehouse robots.

Example: Autonomous Personal Assistants (e.g., Siri or Alexa)
A prime example of AI in daily life is the Virtual Assistant. It integrates almost all the components mentioned above:

Perception: It uses speech recognition to hear your voice.

NLP: It parses your sentence to understand the ""intent"" (e.g., setting an alarm vs. playing music).

Reasoning: It accesses your calendar or the internet to find the best answer to your query.

Learning: It learns your accent and preferred music choices over time to provide a personalized experience.",
T010,A-3,"Q3 . What is Regression and Classification , explain types of Regression.",8,"In Supervised Machine Learning, the objective is to build a model that maps input variables to an output based on labeled training data. Based on the nature of the target variable, supervised learning is bifurcated into two main categories: Classification and Regression.1. Classification vs. RegressionClassification: This is the process of predicting a discrete class label or category. The output is qualitative and belongs to a specific set of groups. For example, determining if an image is a ""Cat"" or a ""Dog,"" or if a credit card transaction is ""Fraudulent"" or ""Legit.""Regression: This is the process of predicting a continuous numerical value. The output is quantitative and represents a measurement on a scale. For example, predicting the ""Price"" of a house in dollars or the ""Temperature"" of a city in degrees.2. Types of Regression in DetailRegression analysis is used to understand the relationship between a dependent variable ($Y$) and one or more independent variables ($X$).A. Simple Linear Regression:
This is the simplest form where the relationship between one independent variable and one dependent variable is modeled using a straight line.Formula: $Y = \beta_0 + \beta_1X + \epsilon$Use Case: Predicting a student's marks based solely on the number of hours they studied.B. Multiple Linear Regression:
An extension of linear regression that uses two or more independent variables to predict the value of a single dependent variable.Use Case: Predicting house prices based on square footage, location, and the age of the house.C. Polynomial Regression:
When the relationship between the data points is non-linear and follows a curve, polynomial regression is used. It fits a non-linear model by squaring or cubing the independent variables.Use Case: Modeling the growth rate of bacteria over time, which often accelerates and then levels off.D. Logistic Regression:
Despite the name, this is a classification algorithm. It uses a ""Sigmoid Function"" to predict the probability of a binary outcome (0 or 1). It is listed under regression because it models probability as a continuous value before thresholding it into a class.Use Case: Predicting whether an email is spam (1) or not spam (0).E. Ridge and Lasso Regression:
These are advanced techniques used to prevent overfitting. They add a penalty term to the standard linear regression equation to keep the model weights small and improve generalization on new data.",
T010,A-4,Q4 . What is Intelligent Agent ? explain any 3 types of agent .,8,"An Intelligent Agent is an autonomous entity that perceives its environment through sensors, processes that information using its internal logic (the ""Agent Program""), and acts upon that environment through actuators to achieve specific goals. In AI, the relationship between these elements is often described as the Sense-Think-Act cycle. An agent is considered ""intelligent"" if it is rational—meaning it acts in a way that maximizes its performance measure based on its perceptions and knowledge.

Types of Intelligent Agents
AI agents are classified based on their degree of perceived intelligence and capability. Here are three prominent types:

1. Simple Reflex Agents
These are the most basic types of agents. They function purely on the basis of the current perception, ignoring the rest of the perceptual history. They follow Condition-Action rules (If-Then rules). If a specific condition is met, the agent triggers a predefined action.

Limitation: They only work if the environment is fully observable.

Example: A thermostat. If the ""Temperature > 25°C"" (Condition), then ""Turn on AC"" (Action).

2. Model-Based Reflex Agents
Unlike simple reflex agents, these agents maintain an internal state (a ""model"") that tracks parts of the world they cannot currently see. They keep track of the history of the environment to understand how the world evolves. This allows them to handle ""partially observable"" environments.

Capability: They can answer the question: ""How does the world work?""

Example: A self-driving car. Even if a pedestrian is temporarily hidden behind a parked truck, the car’s internal model ""remembers"" the pedestrian's last known position and trajectory to avoid a collision.

3. Goal-Based Agents
These agents act to achieve a specific goal or destination. They do not just react to conditions; they evaluate different sequences of actions to see which one leads to the desired outcome. This involves searching and planning, making them much more flexible than reflex agents.

Capability: They can change their behavior if the goal changes.

Example: A GPS navigation system. The goal is the destination. If a road is blocked, the agent doesn't just stop (like a reflex agent might); it recalculates a new path to ensure the goal is reached.",
T010,A-5,"Q5 . Explain Types of Search in AI , Explain Bidirectional Search in detail.",8,"Search algorithms are the backbone of problem-solving in Artificial Intelligence. They involve finding a sequence of actions that leads from an initial state to a goal state. In AI, search techniques are broadly classified into two categories: Uninformed (Blind) Search and Informed (Heuristic) Search.1. Types of Search AlgorithmsUninformed Search: These algorithms have no additional information about the goal node other than its definition. they explore the state space systematically.Examples: Breadth-First Search (BFS), Depth-First Search (DFS), and Uniform Cost Search.Informed Search: These algorithms use ""hints"" or Heuristics to estimate how close a current state is to the goal, making them more efficient.Examples: A* Search, Greedy Best-First Search.2. Bidirectional Search in DetailBidirectional Search is an efficient strategy that runs two simultaneous searches:Forward Search: Starts from the initial state and moves toward the goal.Backward Search: Starts from the goal state and moves toward the initial state.The search terminates when the two ""frontiers"" (the edges of the search areas) meet in the middle.Why use Bidirectional Search?
The main advantage is the reduction in time complexity. If the distance from the start to the goal is $d$, and the branching factor (average number of paths from each node) is $b$:A standard BFS takes $O(b^d)$ time.Bidirectional Search takes $O(b^{d/2} + b^{d/2})$, which is significantly faster for large search spaces.Implementation Requirements:Reversibility: The goal state must be known, and the actions must be reversible (you must be able to move ""backward"" from the goal).Intersection Check: The algorithm must constantly check if any node generated by the forward search has also been generated by the backward search.Advantages:Much faster than standard uninformed search strategies.Reduces the total number of nodes explored.Disadvantages:High Memory Consumption: It must store all nodes from both searches in memory to check for the intersection.Complexity: It is difficult to implement if the goal state is not specific (e.g., ""any state that satisfies X condition"").",
T010,B-1,Q1 .write a short note on belief networks,2,"A Belief Network (also known as a Bayesian Network) is a probabilistic graphical model that represents a set of variables and their conditional dependencies using a Directed Acyclic Graph (DAG).

Structure: Nodes represent random variables (events), and directed edges (arrows) represent causal relationships or dependencies.

Mechanism: It uses Bayesian Inference to calculate the probability of an event based on prior knowledge of related conditions.

Significance: They are highly effective for handling uncertainty in AI, such as in medical diagnosis or weather forecasting.",
T010,B-2,Q2 .write a short note on Artificial Neural network,2,"An Artificial Neural Network (ANN) is a computational model inspired by the structure and function of the human brain. It consists of interconnected processing units called neurons (or nodes) organized into layers: an input layer, one or more hidden layers, and an output layer.
+1

Mechanism: Each connection between neurons has an associated weight. The network ""learns"" by iteratively adjusting these weights based on errors found in its predictions.
+1

Significance: ANNs are the foundation of Deep Learning, enabling machines to solve complex non-linear problems like image recognition and natural language processing.",
T010,B-3,Q3. What is Naive bayes ?,2,"Naive Bayes is a popular supervised machine learning algorithm used primarily for classification tasks. It is based on the Bayes’ Theorem, which calculates the probability of a hypothesis given prior knowledge.The algorithm is called ""Naive"" because it assumes that all input features are independent of each other—meaning the presence of one feature does not affect another. Despite this oversimplification, it is incredibly fast and performs remarkably well on large datasets.Primary Use: Commonly used for text classification, such as Spam Detection or Sentiment Analysis.Formula: $P(A|B) = \frac{P(B|A) \cdot P(A)}{P(B)}$",
T010,B-4,Q4 . what is support vector machines,2,"Support Vector Machine (SVM) is a powerful supervised machine learning algorithm used for both classification and regression, though it is most commonly used for classification.The primary goal of SVM is to find the Optimal Hyperplane in an $n$-dimensional space that distinctly classifies data points.Mechanism: It maximizes the margin (the distance) between the data points of different classes. The specific data points that lie closest to the hyperplane and influence its position are called Support Vectors.+1Key Feature: Using a ""Kernel Trick,"" SVM can efficiently handle non-linear data by projecting it into a higher-dimensional space where it becomes linearly separable.",
T010,B-5,Q5 . what is Ensemble learning and its types,2,"Ensemble Learning is a machine learning technique that combines the predictions of multiple individual models (often called ""base learners"") to produce a single, more accurate, and robust result. The core idea is that a group of ""weak learners"" can come together to form a ""strong learner.""

Main Types of Ensemble Learning:
Bagging (Bootstrap Aggregating): Multiple versions of the same model are trained on different subsets of data. The final output is decided by averaging (for regression) or voting (for classification).

Example: Random Forest.

Boosting: Models are trained sequentially. Each new model attempts to correct the errors made by the previous model.

Example: AdaBoost, XGBoost.

Stacking: Different types of models (e.g., SVM, Decision Tree, KNN) are trained, and a ""meta-model"" is used to combine their outputs for the final prediction.",
T011,A-1,1. Define Machine Learning. What is a hypothesis in ML?,5,"Machine Learning (ML) is a subset of Artificial Intelligence that provides systems the ability to automatically learn and improve from experience without being explicitly programmed. It focuses on the development of computer programs that can access data and use it to learn for themselves. Essentially, instead of writing code to solve a specific problem, you provide data to an algorithm, which then builds its own logic to make predictions or decisions.What is a Hypothesis ($h$) in ML?In machine learning, a Hypothesis is a specific function or model that the algorithm believes captures the relationship between the input features ($x$) and the target output ($y$).The Concept: During the training phase, the algorithm explores a vast space of possible functions, known as the Hypothesis Space ($H$).The Goal: The algorithm’s task is to find the ""best"" hypothesis ($h$) that most accurately maps the inputs to the correct outputs.Mathematical Representation: It is often expressed as $h(x) = \hat{y}$, where $h$ is the model, $x$ is the input, and $\hat{y}$ is the predicted output.As the model receives more data and goes through more iterations, it refines its hypothesis to minimize errors, moving from a random guess to a highly accurate mapping.",
T011,A-2,2. Define lazy learning and eager learning. What is reinforcement learning?,5,"Machine Learning algorithms can be categorized by how they handle data during training and how they prepare for future predictions.

1. Lazy Learning vs. Eager Learning
Lazy Learning:
This approach delays the processing of training data until a query is received. The system does not build a generalized model in advance; instead, it simply stores the training data. When a prediction is needed, it searches through the stored data to find a match.
+2

Pros/Cons: Fast training but slow at testing/prediction. It requires high memory to store all data.
+1

Example: K-Nearest Neighbors (KNN) is a classic lazy learner.

Eager Learning:
Unlike lazy learners, eager learners process the training data immediately to build a generalized, persistent model (like a mathematical formula or a tree). Once the model is built, the training data can often be discarded.

Pros/Cons: Slow and computationally intensive training, but very fast at making predictions.

Example: Decision Trees and Neural Networks.

2. What is Reinforcement Learning (RL)?
Reinforcement Learning is a type of machine learning where an Agent learns to make decisions by performing actions in an Environment to maximize a cumulative Reward.

Unlike supervised learning, the agent is not told which action to take. Instead, it uses a process of trial and error. If an action leads to a positive outcome, the agent receives a reward; if it leads to a mistake, it receives a penalty. Over time, the agent develops a ""policy"" to choose the best actions for any given state.
+2

Applications: RL is widely used in robotics, game-playing AI (like AlphaGo), and autonomous vehicle navigation.",
T011,A-3,3. Describe different types of learning algorithms in ML,5,"Machine Learning algorithms are generally categorized based on how they learn and the type of feedback they receive during the training process. The four primary types are:

1. Supervised Learning
In this type, the algorithm learns from labeled data. The input data is paired with the correct output, and the model acts as a student learning under a teacher. The goal is to map inputs to outputs accurately so the model can predict labels for unseen data.

Sub-types: Classification (predicting categories) and Regression (predicting continuous numbers).

Examples: Linear Regression, Support Vector Machines (SVM).

2. Unsupervised Learning
Here, the algorithm deals with unlabeled data. There is no ""teacher"" or correct answer provided. The model must independently discover hidden patterns, structures, or groupings within the data.

Sub-types: Clustering (grouping similar items) and Association (finding rules that link variables).

Examples: K-Means Clustering, Principal Component Analysis (PCA).

3. Semi-Supervised Learning
This is a middle ground between supervised and unsupervised learning. It uses a small amount of labeled data and a large amount of unlabeled data. This is particularly useful when labeling data is expensive or time-consuming (e.g., medical images).

4. Reinforcement Learning (RL)
RL is about taking suitable action to maximize reward in a particular situation. It involves an Agent interacting with an Environment. The agent learns through trial and error, receiving rewards for correct moves and penalties for wrong ones.

Examples: Q-Learning, Deep Q-Networks (DQN).",
T011,A-4,"4. What are evaluation metrics in ML? Explain accuracy, precision, recall, and Fl-score.",5,"Evaluation metrics are quantitative measures used to assess the performance of a machine learning model. They help determine how well the model generalizes to new data and whether it meets the requirements of a specific task. For classification, these metrics are often derived from a Confusion Matrix.+21. AccuracyAccuracy is the ratio of correctly predicted observations to the total observations. It is the most intuitive performance measure.Formula: $\frac{TP + TN}{TP + TN + FP + FN}$When to use: It works best when the classes are balanced (e.g., equal numbers of ""Spam"" and ""Not Spam"").2. Precision (Specificity)Precision measures the accuracy of positive predictions. Out of all the instances the model predicted as positive, how many were actually positive?Formula: $\frac{TP}{TP + FP}$When to use: Use precision when the cost of a False Positive is high (e.g., marking a legitimate email as spam).3. Recall (Sensitivity)Recall measures the ability of a model to find all relevant cases within a dataset. Out of all the actual positive instances, how many did the model correctly identify?Formula: $\frac{TP}{TP + FN}$When to use: Use recall when the cost of a False Negative is high (e.g., failing to detect a disease like cancer).4. F1-ScoreThe F1-Score is the harmonic mean of Precision and Recall. It provides a single score that balances both metrics.Formula: $2 \cdot \frac{Precision \cdot Recall}{Precision + Recall}$When to use: This is the best metric for imbalanced datasets where you need a balance between finding all positives and ensuring those positives are correct.",
T011,A-5,5. Explain feature selection and dimensionality reduction.,5,"Both Feature Selection and Dimensionality Reduction are preprocessing techniques used to reduce the number of input variables in a dataset. This helps in simplifying models, reducing computational costs, and preventing overfitting.
+1

1. Feature Selection
Feature selection involves choosing a subset of the original features without transforming them. The goal is to keep the most relevant variables and discard the ""noisy"" or redundant ones.
+1

Methods:

Filter Methods: Use statistical measures (like Correlation or Chi-Square) to rank features.

Wrapper Methods: Use a specific algorithm (like a Decision Tree) to evaluate combinations of features.

Embedded Methods: Feature selection occurs during the model training process (e.g., Lasso Regression).

2. Dimensionality Reduction
Unlike feature selection, dimensionality reduction transforms the data from a high-dimensional space into a lower-dimensional space. It creates new variables (latent features) that are combinations of the original ones.
+1

Key Technique: Principal Component Analysis (PCA). It identifies the directions (principal components) along which the variation in the data is maximal.

Purpose: It compresses data while trying to retain as much information (variance) as possible.

Comparison Summary
Transformation: Feature selection keeps the original variables; dimensionality reduction changes them.

Interpretability: Feature selection is easier to interpret because the features remain the same (e.g., ""Age"" stays ""Age""). Dimensionality reduction creates ""Component 1,"" which is harder to link back to real-world variables.",
T011,B-1,"1. Discuss Naive Bayes algorithm in detail. Include assumptions, mathematical formulation, and example.",5,"Q1. Naive Bayes Algorithm in Detail (8 Marks)
The Naive Bayes algorithm is a classification technique based on the famous Bayes’ Theorem. It is widely used in machine learning because it is simple, fast, and highly effective for large-scale datasets, particularly in text-based applications.
+1

1. Core Assumptions
The algorithm is called ""Naive"" because it makes two massive simplifications that are rarely true in the real world, yet they make the math much faster:

Feature Independence: It assumes that every feature is completely independent of the others. For example, in a fruit classification task, an ""Apple"" might be identified by its color (red), shape (round), and diameter (3 inches). Naive Bayes assumes the red color has nothing to do with the round shape.

Equal Importance: It assumes that every feature contributes equally to the final prediction, regardless of how important it actually is.

2. Mathematical Formulation
The algorithm calculates the probability of a ""Category"" based on the ""Evidence"" provided by the features.

The Word-Friendly Formula:

Posterior Probability = (Likelihood × Prior Probability) / Evidence

In more detail:

Posterior Probability: The probability that an item belongs to a specific class (e.g., Is this email Spam?).

Likelihood: The probability of seeing these specific features given that the class is true.

Prior Probability: The original probability of the class occurring in the general population before looking at the data.

Evidence: The total probability of the features occurring across all classes.

3. Step-by-Step Example: Weather vs. Play
Suppose we want to predict if a match will be Played based on the Weather (Sunny).

Calculate Priors: Look at the history. If 9 out of 14 days were ""Played,"" the Prior Probability of Play is 9/14.

Calculate Likelihood: Look at only the ""Played"" days. If on 3 of those 9 days it was ""Sunny,"" the Likelihood is 3/9.

Calculate Evidence: Look at the whole dataset. If it was ""Sunny"" on 5 out of 14 total days, the Evidence is 5/14.

Final Prediction: Multiply the Likelihood by the Prior and divide by the Evidence. The model does this for both ""Play"" and ""No Play"" and chooses the one with the higher result.

4. Advantages and Applications
Efficiency: It is one of the fastest algorithms and works well with high-dimensional data.

Real-time Prediction: Because of its speed, it is perfect for real-time systems.

Applications: It is the ""gold standard"" for Spam Filtering, Sentiment Analysis (detecting happy/sad tones in text), and Document Categorization.",
T011,B-2,2. Explain the working of Artificial Neural Networks (ANNs) with architecture and learning process.,5,"Q2. Working of Artificial Neural Networks (ANNs) (8 Marks)
An Artificial Neural Network (ANN) is a computational model inspired by the biological neural networks in the human brain. It is designed to recognize patterns and solve complex problems by simulating the way neurons process information.
+1

1. Architecture of ANN
An ANN is composed of three primary layers of interconnected ""neurons"":

Input Layer: This layer receives the raw data from the external environment (e.g., pixel values of an image). No computation happens here; it simply passes the information forward.

Hidden Layers: These layers sit between the input and output. They perform the heavy lifting by extracting features and identifying patterns. A ""Deep"" Neural Network is simply an ANN with many hidden layers.
+2

Output Layer: This layer produces the final result, such as a ""Yes/No"" classification or a numerical prediction.

2. The Components of a Single Neuron
Each neuron in the network performs a mathematical operation:

Weights: Every input connection is assigned a weight, which represents its importance.

Summation Function: The neuron calculates the weighted sum of all incoming signals.

Activation Function: This function (like Sigmoid or ReLU) decides whether the neuron should ""fire"" (send a signal) to the next layer based on the weighted sum.

3. The Learning Process
The goal of the learning process is to adjust the weights so the network’s output matches the actual target as closely as possible. It follows these steps:

Step 1: Forward Propagation: Data enters the input layer and travels through the hidden layers. Each neuron processes the data and passes it forward until it reaches the output layer, where a prediction is made.
+1

Step 2: Error Calculation (Loss): The prediction is compared to the actual label. The difference between the predicted value and the actual value is called the ""Loss"" or ""Error.""

Step 3: Backward Propagation (Backprop): The error is sent backward through the network. The algorithm calculates how much each weight contributed to the error.

Step 4: Weight Update (Optimization): Using an optimizer (like Gradient Descent), the weights are adjusted slightly to reduce the error.

This cycle (Forward -> Error Check -> Backward -> Update) is repeated thousands of times over the entire dataset until the model becomes accurate.

4. Advantages
Non-linear Learning: Can learn complex relationships that straight-line models cannot.

Fault Tolerance: If one neuron fails, the rest of the network can often still function.

Parallel Processing: They can handle multiple tasks simultaneously.",
T011,B-3,"3. What are ensemble methods? Explain Bagging, Boosting, and Random Forest with examples.",5,"Ensemble Methods are techniques that create multiple models and then combine them to produce a single, superior prediction. The fundamental philosophy is that a group of diverse ""weak learners"" (models that perform slightly better than random guessing) can come together to form a ""strong learner."" This approach significantly improves accuracy and makes the model more robust against errors like noise and outliers.
+1

1. Bagging (Bootstrap Aggregating)
Bagging works by creating multiple versions of a model in parallel. It aims to reduce variance (overfitting).
+1

The Process: The algorithm takes multiple random samples from the training data (with replacement) and trains a separate model on each sample.

The Decision: For classification, it uses ""Voting"" (majority rules). For regression, it uses ""Averaging.""

Example: Imagine asking 10 different doctors to diagnose a patient. Each doctor looks at a slightly different set of symptoms, and the final diagnosis is decided by the majority vote.

2. Boosting
Boosting is a sequential process where each subsequent model attempts to correct the errors made by the previous ones. It aims to reduce bias (underfitting).

The Process: It starts by training a base model. The data points that were predicted incorrectly are given ""higher weight"" so the next model focuses more on them.
+1

The Decision: The final prediction is a weighted sum of all the models.

Example: A student taking a practice exam. After the first attempt, they identify the hard questions they got wrong and spend more time studying those specific topics before the next attempt.

3. Random Forest
Random Forest is the most famous example of the Bagging technique, specifically using Decision Trees.

The Process: It builds a ""forest"" of many decision trees. To ensure the trees are different from one another, it uses two levels of randomness:

Row Sampling: Each tree gets a random subset of data rows.

Feature Sampling: At each split in a tree, only a random subset of features (columns) is considered.

Example: Predicting if a person will default on a loan. One tree might look at ""Income,"" another at ""Credit Score,"" and a third at ""Employment History."" The forest combines all their insights to give a final verdict.
+1",
T011,B-4,4. Explain unsupervised learning algorithms like K-Means Clustering and Hierarchical Clustering.,5,"Unsupervised Learning is a type of machine learning where the algorithm is given data without any explicit labels or instructions. The goal is to discover hidden patterns or groupings within the data. The most common form of unsupervised learning is Clustering.+21. K-Means ClusteringK-Means is a partition-based clustering algorithm that groups data points into K number of clusters based on their similarity (distance).Working Process:Initialization: You choose the number of clusters ($K$) and randomly place $K$ ""centroids"" (center points) in the data space.Assignment: Each data point is assigned to the nearest centroid based on the distance (usually Euclidean distance).Update: The centroids are recalculated by taking the mean of all points assigned to that cluster.Repeat: Steps 2 and 3 are repeated until the centroids no longer move significantly.Key Advantage: It is very fast and efficient for large datasets.Limitation: You must specify the value of $K$ in advance, and it is sensitive to outliers.2. Hierarchical ClusteringHierarchical clustering builds a multi-level hierarchy of clusters rather than a single set of partitions. It is often visualized using a tree-like diagram called a Dendrogram.+1Types of Hierarchical Clustering:Agglomerative (Bottom-Up): Every data point starts as its own individual cluster. In each step, the two closest clusters are merged until only one giant cluster remains.+1Divisive (Top-Down): All data points start in one single cluster, which is then recursively split into smaller clusters until each point is its own cluster.Key Advantage: You don't need to pre-specify the number of clusters. You can decide the optimal number of clusters by ""cutting"" the dendrogram at the desired level.Limitation: It is computationally expensive and slow for very large datasets.3. Key DifferencesStructure: K-Means produces a ""flat"" grouping; Hierarchical produces a ""nested"" tree structure.Flexibility: K-Means requires $K$ to be defined first; Hierarchical allows you to choose the number of clusters after the algorithm runs.Efficiency: K-Means is better for large data; Hierarchical is better for smaller, more complex data structures.",
T011,B-5,5. Explain how Machine Learning is used in medical diagnosis or fraud detection.,5,"Machine Learning has transformed industries by enabling high-speed data analysis and pattern recognition that far exceeds human capability. Two of its most impactful applications are in Healthcare and Finance.

1. Machine Learning in Medical Diagnosis
In healthcare, ML acts as a ""second opinion"" for doctors, helping to identify diseases earlier and more accurately.

Medical Imaging: Convolutional Neural Networks (CNNs) are used to analyze X-rays, MRIs, and CT scans. They can detect anomalies like tumors, fractures, or pneumonia with high precision, often spotting patterns invisible to the human eye.
+1

Predictive Analytics: By analyzing a patient’s electronic health records (EHR), ML models can predict the likelihood of chronic conditions like diabetes or heart disease before symptoms appear.

Drug Discovery: ML models simulate chemical interactions to identify potential drug candidates, significantly shortening the time required to bring new medicines to market.

Case Example: Google’s AI models have demonstrated the ability to detect diabetic retinopathy (a leading cause of blindness) by analyzing retinal photos with accuracy levels comparable to ophthalmologists.

2. Machine Learning in Fraud Detection
In the financial sector, ML is the primary line of defense against identity theft and credit card fraud.

Pattern Recognition: Unlike traditional rule-based systems (e.g., ""flag any transaction over $5,000""), ML analyzes thousands of features like transaction location, time, frequency, and spending habits to build a unique profile for every user.

Anomaly Detection: When a transaction occurs that deviates significantly from a user’s established pattern—such as a sudden high-value purchase in a foreign country—the model flags it as a ""suspicious"" outlier in real-time.

Real-time Processing: Modern ML algorithms (like Random Forest or XGBoost) can process millions of transactions per second, deciding whether to ""Approve"" or ""Decline"" a payment in milliseconds.

Reducing False Positives: Advanced models are better at distinguishing between legitimate ""unusual"" behavior (like a user on vacation) and actual fraud, reducing the frustration of blocked cards for genuine customers.",
T011,B-6,6. Design an ML solution for predicting student performance or house prices.,5,"Designing a Machine Learning solution requires a structured workflow, moving from data collection to model deployment. Below is the design for a House Price Prediction system, which is a classic Regression problem.

1. Problem Definition
Objective: To predict the continuous numerical value (selling price) of a house based on various features.

Type of ML: Supervised Learning (Regression).

2. Data Collection (Input Features)
To build an accurate model, we need historical data containing:

Numerical Features: Square footage, number of bedrooms/bathrooms, age of the property, and distance to the city center.

Categorical Features: Neighborhood (location), type of flooring, and presence of a garage or swimming pool.

Target Variable (Label): The actual sale price of the house.

3. Data Preprocessing
This is the most critical step to ensure data quality:

Handling Missing Values: Fill in missing data (e.g., using the median for missing square footage).

Feature Encoding: Convert categorical data (like ""Neighborhood"") into numerical values using One-Hot Encoding.

Scaling: Normalize features (like ""Price"" and ""Area"") so that large numbers don't overwhelm smaller ones during training.

4. Model Selection
For house price prediction, we can evaluate multiple algorithms:

Linear Regression: A good baseline model to start with.

Decision Trees / Random Forest: Excellent for capturing non-linear relationships (e.g., a pool might add more value in a luxury area than in a budget area).

XGBoost: Often used for high accuracy in tabular data competitions.

5. Training and Evaluation
Splitting: Divide the dataset into Training data (80%) to teach the model and Testing data (20%) to evaluate it.

Metrics: Since this is regression, we use:

Mean Absolute Error (MAE): The average dollar amount the prediction is off by.

R-Squared: Indicates how well the model explains the variance in prices.

6. Deployment
Once the model is accurate, it is deployed as an API. A user enters their house details into a website, the data is sent to the model, and the model returns a predicted price in real-time.",
T011,B-7,7. Describe the Principal Component Analysis (PCA) algorithm. Explain each step involved and discuss how PCA helps in dimensionality reduction.,5,"Principal Component Analysis (PCA) is one of the most popular unsupervised machine learning algorithms used for Dimensionality Reduction. It transforms a large set of variables into a smaller one that still contains most of the information (variance) from the original large set.

1. How PCA Helps in Dimensionality Reduction
When a dataset has too many features (high dimensionality), it often leads to the ""Curse of Dimensionality,"" where models become slow, overfit easily, and are difficult to visualize. PCA solves this by:

Identifying the most important directions (axes) in the data.

Projecting the data onto these new axes, called Principal Components.

Reducing noise and redundancy by discarding the components that contribute very little to the overall variance.

2. Steps Involved in PCA
Standardization:
The first step is to standardize the range of the continuous initial variables. Since PCA is sensitive to the variance of the variables, features with larger ranges (e.g., ""Income"" in thousands vs. ""Age"" in tens) would dominate the results. Standardization ensures every feature contributes equally.

Covariance Matrix Computation:
The goal here is to understand how the variables of the input dataset are varying from the mean with respect to each other. A Covariance Matrix is calculated to identify correlations. If variables are highly correlated, they contain redundant information.

Calculating Eigenvectors and Eigenvalues:
This is the mathematical core of PCA.

Eigenvectors: These determine the directions of the new feature space (the Principal Components).

Eigenvalues: These determine the magnitude or the amount of variance explained by each Principal Component.

Feature Vector (Selecting Components):
We rank the eigenvalues from highest to lowest. The eigenvector with the highest eigenvalue is the First Principal Component (PC1)—it captures the most information. We decide how many components to keep (e.g., reducing 100 features down to the top 3).

Recasting the Data along Principal Components:
In the final step, the original data is reoriented from the original axes to the ones represented by the principal components. This results in a new, smaller dataset that represents the same information with fewer variables.",
T011,B-8,"8. Explain Gradient Descent and its variants â€” Batch, Stochastic, and Mini- Batch Gradient Descent. Include the mathematical formula and learning curve.",5,"Gradient Descent is an optimization algorithm used to minimize the ""Loss Function"" in machine learning models. It works by iteratively adjusting the model’s parameters (weights) to find the lowest point on a graph, which represents the minimum error.1. The Concept and FormulaImagine you are at the top of a mountain (high error) and want to reach the valley (minimum error) in thick fog. You feel the slope of the ground and take a step in the steepest downward direction.The Word-Friendly Formula:New Weight = Old Weight - (Learning Rate × Gradient)Gradient: The slope or direction of the error.Learning Rate ($\alpha$): The size of the step you take. If it is too large, you might overshoot the valley; if it is too small, it will take forever to reach the bottom.+12. Variants of Gradient DescentBatch Gradient Descent:This version calculates the error for the entire dataset before updating the weights.Pros: Stable convergence and a smooth learning curve.Cons: Very slow and memory-intensive for large datasets.Stochastic Gradient Descent (SGD):This version updates the weights after looking at each individual data point.Pros: Very fast and can help the model escape ""local minima"" due to its noisy updates.Cons: The learning curve is very jumpy (oscillates) and may never settle at the exact minimum.Mini-Batch Gradient Descent:This is a hybrid approach. It splits the data into small groups (batches) and updates the weights after processing each batch.Pros: It combines the stability of Batch and the speed of Stochastic. It is the standard choice for training Neural Networks.3. The Learning CurveA learning curve for Gradient Descent typically plots Loss (Error) on the Y-axis vs. Iterations (Time) on the X-axis.A healthy curve should show a steady downward slope that flattens out (converges) as the model reaches the minimum error.If the curve goes upward, the learning rate is likely too high.",
T011,B-9,"9. Explain the concept of Reinforcement Learning (RL). Discuss Markov Decision Processes (MDP), Q-learning, and the explorationâ€”exploitation dilemma.",5,"Reinforcement Learning (RL) is a branch of machine learning where an Agent learns to make decisions by interacting with an Environment. Unlike supervised learning (which uses a ""teacher""), RL uses a ""critic"" in the form of rewards or penalties. The goal is to maximize the total cumulative reward over time.+21. Markov Decision Process (MDP)MDP is the mathematical framework used to describe the RL environment. It consists of four main components:States ($S$): A set of all possible situations the agent can be in.Actions ($A$): All possible moves the agent can make.Transition Probability ($P$): The likelihood of moving from one state to another after an action.Reward ($R$): The immediate feedback received after a transition.In an MDP, the ""Markov Property"" assumes that the future depends only on the current state, not the entire history of past events.2. The Exploration-Exploitation DilemmaThis is a fundamental challenge in RL. The agent must find a balance between:Exploitation: Choosing the best-known action to get a high reward based on current knowledge (playing it safe).Exploration: Trying new, unknown actions to see if they lead to even better rewards in the long run (taking a risk).Example: If you always go to your favorite restaurant, you are exploiting. If you try a new cafe, you are exploring—you might have a bad meal, or you might find a new favorite.3. Q-Learning (Off-Policy Learning)Q-Learning is a popular RL algorithm used to find the best action to take in a given state. It uses a Q-Table to store ""Q-values,"" which represent the quality or long-term reward of a specific action in a specific state.+1The Word-Friendly Formula:New Q-Value = Old Q-Value + Learning Rate × (Reward + Discount Factor × Max Future Reward - Old Q-Value)Discount Factor: Determines how much the agent cares about future rewards versus immediate ones.Process: The agent starts with a Q-table of zeros. As it explores, it updates these values based on the rewards it receives. Eventually, it follows the path with the highest Q-values.+14. ApplicationsGaming: Training AI to play chess or video games (e.g., AlphaGo).Robotics: Teaching a robot to walk or pick up objects through trial and error.Finance: Algorithmic trading where the ""reward"" is profit.",
T012,A-1,"1. Explain the Random Forest algorithm in detail. Describe its working,advantages, and disadvantages.",8,"Random Forest is one of the most powerful and versatile supervised machine learning algorithms. It is an Ensemble Learning method that builds a ""forest"" of multiple Decision Trees and combines their outputs to reach a single, more accurate result. It can be used for both Classification (predicting a category) and Regression (predicting a number).
+2

1. How It Works
The ""Random"" in Random Forest comes from two levels of randomness that ensure the individual trees are diverse:

Bagging (Bootstrap Aggregating): The algorithm creates multiple subsets of the training data by selecting rows at random with replacement. Each tree is trained on a different subset.
+1

Feature Randomness: When splitting a node in a tree, the algorithm does not look at all available features. Instead, it selects a random subset of features (e.g., picking only 3 out of 10 columns) to find the best split.

Aggregation: Once all trees are built:

Classification: The final output is determined by Majority Voting.

Regression: The final output is the Average of all tree predictions.

2. Advantages
High Accuracy: By combining many trees, it cancels out the errors of individual trees, leading to high predictive power.

Handles Overfitting: While a single Decision Tree often overfits (memorizes) the data, Random Forest prevents this by averaging the results.

Handles Missing Values: It can effectively handle datasets with missing values and maintain accuracy.

Feature Importance: It provides a clear ranking of which variables (features) are most important in making predictions.

3. Disadvantages
Complexity: Because it builds hundreds of trees, the model can become very large and require significant memory.

Slow Prediction: While training is relatively fast due to parallel processing, making real-time predictions can be slow compared to simpler models like Linear Regression.

Black Box Nature: It is harder to interpret exactly ""why"" a Random Forest made a specific decision compared to a single, simple Decision Tree.",
T012,A-2,2. What is Backpropagation? Explain each step in detail.,8,"Backpropagation, short for ""backward propagation of errors,"" is the fundamental algorithm used to train Artificial Neural Networks. It is the method by which the network learns from its mistakes by calculating the gradient of the loss function with respect to the weights of the network.
+1

Essentially, it is an application of the Chain Rule from calculus, allowing the model to adjust its internal weights to minimize the difference between the actual output and the predicted output.

1. The Working Process (Step-by-Step)
The process of training a neural network involves a continuous loop of forward and backward movements:

Step 1: Forward Pass
The input data is passed through the network. Each neuron calculates a weighted sum of its inputs, applies an activation function, and passes the result to the next layer until a final prediction is generated at the output layer.
+1

Step 2: Loss Calculation
The network's prediction is compared to the actual ""ground truth"" label using a Loss Function (e.g., Mean Squared Error). This produces a numerical value representing the error.
+1

Step 3: The Backward Pass (The Core of Backprop)
The algorithm starts at the output layer and moves backward toward the input layer. It calculates how much each weight and bias in the network contributed to the total error. This is done by computing the partial derivative of the loss with respect to each weight.
+1

Step 4: Gradient Calculation
Using the Chain Rule, the error is distributed back through the hidden layers. This identifies the ""gradient""—the direction and magnitude in which the weights need to change to reduce the error.

Step 5: Weight Update
Once the gradients are known, an optimization algorithm (like Gradient Descent) updates the weights:

New Weight = Old Weight - (Learning Rate × Gradient)

2. Why is it Important?
Efficiency: It allows the network to learn complex patterns by updating millions of weights simultaneously.

Automation: It eliminates the need for manual feature engineering; the network ""discovers"" which features matter by adjusting weights through backprop.

Scalability: It is the backbone of all modern Deep Learning architectures, from image recognition to large language models.

3. Challenges
Vanishing Gradient: In very deep networks, the gradients can become extremely small as they travel backward, causing the earlier layers to stop learning.

Exploding Gradient: Conversely, gradients can grow too large, causing the model's weights to fluctuate wildly and fail to converge.",
T012,A-3,3. Explain Bayesian Learning approach and compare it with frequentist learning.,8,"In Machine Learning, Bayesian Learning is a statistical approach based on Bayes' Theorem. It treats parameters not as fixed values, but as probability distributions. This allows the model to incorporate prior knowledge and quantify uncertainty in its predictions.
+2

1. Bayesian Learning Approach
The Bayesian approach is centered on updating the probability of a hypothesis as more evidence or data becomes available.

Prior Probability: This represents what we already know or believe before seeing the new data (e.g., historical medical data).

Likelihood: The probability of observing the current data given a specific hypothesis.

Posterior Probability: The updated belief after combining the Prior and the Likelihood.

Key Characteristic: Bayesian models do not just give a ""Yes"" or ""No"" answer; they give a probability (e.g., ""There is an 85% chance this is Spam"").

2. Frequentist Learning Approach
The Frequentist approach is the traditional method used in most standard ML algorithms (like Linear Regression).

Fixed Parameters: It assumes that there is a ""true"" fixed value for model parameters.

Data-Driven: It relies entirely on the frequency of events in the current dataset. It does not account for prior beliefs.

Objective: It focuses on finding the parameters that maximize the likelihood of the observed data (Maximum Likelihood Estimation).

3. Critical Differences
Handling of Data: Frequentists view data as a random sample from a repeatable process. Bayesians view data as observed evidence used to update a belief.
+1

Prior Knowledge: Bayesian learning allows you to ""inject"" expert knowledge through the Prior. Frequentist learning starts with a ""blank slate,"" relying only on the provided evidence.
+1

Uncertainty: Bayesian learning naturally handles small datasets by providing a range of possible outcomes (uncertainty). Frequentist models can overfit small datasets because they try to find a single ""best fit"" for that specific sample.

Computational Cost: Frequentist methods are generally faster and simpler. Bayesian methods often require complex integrations (like Markov Chain Monte Carlo), making them computationally ""expensive.""

4. Which one to choose?
Choose Frequentist when you have massive amounts of data and need fast, objective results.

Choose Bayesian when data is scarce, or when understanding the uncertainty of a prediction is just as important as the prediction itself (e.g., in medical diagnosis or self-driving cars).",
T012,A-4,4. Describe Recurrent Neural Networks (RNNs) and their applications in sequence modeling.,8,"A Recurrent Neural Network (RNN) is a type of Artificial Neural Network designed specifically to handle sequential data. Unlike traditional feedforward networks—which assume all inputs are independent of each other—RNNs possess ""memory."" They use information from previous steps in the sequence to influence the current output.+21. Architecture and WorkingThe defining feature of an RNN is the recurrent connection or ""loop.""The Hidden State: At each time step, the network takes the current input and the ""hidden state"" (memory) from the previous step.Sequential Processing: It processes data piece-by-piece (e.g., word-by-word in a sentence). The output at step $t$ is a function of the input at step $t$ and the internal state calculated at step $t-1$.+1Unrolling: To understand how an RNN learns, we ""unroll"" the loop. This visualizes the network as a chain of identical modules, each passing a message to its successor.2. Applications in Sequence ModelingSequence modeling involves predicting or generating data where the order matters. RNNs excel in:Natural Language Processing (NLP):Machine Translation: Translating a sequence of words from English to French.Sentiment Analysis: Understanding the context of a sentence (e.g., ""The movie wasn't bad"" vs. ""The movie was bad"").Time-Series Prediction: * Stock Market: Predicting future prices based on historical trends.Weather Forecasting: Analyzing past patterns to predict tomorrow's temperature.Speech Recognition: Converting audio signals (which are sequences of sound waves) into text.Video Analysis: Recognizing actions in a video by processing a sequence of image frames.3. Limitations: The Long-Term Dependency ProblemStandard RNNs struggle with Long-Term Dependencies. As the sequence grows longer, information from the very beginning tends to ""fade away"" or vanish (the Vanishing Gradient problem).Solution: To solve this, advanced variants like Long Short-Term Memory (LSTM) and Gated Recurrent Units (GRU) were created. They use ""gates"" to decide which information to remember and which to forget.+1",
T012,A-5,5. Explain Model Deployment and Monitoring in the ML lifecycle.,8,"The Machine Learning lifecycle does not end once a model is trained. Model Deployment and Monitoring are the final, critical stages where the model is moved from a local environment into a production system to provide value to real users.

1. Model Deployment
Deployment is the process of integrating a machine learning model into an existing production environment (like a mobile app or a website) so it can accept inputs and return predictions.

Methods of Deployment:

Web Services (API): The most common method. The model is wrapped in an API (using tools like Flask or FastAPI). A website sends data to the API, and the model sends back a prediction.
+1

Batch Prediction: The model processes a large volume of data at scheduled intervals (e.g., calculating credit scores for all bank customers every night).

Edge Deployment: The model is loaded directly onto a device, like a smartphone or an IoT sensor, allowing it to work offline (e.g., FaceID on an iPhone).

2. Model Monitoring
Once a model is live, its performance can degrade over time due to changes in real-world data. Monitoring ensures the model remains accurate and reliable.

Key Concepts in Monitoring:

Data Drift: This occurs when the input data in production changes compared to the data used for training. For example, a housing price model trained in 2020 might fail in 2026 because market trends have shifted.

Concept Drift: This happens when the relationship between the input and output changes. For instance, what was considered ""spam"" five years ago might look very different today.

Latency and Throughput: Monitoring the technical health of the system—how fast is the model responding, and is the server crashing under heavy load?

3. The Feedback Loop (Retraining)
If monitoring detects a drop in accuracy or significant data drift, it triggers a Feedback Loop. The new real-world data is collected, labeled, and used to retrain the model. This continuous cycle of deploying, monitoring, and retraining is known as MLOps (Machine Learning Operations).

4. Importance
Without proper deployment and monitoring, a model remains a ""lab experiment."" Monitoring is the safety net that prevents a model from making outdated or biased predictions that could lead to financial loss or poor user experience.",
T012,A-6,6. Explain Normalization vs Standardization with examples.,8,"In Machine Learning, Feature Scaling is a crucial preprocessing step. If features have different scales (e.g., ""Age"" ranging from 0–100 and ""Income"" ranging from 0–100,000), algorithms that rely on distance calculations, like K-Nearest Neighbors or Gradient Descent, will be biased toward the larger numbers. Normalization and Standardization are the two most common techniques to solve this.
+1

1. Normalization (Min-Max Scaling)
Normalization scales the data so that all values fall within a specific range, usually 0 to 1.

The Process: It subtracts the minimum value of the feature and divides by the range (max - min).

Word-Friendly Formula: > Scaled Value = (Value - Minimum) / (Maximum - Minimum)

Example: If you are comparing exam scores where one test is out of 100 and another is out of 500, normalization brings both to a 0–1 scale. A score of 50/100 becomes 0.5, and 250/500 also becomes 0.5.

When to use: Use this when you know your data does not follow a Gaussian (Normal) distribution, or when the algorithm requires a specific range (like Neural Networks).

2. Standardization (Z-Score Normalization)
Standardization transforms the data so that it has a mean of 0 and a standard deviation of 1.

The Process: It subtracts the mean of the feature and divides by the standard deviation.

Word-Friendly Formula: > Scaled Value = (Value - Average) / Standard Deviation

Example: If the average height in a class is 170cm, a person who is exactly 170cm will have a standardized value of 0. A person much taller than average might have a value of 2.5, while someone shorter might have -1.5.

When to use: Use this when your data follows a Gaussian (Normal) distribution. It is much more robust to outliers than normalization because it doesn't squash data into a tiny range based on extreme values.

3. Summary of Key Differences
Range: Normalization is typically [0, 1]. Standardization has no fixed bounding range (usually -3 to 3).

Outliers: Normalization is highly affected by outliers (one huge number pulls everything else toward zero). Standardization is less affected.

Requirement: Normalization is preferred for algorithms like KNN and Image Processing. Standardization is preferred for Linear Regression, Logistic Regression, and PCA.",
T012,B-1,1. Explain the main challenges faced while training ML models.,5,"Training a Machine Learning model is an iterative process that often encounters significant hurdles. These challenges can range from data quality issues to algorithmic complexities that hinder the model's ability to generalize to new information.

1. Data Quality and Quantity
The ""Garbage In, Garbage Out"" rule applies here. If the training data is noisy, incomplete, or contains errors, the model will learn incorrect patterns. Furthermore, many deep learning models require massive datasets to perform well; insufficient data leads to poor reliability.

2. Overfitting and Underfitting
Overfitting: Occurs when a model learns the training data and its noise too perfectly, failing to predict new data.

Underfitting: Happens when the model is too simple to capture the underlying trend (e.g., using a straight line for a curved pattern).

3. Data Bias and Lack of Diversity
If the training data is biased (e.g., favoring one demographic over another), the model will produce biased and unfair predictions, leading to ethical and performance failures in real-world applications.

4. The Curse of Dimensionality
As the number of features (dimensions) increases, the amount of data needed to generalize accurately grows exponentially. Too many irrelevant features can confuse the model and increase computational costs.
+1

5. Hyperparameter Tuning
Finding the right ""settings"" (like learning rate or tree depth) is difficult and time-consuming. Poorly chosen hyperparameters can prevent the model from ever reaching its optimal performance.
+1",
T012,B-2,2. Describe the difference between probability and likelihood in machine learning.,5,"While often used interchangeably in everyday conversation, Probability and Likelihood have distinct mathematical meanings in statistics and machine learning. The difference lies in what is considered fixed and what is varying.1. Probability (Predicting Outcomes)Probability is used when the parameters ($\theta$) of the model are fixed, and we want to predict the chance of different outcomes ($X$).Perspective: ""Given this specific coin is fair (fixed parameter), what is the chance of getting 3 heads in a row (varying outcome)?""Usage: It is used before we have data to describe future results.Summation: The total probability of all possible outcomes must always equal 1 (or 100%).2. Likelihood (Estimating Parameters)Likelihood is used when the outcomes ($X$) are fixed (observed data), and we want to find the best parameters ($\theta$) to explain that data.Perspective: ""We just saw 3 heads in a row (fixed data); how likely is it that the coin used was weighted/biased (varying parameter)?""Usage: It is used after we have collected data to ""fine-tune"" our model.Summation: Likelihoods do not need to sum to 1. They are used for comparison (e.g., is Parameter A more likely than Parameter B?).3. Why it matters in MLIn machine learning, we use Maximum Likelihood Estimation (MLE). Since we already have the training data (fixed outcomes), we adjust the weights of the model (varying parameters) to find the configuration that makes the observed data most ""likely.""",
T012,B-3,3. Explain logistic regression with mathematical formulation and use cases.,5,"Despite its name, Logistic Regression is a fundamental algorithm used for Classification, not regression. it is primarily used to predict the probability of a binary outcome (e.g., Yes/No, 0 or 1).1. The Core ConceptLinear Regression predicts continuous values (like house prices), which can go from $-\infty$ to $+\infty$. However, for classification, we need a value between 0 and 1. Logistic Regression achieves this by passing the linear equation through a special mathematical function called the Sigmoid (Logistic) Function.2. Mathematical FormulationThe Linear Equation:First, it calculates a weighted sum of inputs ($X$):$$z = w_1x_1 + w_2x_2 + ... + b$$(where $w$ represents weights and $b$ represents bias).The Sigmoid Function:To transform this value $z$ into a probability ($P$), we apply the Sigmoid formula:$$\sigma(z) = \frac{1}{1 + e^{-z}}$$If $z$ is a large positive number, $P$ becomes close to 1.If $z$ is a large negative number, $P$ becomes close to 0.Decision Threshold:Usually, a threshold of 0.5 is set. If $P \geq 0.5$, the model predicts Class 1; otherwise, it predicts Class 0.3. Use CasesEmail Spam Detection: Classifying an email as ""Spam"" or ""Not Spam"" based on keywords.Healthcare: Predicting whether a patient has a specific disease (Positive/Negative) based on symptoms or test results.Credit Scoring: Banks use it to decide if a loan applicant is a ""Defaulter"" or ""Non-defaulter.""Marketing: Predicting whether a customer will ""Churn"" (cancel their subscription) or stay.4. Advantages and LimitationsAdvantages: It is very fast, easy to interpret (provides probabilities), and less prone to overfitting in simple datasets.Limitations: It assumes a linear relationship between the independent variables and the log-odds of the dependent variable; it cannot solve complex, non-linear problems without help.",
T012,B-4,4. What are hyperparameters? Give examples and explain how they differ from parameters.,5,"In machine learning, ""Parameters"" and ""Hyperparameters"" are both critical components of a model, but they differ fundamentally in how they are set and updated during the learning process.1. Parameters (Internal)Parameters are the variables that the model learns automatically from the training data. They represent the ""knowledge"" of the model.Source: Derived from the data during training.Control: The user does not set these manually; the optimization algorithm (like Gradient Descent) updates them.Examples:Weights and Biases in a Neural Network.Coefficients in Linear or Logistic Regression.Split points in a Decision Tree.2. Hyperparameters (External)Hyperparameters are the ""settings"" or ""configurations"" that the user must define before the training process begins. They control how the learning process behaves.+1Source: Set manually by the practitioner or tuned using search methods.Control: They determine the structure of the model and the speed of learning.Examples:Learning Rate ($\alpha$): How fast the model updates its weights.Batch Size: Number of samples processed before updating weights.Number of Epochs: How many times the model sees the entire dataset.K-Value in K-Nearest Neighbors.Number of Trees in a Random Forest.3. Key DifferencesOptimization vs. Tuning: We optimize parameters (during training) and tune hyperparameters (before training).Visibility: Parameters are often internal to the model and not directly visible to the end-user, whereas hyperparameters are the ""knobs"" the user turns to improve performance.Goal: Parameters define the mapping from inputs to outputs; hyperparameters define the strategy for finding those parameters.4. Hyperparameter Tuning MethodsSince the best hyperparameters aren't known in advance, engineers use techniques like:Grid Search: Trying every possible combination of a set list of values.Random Search: Randomly selecting values to see which works best.Bayesian Optimization: Using probability to find the best settings faster.",
T012,B-5,5. Explain the concept of cross-entropy loss.,5,"Cross-Entropy Loss, also known as Log Loss, is the most common loss function used for Classification models. It measures the performance of a classification model whose output is a probability value between 0 and 1.+11. The Core IdeaThe goal of Cross-Entropy is to compare the predicted probability distribution produced by the model with the actual distribution (the true labels).If the predicted probability is far from the actual value (e.g., predicting 0.1 for a class that is actually 1), the loss is very high.If the prediction is very close to the actual value (e.g., predicting 0.9 for class 1), the loss is low, approaching zero.2. The Mathematical LogicFor a binary classification task, the formula for a single data point is:$$L = -[y \log(p) + (1 - y) \log(1 - p)]$$$y$: The actual label (either 0 or 1).$p$: The predicted probability that the label is 1.How it works in practice:If the True Label is $y=1$: The second part of the equation becomes zero. The loss is simply $-\log(p)$. As $p$ gets smaller (moving away from 1), the negative log value skyrockets.If the True Label is $y=0$: The first part becomes zero. The loss is $-\log(1-p)$. As $p$ gets larger (moving away from 0), the loss increases.3. Why use Logarithms?We use the logarithm because it heavily penalizes confident but wrong predictions. For instance, if a model is 99.9% sure an email is ""Not Spam"" but it actually is ""Spam,"" Cross-Entropy ensures the model receives a massive penalty so it can adjust its weights drastically during backpropagation.4. Binary vs. Categorical Cross-EntropyBinary Cross-Entropy (BCE): Used for two-class problems (e.g., Dog vs. Cat).Categorical Cross-Entropy: Used for multi-class problems (e.g., classifying an image as a Dog, Cat, or Bird) using the Softmax activation function.",
T012,B-6,6. What is dimensionality curse? How does it affect machine learning models?,5,"The ""Curse of Dimensionality"" refers to various phenomena that arise when analyzing and organizing data in high-dimensional spaces (datasets with a very large number of features) that do not occur in low-dimensional settings. As the number of dimensions increases, the volume of the space increases so rapidly that the available data becomes sparse.
+1

1. How it Affects Machine Learning Models
Data Sparsity: In high dimensions, data points are spread very far apart. To maintain the same ""density"" of data as in 2D space, the number of samples needed grows exponentially. Without enough data, the model cannot find meaningful patterns.

Distance Distortion: Many algorithms (like KNN or K-Means) rely on measuring the distance between points. In high dimensions, the distance between the nearest point and the farthest point becomes nearly equal. This makes ""similarity"" measures useless, as every point appears equally distant from every other point.

Overfitting: With too many features, a model is more likely to find ""noise"" or coincidental patterns that appear to be relationships but aren't. This leads to high accuracy on training data but failure on new, real-world data.
+1

Computational Complexity: More features mean more memory usage and significantly longer training times. Every additional dimension adds a new layer of mathematical complexity for the optimization algorithm.

2. How to Combat the Curse
To solve these issues, data scientists use Dimensionality Reduction techniques:

Feature Selection: Manually or automatically removing irrelevant or redundant features.

Feature Extraction: Using algorithms like PCA (Principal Component Analysis) to compress many features into a few ""principal"" ones that contain the most information.

Manifold Learning: Techniques like t-SNE or UMAP that project high-dimensional data into 2D or 3D for visualization.",
T012,C-1,1. How can machine learning be used in predictive maintenance in industries?,10,"Predictive Maintenance (PdM) is a proactive approach that uses Machine Learning (ML) to predict when an industrial asset (like a turbine, motor, or conveyor belt) is likely to fail. Unlike Reactive Maintenance (fixing it after it breaks) or Preventive Maintenance (fixing it on a fixed schedule), PdM ensures repairs happen only when necessary, minimizing downtime and costs.

1. How It Works: The Process
Data Collection: Sensors collect real-time data on temperature, vibration, pressure, and sound.

Feature Engineering: Raw sensor data is converted into meaningful features (e.g., calculating the average vibration over the last hour).

Model Training: Historical data containing both ""normal"" and ""failure"" events is used to train ML models.

Real-time Monitoring: The live model analyzes incoming data to identify patterns that historically preceded a breakdown.

2. Core ML Techniques Used
Classification: Models like Random Forest or SVM categorize the machine's state as ""Healthy,"" ""Needs Service,"" or ""Imminent Failure.""

Regression: Used to predict the Remaining Useful Life (RUL)—calculating exactly how many days or cycles are left before a part fails.

Anomaly Detection: Unsupervised models (like Autoencoders) flag unusual sensor readings that have never been seen before, even if a specific failure type hasn't been programmed.

Sequence Modeling (RNN/LSTM): Since sensor data is time-sensitive, LSTMs are used to remember long-term trends in machine wear and tear.

3. Industrial Benefits
Reduced Downtime: Prevents unexpected production halts.

Cost Savings: Extends the life of expensive components by avoiding ""over-maintenance.""

Safety: Reduces the risk of catastrophic failures that could injure workers.",
T012,C-2,2. Discuss a 5 real-world example of a biased ML model and how such bias can be reduced.,10,"Algorithmic bias occurs when a machine learning model produces systematically prejudiced results due to erroneous assumptions in the ML process. This often stems from unrepresentative training data or flawed algorithm design.
+1

1. Five Real-World Examples of ML Bias
Hiring and Recruitment (Gender Bias):
A major tech corporation developed an AI recruiting tool that penalized resumes containing the word ""women's"" (e.g., ""women's chess club captain""). Because the model was trained on historical resumes from a male-dominated industry, it ""learned"" that male candidates were preferable.
+1

Facial Recognition (Racial Bias):
Many commercial facial recognition systems have shown significantly higher error rates for people with darker skin tones compared to those with lighter skin. This happens because the training datasets (like ImageNet) were historically skewed toward Caucasian faces.

Predictive Policing (Socio-economic Bias):
Algorithms used to predict ""hot spots"" for crime often rely on historical arrest data. If certain neighborhoods were over-policed in the past, the model will suggest more patrols there, creating a feedback loop that unfairly targets marginalized communities.

Healthcare Risk Scoring (Racial Bias):
A widely used healthcare algorithm predicted which patients would need extra medical care. It used ""health costs"" as a proxy for ""health needs."" Since less money is historically spent on Black patients due to systemic barriers, the AI falsely concluded they were ""healthier"" than equally sick White patients.
+1

Credit Scoring (Gender and Zip Code Bias):
Some credit algorithms have been found to offer lower credit limits to women than men, even with similar financial profiles, or penalize individuals based on their ""zip code,"" which often acts as a proxy for race or class.

2. How to Reduce ML Bias
Reducing bias requires intervention at every stage of the ML lifecycle:

Diverse Data Collection: Ensure training datasets are balanced and representative of all demographic groups. If data is lacking for a specific group, use synthetic data generation or oversampling.

Algorithmic Fairness Constraints: Incorporate mathematical fairness metrics (like Equalized Odds or Demographic Parity) into the loss function to penalize biased predictions during training.

Bias Auditing and Monitoring: Regularly test models using ""blind"" datasets where protected attributes (race, gender) are withheld to see if the model still discriminates based on proxies.

Human-in-the-Loop: Use diverse teams of human auditors to review model decisions, especially in high-stakes fields like law and medicine.

Explainability (XAI): Use tools like SHAP or LIME to understand why a model made a decision. If the model is relying on ""Gender"" to predict ""Salary,"" the bias can be identified and removed.",
T013,A-1,1. Define Machine Learning and list its three main categories.,3,"Machine Learning (ML) is a subset of Artificial Intelligence that enables systems to learn from data and improve their performance over time without being explicitly programmed. Instead of following rigid rules, ML algorithms identify patterns in large datasets to make predictions or decisions.

The three main categories are:

Supervised Learning: The model is trained on labeled data (e.g., predicting house prices based on previous sales).

Unsupervised Learning: The model finds hidden patterns or structures in unlabeled data (e.g., grouping customers by shopping habits).

Reinforcement Learning: An agent learns by trial and error through a system of rewards and penalties (e.g., training a robot to walk).",
T013,A-2,2. What is the difference between training error and test error?,3,"In machine learning, the distinction between Training Error and Test Error is the primary way we measure how well a model has ""learned"" versus simply ""memorized"" the data.

1. Training Error
This is the error calculated on the same data the model used to learn.

Goal: It indicates how well the model is fitting the training set.

Trend: As model complexity increases, training error typically decreases because the model becomes better at capturing every detail in that specific dataset.

2. Test Error (Generalization Error)
This is the error calculated on a ""hold-out"" dataset that the model has never seen during training.

Goal: It measures how well the model will perform in the real world.

Trend: If the model is too complex, the test error will eventually start to increase, signaling that the model is no longer learning useful patterns.",
T013,A-3,3. Define Overfitting and explain one method to reduce it.,3,"Overfitting occurs when a machine learning model learns the training data too well, including its noise and random fluctuations. As a result, the model performs exceptionally on the training set but fails to generalize to new, unseen data. Effectively, the model ""memorizes"" the data rather than ""learning"" the underlying patterns.

Method to Reduce Overfitting: Regularization
One of the most effective ways to reduce overfitting is Regularization (e.g., L1/Lasso or L2/Ridge).

How it works: It adds a ""penalty"" term to the model's loss function based on the size of the weights.

The Effect: This discourages the model from assigning too much importance to any single feature. By keeping the weights small, the model becomes simpler and smoother, making it less likely to react to the noise in the training data and more likely to perform well on the test data.",
T013,A-4,4. What is the purpose of a confusion matrix in model evaluation?,3,"A Confusion Matrix is a $N \times N$ table used to evaluate the performance of a classification model, where $N$ is the number of target classes. It provides a detailed breakdown of how many predictions were correct and, more importantly, what types of errors the model is making.The StructureThe matrix compares the Actual Classes (rows) against the Predicted Classes (columns), resulting in four key metrics for binary classification:True Positives (TP): Correctly predicted positive cases (e.g., correctly identified ""Spam"").True Negatives (TN): Correctly predicted negative cases.False Positives (FP): Type I Error; predicting positive when it is actually negative (e.g., ""Safe"" email marked as ""Spam"").False Negatives (FN): Type II Error; predicting negative when it is actually positive (e.g., ""Spam"" email missed).Why it is UsefulThe purpose is to go beyond simple Accuracy. In ""imbalanced"" datasets (e.g., a disease affecting 1% of the population), a model could be 99% accurate just by predicting everyone is healthy. A confusion matrix reveals if the model is failing to catch the 1% of sick patients, helping us calculate deeper metrics like Precision, Recall, and the F1-Score.",
T013,A-5,5. Explain the term feature selection and why it is important.,3,"Feature Selection is the process of identifying and selecting a subset of the most relevant features (input variables) from a dataset to use in model construction. Unlike feature extraction, which transforms data into new formats (like PCA), feature selection keeps the original variables but discards those that are redundant or irrelevant.
+1

Why it is Important
Reduces Overfitting: By removing ""noise"" (irrelevant data), the model is less likely to learn patterns from random fluctuations, improving its ability to generalize to new data.

Improves Accuracy: Focuses the model on the variables that truly have a relationship with the target output, often leading to better predictive performance.

Enhances Interpretability: Smaller models are easier for humans to understand and explain, as we can clearly see which few factors are driving the predictions.

Reduces Computational Cost: Fewer features mean faster training times and lower memory requirements, which is vital for real-time applications or massive datasets.",
T013,A-6,6. What are activation functions? Give examples of two commonly used ones.,3,"Activation Functions are mathematical equations attached to each neuron in a neural network. Their primary purpose is to introduce non-linearity into the model. Without them, a neural network would behave like a simple linear regression model, regardless of how many layers it has, making it unable to learn complex patterns like images, video, or text.+1How They WorkThe function takes the weighted sum of inputs (plus a bias) and ""activates"" the neuron by deciding what output it should pass to the next layer. It acts as a gatekeeper, determining whether the information the neuron is receiving is relevant or should be ignored.+1Commonly Used ExamplesReLU (Rectified Linear Unit):Formula: $f(x) = \max(0, x)$Behavior: If the input is positive, it passes it through directly; if it is negative, it outputs zero.Usage: It is the ""default"" choice for hidden layers in deep learning because it is computationally efficient and helps prevent the vanishing gradient problem.Sigmoid:Formula: $\sigma(x) = \frac{1}{1 + e^{-x}}$Behavior: It ""squashes"" any input value into a range between 0 and 1.Usage: It is primarily used in the output layer of binary classification models (e.g., predicting ""Spam"" or ""Not Spam"") because its output can be interpreted as a probability.",
T013,A-7,7. Differentiate between batch learning and online learning.,3,"The difference between Batch and Online Learning lies in how the model ingests data and updates its knowledge over time.

1. Batch Learning (Offline Learning)
In Batch Learning, the model is trained using the entire dataset at once.

Process: The system is trained ""offline."" Once the model is trained, it is deployed to production, where it makes predictions without further learning.

Updating: If you get new data, you cannot simply ""add"" it. You must stop the system, combine the old and new data, and retrain a brand-new model from scratch.

Best for: Static environments where data doesn't change rapidly (e.g., predicting the species of a flower).

2. Online Learning (Incremental Learning)
In Online Learning, the model is trained incrementally by feeding it data instances one by one or in small groups (mini-batches).

Process: The system learns on the fly. As soon as a new piece of data arrives, the model updates its parameters immediately.

Updating: It is highly adaptable and requires much less storage because once the model has learned from a data point, it can discard it.

Best for: Fast-changing environments (e.g., stock price prediction, social media trends) or systems with limited computing resources.",
T013,A-8,8. What is one-hot encoding and where is it used?,3,"One-hot encoding is a technique used to convert categorical data (text labels like ""Red,"" ""Green,"" ""Blue"") into a numerical format that machine learning algorithms can understand.

How it Works
For each unique category in a column, a new binary column is created. If a row belongs to a specific category, it is marked with a 1; otherwise, it is marked with a 0.
+1

For example, if we have a ""Color"" feature:

Original: [Red, Green, Blue]

One-Hot Encoded:

Red: [1, 0, 0]

Green: [0, 1, 0]

Blue: [0, 0, 1]

Where and Why it is Used
Avoiding False Hierarchies: Many ML models (like Linear Regression or SVM) assume that higher numbers are ""better"" or ""larger."" If you label colors as 1, 2, and 3, the model might think Blue (3) is ""greater than"" Red (1). One-hot encoding treats them all as equal but distinct.
+1

Neural Networks: It is the standard way to format target labels for multi-class classification (using the Softmax layer).

Natural Language Processing (NLP): Historically used to represent words in a vocabulary (though now often replaced by ""word embeddings"").",
T013,A-9,9. Define learning rate and explain what happens if it is too high or too low.,3,"Learning Rate ($\alpha$) is a tuning parameter in an optimization algorithm (like Gradient Descent) that determines the size of the steps the model takes to reach the minimum of the loss function. It essentially controls how much we adjust the model's weights with respect to the loss gradient.Impact of Learning Rate SettingsIf the Learning Rate is Too High:The steps are too large, causing the model to overshoot the optimal point (the ""valley""). Instead of converging, the loss function may oscillate or even diverge, never reaching a stable solution. It's like a hiker trying to reach the bottom of a canyon by taking such massive leaps that they keep landing on the opposite cliffside.If the Learning Rate is Too Low:The steps are tiny, making the training process extremely slow. While the model will likely reach the minimum eventually, it might get stuck in a ""local minimum"" (a shallow dip) rather than finding the ""global minimum"" (the lowest point). It also wastes significant computational time and resources.",
T013,A-10,10. What is a loss function? Mention any two types of loss functions used in ML.,3,"A Loss Function is a mathematical formula used to measure how ""wrong"" a model’s predictions are compared to the actual targets. It quantifies the gap between the predicted output ($y_{pred}$) and the true label ($y_{true}$).The goal of any machine learning algorithm is to minimize this loss during training using an optimizer. A lower loss indicates that the model is performing better and its predictions are becoming more accurate.+1Two Common Types of Loss FunctionsMean Squared Error (MSE):Usage: Used in Regression problems (predicting continuous values).Function: It calculates the average of the squared differences between predicted and actual values. Because it squares the error, it heavily penalizes large mistakes (outliers).+1Formula: $MSE = \frac{1}{n} \sum (y_{true} - y_{pred})^2$Cross-Entropy Loss (Log Loss):Usage: Used in Classification problems (predicting categories).Function: it measures the performance of a model whose output is a probability between 0 and 1. It increases exponentially as the predicted probability diverges from the actual label.",
T013,A-11,11.Explain cross-validation and its advantage over a single train-test split.,3,"Cross-validation is a statistical technique used to evaluate the performance of a machine learning model by partitioning the data into multiple subsets. The most common version is k-fold cross-validation, where the data is split into $k$ equal parts (folds). The model is trained $k$ times, each time using a different fold as the test set and the remaining $k-1$ folds as the training set.+1Advantages over a Single Train-Test SplitReduces Bias/Variance: A single split might accidentally put all the ""easy"" examples in the test set, giving a falsely high accuracy. Cross-validation ensures every data point is used for both training and testing.Reliable Performance Metric: By averaging the results from all $k$ iterations, you get a much more stable and realistic estimate of how the model will perform on unseen data.Efficient Data Usage: It is especially valuable for small datasets where you cannot afford to set aside a large portion of data for a one-time test.",
T013,A-12,12.Define unsupervised learning and give two examples of algorithms used in it.,3,"Unsupervised Learning is a type of machine learning where the model is trained on data that has no labels or pre-defined results. Unlike supervised learning, there is no ""teacher"" providing the correct answers. Instead, the algorithm scans the input data to discover hidden patterns, structures, or features on its own.+2Commonly Used AlgorithmsK-Means Clustering:How it works: This algorithm groups data points into $k$ distinct clusters based on their similarities (distance from a central point called a centroid).Example: A clothing brand using customer purchase history to group people into ""Budget Shoppers,"" ""Luxury Buyers,"" and ""Trend Seekers"" for targeted marketing.Principal Component Analysis (PCA):How it works: This is a dimensionality reduction technique. it simplifies complex datasets by reducing the number of variables while retaining the most important information (variance).+1Example: Reducing a dataset with 100 different facial features down to 10 essential components to speed up a facial recognition system.",
T013,B-1,"1. What is Feature Engineering? Discuss its role and techniques like encoding, scaling, and polynomial feature generation.",5,"Feature Engineering is the process of using domain knowledge to transform raw data into informative features that help machine learning algorithms perform better. While the algorithm provides the ""engine,"" feature engineering provides the ""fuel."" High-quality features can make a simple model perform exceptionally well, whereas poor features can hinder even the most advanced neural networks.Role of Feature EngineeringIts primary role is to simplify the underlying patterns in data, making it easier for the model to learn. It reduces ""noise,"" handles missing information, and ensures that the data is in a mathematical format the model can process effectively.+1Key TechniquesEncoding: Converts categorical text (e.g., ""City Name"") into numbers. One-Hot Encoding creates binary columns for each category, while Label Encoding assigns a unique integer to each category.Scaling: Ensures all features have a similar range. Since models often use distance-based math, scaling (like Min-Max Scaling: (x - min) / (max - min)) prevents a feature with large numbers (like Salary) from dominating a feature with small numbers (like Age).Polynomial Feature Generation: Creates new features by combining existing ones (e.g., squaring a variable or multiplying $X1 * X2$). This allows linear models to capture non-linear relationships, like the curving path of a projectile.+1",
T013,B-2,2. Differentiate between Generative and Discriminative Models with examples.,5,"In machine learning, the distinction between generative and discriminative models lies in how they approach the relationship between inputs (data) and outputs (labels).1. Discriminative ModelsThese models focus on learning the boundary between classes. They don't care how the data was generated; they only care about distinguishing one category from another. Mathematically, they model the probability of a label $Y$ given an input $X$, written as $P(Y|X)$.+1Goal: To find a decision boundary (line or curve) that separates different groups.Analogy: If you show the model a picture of a cat, it looks for specific features (like ears or whiskers) to decide if it belongs to the ""Cat"" or ""Not Cat"" group.Examples: Logistic Regression, Support Vector Machines (SVM), and traditional Neural Networks.2. Generative ModelsThese models attempt to learn the distribution of the data itself. They learn how the data was created for each class. They model the joint probability $P(X, Y)$, which allows them to understand the ""essence"" of what a category looks like.Goal: To understand the underlying structure of the data so they can generate new, similar examples.Analogy: The model learns exactly what a cat looks like from scratch. If asked, it could actually draw a new cat based on its internal ""map"" of cat features.Examples: Naive Bayes, Generative Adversarial Networks (GANs), and Hidden Markov Models (HMMs).",
T013,B-3,3. Explain K-Means Clustering algorithm with step-by-step working and advantages.,5,"K-Means Clustering is one of the most popular unsupervised learning algorithms. Its goal is to group similar data points into a fixed number ($K$) of clusters based on their distance from a central point called a centroid.Step-by-Step WorkingInitialization: You choose the value of $K$ (the number of clusters) and randomly place $K$ centroids in the data space.Assignment: Every data point is assigned to the nearest centroid. This is usually calculated using the Euclidean distance formula: =SQRT((x2-x1)^2 + (y2-y1)^2).Update: For each cluster, the algorithm calculates the average (mean) of all points assigned to it. The centroid is then moved to this new average position.Iteration: Steps 2 and 3 are repeated. Data points may switch clusters as centroids move.Convergence: The process stops when the centroids no longer move or a maximum number of iterations is reached.Advantages of K-MeansScalability: It is computationally efficient and can handle very large datasets quickly compared to other clustering methods.Simplicity: The logic is easy to understand and implement, making it a ""go-to"" algorithm for initial data exploration.Versatility: It works well when clusters are spherical and clearly separated, such as in customer segmentation or image compression.Convergence: The algorithm is guaranteed to find a solution, even if it is a ""local"" optimum.",
T013,B-4,4. What is Early Stopping in ML training? Explain how it prevents overfitting.,5,"Early Stopping is a regularization technique used during the training of iterative models, such as Neural Networks or Gradient Boosting machines. It involves monitoring the model's performance on a separate validation set and halting the training process as soon as the performance begins to decline, even if the model hasn't reached the end of its scheduled training cycles (epochs).
+1

How It Works
During training, a model's Training Error usually continues to decrease as it sees the data repeatedly. However, the Validation Error follows a U-shaped curve.

Phase 1: Both training and validation errors decrease as the model learns the underlying patterns.

Phase 2: The training error keeps dropping, but the validation error hits a minimum and then starts to rise.

The Trigger: Early stopping detects this ""inflection point"" where the validation error begins to increase and stops the training immediately.

How It Prevents Overfitting
Overfitting occurs when a model starts ""memorizing"" the noise and specific details of the training data instead of the general patterns.

By stopping the training early, you prevent the model from becoming too complex.

It ensures the weights remain generalized enough to perform well on unseen data.

Essentially, it captures the ""signal"" from the data but cuts off the process before the model has time to learn the ""noise.""",
T013,B-5,5. Explain Biasâ€”Variance Tradeoff. Show how it impacts model generalization. --- PAGE 2 ---,5,"The Bias–Variance Tradeoff is a fundamental concept in machine learning that describes the tension between a model's ability to minimize errors in training and its ability to generalize to new, unseen data.

Understanding the Components
Bias (Underfitting): This represents the error caused by overly simple assumptions in the learning algorithm. High bias means the model misses relevant relations between features and targets.

Analogy: Trying to fit a straight line to data that clearly follows a complex curve.

Variance (Overfitting): This represents the error caused by excessive sensitivity to small fluctuations in the training set. High variance means the model ""memorizes"" noise rather than learning the actual pattern.

Analogy: A student who memorizes every specific question in a textbook but fails the exam because the questions are worded slightly differently.

Impact on Model Generalization
The goal of machine learning is to achieve low bias and low variance, but reducing one usually increases the other.

High Bias Models are too rigid; they perform poorly on both training and test data, leading to underfitting.

High Variance Models are too flexible; they perform perfectly on training data but fail on test data, leading to overfitting.

The Sweet Spot: To maximize generalization, we must find the ""Total Error"" minimum. This is the point where the model is complex enough to capture the pattern (low bias) but simple enough to ignore the noise (low variance).",
T014,A-1,1. Explain in detail the steps involved in building a Machine Learning pipeline from data collection to model deployment.,5,"A Machine Learning Pipeline is a structured workflow that automates the process of transforming raw data into a functional model. It ensures that the process is reproducible, scalable, and efficient.

1. Data Collection & Integration
The first step involves gathering raw data from various sources such as databases, APIs, or CSV files. The quality of the model depends entirely on the quality of this data (the ""Garbage In, Garbage Out"" principle).

2. Data Cleaning & Preprocessing
Raw data is often messy. This step involves:

Handling Missing Values: Using formulas like =AVERAGE() to fill gaps or dropping incomplete rows.

Removing Duplicates: Ensuring the model doesn't give extra weight to repeated information.

Outlier Detection: Identifying and managing data points that are drastically different from the rest.

3. Feature Engineering & Selection
Here, we transform raw data into a format that models can interpret. This includes One-Hot Encoding for categories and Feature Scaling (e.g., (x - min) / (max - min)) to ensure all variables are on the same numerical scale.

4. Model Training & Hyperparameter Tuning
The processed data is split into Training and Test sets. The model ""learns"" from the training set. We then tune hyperparameters (like the Learning Rate) to optimize performance using techniques like Cross-Validation.

5. Evaluation & Testing
The model’s performance is assessed using metrics like Accuracy, Precision, or a Confusion Matrix. If the results meet the required standards on the unseen test data, it is ready for the final step.

6. Deployment & Monitoring
The final model is integrated into a production environment (e.g., a web app or cloud service) where it can provide real-time predictions. Once deployed, it must be monitored for ""Data Drift,"" which occurs when the model's accuracy drops because the real-world data has changed over time.",
T014,A-2,2. Describe the working of the Naive Bayes classifier. Include its assumptions and advantages.,5,"The Naive Bayes Classifier is a probabilistic machine learning algorithm based on the Bayes Theorem. It is primarily used for classification tasks, such as spam detection or sentiment analysis, where it calculates the probability of a specific label based on the features provided.
+1

How It Works
The algorithm uses the Bayes Theorem formula to calculate the ""posterior probability."" In simple terms:
Probability(Category given Data) = [Probability(Data given Category) * Probability(Category)] / Probability(Data)

When a new data point arrives, the classifier calculates this probability for every possible category. It then assigns the data point to the category that results in the highest probability.

Core Assumptions
The ""Naive"" part of the name comes from its fundamental assumption: Feature Independence.

It assumes that the presence of one particular feature in a class is completely unrelated to the presence of any other feature.

For example, a fruit may be considered an ""Apple"" if it is red, round, and about 3 inches in diameter. Naive Bayes treats each of these features (color, shape, size) as independent contributors to the probability, even if they are actually related in real life.

Advantages
Speed and Efficiency: It is incredibly fast compared to more complex algorithms and requires very little training data.

Handles High Dimensions: It performs remarkably well even when there are thousands of features (like words in a document).

Robust to Noise: It is less likely to overfit on small datasets.

Works with Categorical Data: It is naturally suited for discrete data, making it the industry standard for text-based classification.",
T014,A-3,3. Explain the working of Principal Component Analysis and discuss its role in feature reduction.,5,"Principal Component Analysis (PCA) is a powerful unsupervised learning technique used for dimensionality reduction. It transforms a large set of variables into a smaller one that still contains most of the original information, effectively simplifying complex data without losing its ""soul.""

How It Works: The Step-by-Step Process
Standardization: Since PCA is sensitive to the scale of data, all features are standardized to have a mean of 0 and a variance of 1. This ensures that variables with large ranges don't dominate the results.

Covariance Matrix Computation: The algorithm identifies how much variables vary from the mean with respect to each other. It looks for correlations; if two variables are highly correlated, they are redundant.
+1

Eigenvector and Eigenvalue Calculation: This is the core math. The algorithm identifies ""Principal Components""—new, uncorrelated variables that are linear combinations of the old ones.
+1

Principal Component 1 (PC1) captures the maximum possible variance (information) in the data.

PC2 captures the second most variance, and so on.

Feature Projection: The original data is projected onto these new axes (Principal Components). You can choose to keep only the top few components (e.g., the first 2 or 3) that explain, say, 95% of the data's variance.

Role in Feature Reduction
PCA plays a critical role in data science for several reasons:

Compression: It reduces the number of dimensions (features) from hundreds down to just a few, making datasets easier to handle.

Noise Filtering: By discarding components with very low variance, PCA effectively ""cleans"" the data of random noise that could confuse a model.

Visualizing High-Dimensional Data: It allows us to plot data with 10 or 20 variables on a 2D or 3D graph to see clusters or trends that were previously invisible.

Solving Multicollinearity: Because Principal Components are independent (orthogonal) of each other, it eliminates the problem of features being too similar to one another, which helps stabilize models like Linear Regression.",
T014,A-4,4. What are Neural Networks? Explain their architecture and learning process.,5,"Neural Networks (also known as Artificial Neural Networks) are a subset of machine learning inspired by the structure and function of the human brain. They consist of interconnected layers of ""neurons"" that process information and learn to recognize complex patterns in data.
+1

1. Architecture of a Neural Network
A typical neural network is organized into three distinct types of layers:

Input Layer: This is the entry point for the data. Each neuron in this layer represents a specific feature from the dataset (e.g., a pixel in an image or a value in a spreadsheet).
+1

Hidden Layers: Located between the input and output, these layers perform the ""heavy lifting."" Neurons here apply mathematical weights and activation functions to the data to extract features. Deep learning models have many hidden layers, allowing them to learn very intricate patterns.
+1

Output Layer: This layer provides the final prediction. In binary classification, it may have one neuron (0 or 1); in multi-class tasks, it has one neuron per category.

2. The Learning Process
The network learns through an iterative two-step cycle:

Step A: Forward Propagation
The data travels from the input layer through the hidden layers to the output. Each connection has a weight (importance) and a bias. An Activation Function (like ReLU or Sigmoid) is applied to determine if a neuron should ""fire."" The network then generates a prediction.
+3

Step B: Backward Propagation (Backprop)

Calculate Loss: The model compares its prediction to the actual target using a Loss Function to see how far off it was.

Gradient Descent: The algorithm calculates the gradient (slope) of the error with respect to each weight.

Update Weights: Using the Learning Rate, the weights are adjusted in the direction that reduces the error.

This cycle repeats thousands of times until the network's predictions become accurate.",
T014,A-5,5. Discuss the concept of Reinforcement Learning with suitable examples.,5,"Reinforcement Learning (RL) is a branch of machine learning where an autonomous Agent learns to make decisions by performing actions in an Environment to maximize a cumulative Reward. Unlike supervised learning, where the model is told the ""correct"" answer, an RL agent learns through trial and error, discovering which actions yield the most benefit over time.+1The Core ComponentsAgent: The learner or decision-maker (e.g., a robot or a software program).Environment: Everything the agent interacts with.Action ($A$): What the agent does.State ($S$): The current situation or configuration of the environment.Reward ($R$): The feedback given to the agent (positive for good actions, negative for mistakes).The Learning ProcessThe agent follows a Policy, which is a strategy to choose the best action in a given state. Initially, the agent explores randomly. As it receives rewards or penalties, it updates its strategy to prioritize high-reward actions. This balance between trying new things (Exploration) and using known successful strategies (Exploitation) is the heart of RL.+2Real-World ExamplesGame Playing: Perhaps the most famous example is AlphaGo, which learned to defeat world-champion Go players by playing millions of games against itself and learning which moves led to victory.Robotics: RL is used to train robotic arms to pick up objects or hexapod robots to walk. The robot receives a ""positive reward"" for moving forward and a ""negative reward"" for falling over.+1Recommendation Engines: Some systems use RL to suggest content. If you click a video (positive reward), the system learns to show more of that type; if you skip it (negative reward), it adjusts its future suggestions.",
T014,A-6,6. Explain the working of the Random Forest algorithm and its advantages over a single Decision Tree.,5,"A Random Forest is an ensemble learning method that builds a ""forest"" of multiple decision trees to produce a more accurate and stable prediction. It operates on the principle of Bagging (Bootstrap Aggregating), which suggests that a large number of uncorrelated models (trees) operating as a committee will outperform any of the individual constituent models.

How It Works
Bootstrapping: The algorithm creates multiple random subsets of the original dataset by sampling with replacement. This means some data points may appear multiple times in one subset and not at all in another.

Feature Randomness: When building each tree, the algorithm does not look at all available features. Instead, it selects a random subset of features at each split. This ensures that the trees are different from one another and not all relying on the same dominant variable.

Individual Training: Each decision tree is grown to its maximum depth based on its specific subset of data and features.

Voting/Averaging: For a new data point, every tree in the forest makes a prediction.

In Classification, the final result is the ""majority vote.""

In Regression, the final result is the average of all predictions: =AVERAGE(Tree1, Tree2, ... TreeN).

Advantages over a Single Decision Tree
Reduced Overfitting: A single decision tree is prone to ""memorizing"" the training data (high variance). Random Forest averages out these errors, making it much more robust.

Higher Accuracy: By combining the strengths of many trees, it generally provides a more precise prediction than any single tree could achieve alone.

Handles Missing Data: It is very effective at maintaining accuracy even if a significant portion of the data is missing.

Feature Importance: It provides a clear ranking of which variables are most important in making a prediction, which is helpful for data analysis.",
T014,B-1,"1. Explain the architecture and working of a Deep Neural Network (DNN) Discuss in detail the different layers, the role of weights and biases, Also describe common challenges in training deep networks and methods to overcome them.",5,"A Deep Neural Network (DNN) is an artificial neural network with multiple layers between the input and output. The ""deep"" in deep learning refers to the use of several hidden layers to extract high-level features from raw data.
+1

1. Architecture and Layers
Input Layer: Receives the raw data. Each neuron represents a feature.

Hidden Layers: These are the layers where the actual learning happens. A DNN can have dozens or hundreds of these. Each layer learns increasingly complex representations (e.g., the first layer might detect edges, while later layers detect shapes or objects).
+1

Output Layer: The final layer that produces the prediction (e.g., a probability for a class).

2. Role of Weights and Biases
Each connection between neurons has a Weight, which determines the strength and influence of that input on the next neuron. A Bias is an extra constant added to the sum of inputs; it allows the model to shift the activation function up or down, giving the network the flexibility to fit data that doesn't pass through the origin.
The core math for a neuron is: Result = Activation((Input * Weight) + Bias).

3. Challenges and Solutions
Training deep networks is difficult because as more layers are added, the math becomes unstable.

Vanishing/Exploding Gradients: During backpropagation, gradients (signals to update weights) can become extremely small (vanishing) or infinitely large (exploding).

Solution: Use ReLU activation functions or Batch Normalization to keep values in a healthy range.

Overfitting: Because DNNs have millions of parameters, they easily memorize noise.

Solution: Use Dropout (randomly turning off neurons during training) or L1/L2 Regularization.

Computational Cost: Deep networks require massive power and time.

Solution: Use GPUs and Optimizers like Adam, which adjust the learning rate dynamically.",
T014,B-2,"2. Discuss in detail the working of the Support Vector Machine algorithm for both linear and non-linear classification. Explain the concept of hyperplanes, support vectors, and margin maximization.",5,"A Support Vector Machine (SVM) is a powerful supervised learning algorithm used primarily for classification. Its fundamental goal is to find the best possible boundary that separates different classes of data.

1. Core Concepts: Hyperplanes, Support Vectors, and Margins
The ""magic"" of SVM lies in how it defines the boundary between groups:

Hyperplane: In a 2D space, this is simply a line. In 3D, it’s a plane. Mathematically, it is the decision boundary that separates the classes.
+1

Support Vectors: These are the data points located closest to the hyperplane. They are the most ""critical"" points because if they moved, the boundary would move too. The entire algorithm is built based only on these specific points.

Margin Maximization: SVM doesn't just find any line; it looks for the one with the widest ""buffer zone"" (margin). A larger margin provides better generalization, meaning the model is less likely to misclassify new, unseen data.
+1

2. Linear vs. Non-Linear Classification
Linear Classification:
This is used when the data is ""linearly separable,"" meaning you can draw a straight line to separate the classes. The algorithm solves a mathematical optimization problem to maximize the distance between the closest points of the two groups.

Non-Linear Classification (The Kernel Trick):
Often, data is mixed in a way that a straight line cannot separate it (e.g., a circle of red dots inside a ring of blue dots). To solve this, SVM uses the Kernel Trick. It mathematically projects the low-dimensional, non-linear data into a higher-dimensional space where a linear hyperplane can separate them. Once the boundary is found in the high-dimensional space, it is projected back into the original space, appearing as a curved, non-linear boundary.
+1

3. Advantages of SVM
Effective in High Dimensions: It works well even when the number of features is greater than the number of samples.

Memory Efficient: Since it only relies on Support Vectors to define the boundary, it doesn't need to keep the entire dataset in memory once the model is trained.
",
T014,B-3,"3. Explain the concept and architecture of Convolutional Neural Networks (CNN). Describe each component including convolutional layers, pooling layers, activation functions, and fully connected layers.",5,"A Convolutional Neural Network (CNN) is a specialized type of deep neural network designed primarily for processing structured grid data, such as images. Unlike standard neural networks that treat images as a flat list of pixels, CNNs preserve the spatial relationship between pixels, allowing them to recognize patterns like edges, textures, and complex objects.The Architecture and Components1. Convolutional Layer (The Feature Extractor)This is the core building block. It uses a small matrix called a Filter (or Kernel) that slides over the input image. At each position, it performs a mathematical operation (dot product) to create a Feature Map. This process helps the network detect specific features like horizontal lines or color gradients.2. Activation Function (ReLU)After each convolution, a non-linear activation function, usually ReLU (Rectified Linear Unit), is applied. It replaces all negative pixel values in the feature map with zero. This helps the model learn complex patterns by introducing non-linearity, ensuring the network isn't just a giant linear calculator.3. Pooling Layer (Downsampling)Pooling reduces the spatial size (width and height) of the feature maps. The most common type is Max Pooling, which takes the maximum value from a small window (e.g., $2 \times 2$). This reduces the number of parameters and computation in the network, and makes the detection of features invariant to small distortions or shifts.4. Fully Connected (FC) LayerAfter several rounds of convolution and pooling, the high-level features are ""flattened"" into a single long vector of numbers. This vector is fed into a Fully Connected Layer (identical to a standard neural network). Here, the model uses the features extracted in the previous steps to make a final classification decision, such as identifying the image as a ""Cat"" or ""Dog.""",
T014,B-4,"4. Describe the concept of Natural Language Processing and its stages in detail. Explain important steps such as tokenization, stop word removal,stemming, lemmatization.",5,"Natural Language Processing (NLP) is a field of Artificial Intelligence that focuses on the interaction between computers and human language. Its objective is to enable machines to read, decipher, understand, and make sense of human languages in a way that is valuable.

Key Stages of NLP Preprocessing
Before a model can analyze text, the data must go through several cleaning stages to transform unstructured sentences into a format a machine can calculate.

Tokenization:
This is the process of breaking down a large body of text into smaller units called tokens (usually words or phrases).

Example: ""AI is fun"" becomes [""AI"", ""is"", ""fun""].

It is the foundational step that helps the machine identify the basic building blocks of the language.

Stop Word Removal:
Stop words are common words like ""is,"" ""the,"" ""at,"" and ""which"" that carry very little unique information. By removing them, the model can focus on the ""heavy-lifting"" words that actually define the meaning of the sentence.
+1

Stemming:
Stemming is a ""crude"" process that chops off the ends of words to find the root. It follows basic rules but doesn't always result in a real word.
+1

Example: ""Running,"" ""Runs,"" and ""Runner"" might all be reduced to ""run"". However, ""Studies"" might become ""studi"".

Lemmatization:
This is a more sophisticated version of stemming. Instead of just chopping words, it uses a dictionary to return a word to its lemma (dictionary form) based on its context.

Example: While a stemmer might turn ""saw"" into ""s,"" a lemmatizer knows that if ""saw"" is a verb, its lemma is ""see"".

Why These Stages Matter
These steps significantly reduce the vocabulary size the model has to learn. By grouping ""playing,"" ""played,"" and ""plays"" into a single concept, the model becomes more efficient and requires less data to understand the intent behind the text.",
T015,A-a,"a) Explain the different types of Machine Learning evaluation metrics used for classification and regression tasks. Describe how accuracy, precision, recall, F1 score, help in understanding model performance.",8,"ML Evaluation Metrics: Classification and Regression (8 Marks)
Evaluation metrics are essential to measure how well a model generalizes to new data. Using the wrong metric can lead to a ""false sense of security,"" especially in imbalanced datasets.

1. Classification Metrics
Classification models predict discrete labels. While Accuracy is the most common metric, it can be misleading if one class dominates the dataset.
+1

Accuracy: The ratio of correct predictions to total predictions. Calculated as: (True Positives + True Negatives) / Total Population.

Precision: Measures quality. Out of all predicted positives, how many were actually positive? This is crucial when the ""cost of a false alarm"" is high (e.g., spam detection).

Recall (Sensitivity): Measures quantity. Out of all actual positives, how many did the model find? This is vital when the ""cost of missing a case"" is high (e.g., cancer diagnosis).
+1

F1-Score: The harmonic mean of Precision and Recall. It provides a single score that balances both, which is particularly useful for imbalanced data.
+1

2. Regression Metrics
Regression models predict continuous numerical values. Performance is measured by the distance between predicted and actual values (Error).
+1

Mean Absolute Error (MAE): The average of the absolute differences between actual and predicted values. It is easy to interpret as it is in the same units as the target variable.

Mean Squared Error (MSE): The average of the squares of the errors. Because it squares the difference, it penalizes large errors (outliers) more heavily than MAE.
+1

R-Squared (Coefficient of Determination): Indicates how much of the variance in the dependent variable is explained by the model. A value of 1.0 indicates a perfect fit.",
T015,A-b,b). Describe the K-Nearest Neighbor algorithm. Explain its working step-by-step and discuss the importance of the parameter k.,8,"The K-Nearest Neighbors (KNN) algorithm is a simple, versatile, and non-parametric supervised learning method used for both classification and regression. It operates on a fundamental principle: ""birds of a feather flock together."" It assumes that similar data points exist in close proximity within the feature space.Step-by-Step WorkingSelect K: Choose the number of neighbors ($K$) to consider.Calculate Distance: When a new data point arrives, the algorithm calculates the distance between this point and all other points in the training set. The most common formula used is Euclidean Distance: =SQRT((x2-x1)^2 + (y2-y1)^2).Find Neighbors: Sort the calculated distances and identify the $K$ points that are closest to the new data point.Vote (Classification) or Average (Regression):For Classification: The algorithm looks at the labels of the $K$ neighbors. The new point is assigned to the class that appears most frequently (majority voting).For Regression: The algorithm calculates the average value of the $K$ neighbors to provide a numerical prediction.Importance of the Parameter KThe choice of $K$ is the most critical part of the algorithm as it controls the balance between Bias and Variance:Small K (e.g., K=1): The model becomes highly sensitive to noise and outliers. This leads to high variance and overfitting, where the decision boundary is overly jagged and complex.Large K: The model becomes more stable and ""smooths out"" the noise. However, if $K$ is too large, it may include points from other classes, leading to high bias and underfitting.Optimal K: Usually found using cross-validation. A common rule of thumb is to choose an odd number (like 3, 5, or 7) to avoid ""ties"" in classification.",
T015,A-c,c). What is Data Imbalance in Machine Learning? Explain its impact on model performance and discuss techniques used to handle,8,"Data Imbalance occurs when the classes in a dataset are not represented equally. In a binary classification problem, this means one class (the Majority Class) significantly outweighs the other (the Minority Class). This is common in real-world scenarios like credit card fraud detection, where 99.9% of transactions are legitimate and only 0.1% are fraudulent.
+1

Impact on Model Performance
The primary danger of imbalanced data is that most machine learning algorithms are designed to maximize overall Accuracy.

The Accuracy Trap: A model can achieve 99% accuracy by simply predicting the majority class every single time. While the accuracy is high, the model is useless because it fails to detect the very thing it was built to find (the minority class).
+1

Bias Toward Majority: The decision boundary gets pushed toward the minority class, meaning the model becomes ""blind"" to the patterns of the smaller group, leading to high False Negatives.

Techniques to Handle Data Imbalance
To build a reliable model, we must use specific strategies to rebalance the data or the learning process:

Resampling Techniques:

Oversampling: Increasing the number of minority class samples. A popular method is SMOTE (Synthetic Minority Over-sampling Technique), which creates artificial examples instead of just duplicating existing ones.
+1

Undersampling: Randomly removing samples from the majority class. This is effective but risks losing important information.

Algorithmic Adjustments:

Cost-Sensitive Learning: Changing the ""loss function"" to penalize mistakes on the minority class more heavily than mistakes on the majority class.

Tree-Based Ensembles: Algorithms like Random Forest and XGBoost often handle imbalance better than linear models because they partition the feature space hierarchically.

Using the Right Metrics:
Instead of Accuracy, evaluate the model using the Precision-Recall Curve, F1-Score, or the Area Under the ROC Curve (AUC-ROC). These metrics provide a clearer picture of how well the model identifies the minority class.",
T015,A-d,d). Explain the working of Gradient Boosting in detail. Discuss how it builds models sequentially and how weak learners are combined to form a strong model.,8,"Gradient Boosting is a powerful ensemble machine learning technique that builds a strong predictive model by combining the predictions of multiple weak learners (typically simple decision trees). Unlike Random Forest, where trees are built independently in parallel, Gradient Boosting builds trees sequentially.
+1

How it Builds Models Sequentially
The core philosophy of Gradient Boosting is to ""learn from mistakes."" The process follows these iterative steps:

Initialize with a Base Model: The process starts with a very simple model, usually a single leaf that predicts the average value of the target variable for all observations.

Calculate Residuals (Errors): The algorithm calculates the difference between the actual values and the current predictions. These errors are called Residuals.

Train a Weak Learner on Residuals: A new decision tree is trained, but not on the original data—it is trained specifically to predict the residuals from the previous step.

Update the Model: The predictions from the new tree are added to the previous model's predictions. However, to prevent overfitting, a Learning Rate (a small value like 0.1) is applied to the new tree’s contribution.
+1

Repeat: This process repeats for a specified number of iterations, with each new tree attempting to correct the errors left behind by the combined ensemble of all previous trees.

Combining Weak Learners into a Strong Model
In Gradient Boosting, ""Boosting"" refers to the conversion of a weak learner (a model only slightly better than random guessing) into a strong learner.

Gradient Descent: The algorithm uses a gradient descent optimization process to minimize the Loss Function (the measure of error). Each new tree represents a step in the direction that most reduces the loss.

Additive Modeling: The final prediction is the sum of the initial prediction plus all the scaled contributions of the sequential trees.

Outcome: By the end of the process, the ensemble has effectively ""boosted"" the accuracy by focusing purely on the areas where the previous iterations failed.",
T015,A-e,e). Explain the concept of Transfer Learning. Discuss how pre-trained models are used to solve new tasks with limited data and mention common applications of transfer learning.,8,"Transfer Learning is a machine learning research problem that focuses on storing knowledge gained while solving one problem and applying it to a different but related problem. In traditional machine learning, we train a model from scratch for every new task. Transfer learning breaks this pattern by using a ""head start.""

Using Pre-trained Models with Limited Data
Training deep neural networks requires massive datasets and immense computational power. Pre-trained models (like ImageNet for vision or BERT for text) have already learned to identify fundamental features.
+1

Feature Extraction: The ""base"" of a pre-trained model—which has learned edges, shapes, and textures—is kept frozen. We only replace the final output layer to suit our specific task (e.g., identifying a specific medical condition instead of general objects).

Fine-Tuning: If we have a bit more data, we can ""unfreeze"" some of the deeper layers and train them with a very low learning rate. This allows the model to adapt its high-level knowledge to the nuances of the new dataset.
+1

Efficiency: Because the model already understands the ""language"" of the data (be it pixels or words), it can achieve high accuracy with only a few hundred examples instead of millions.

Common Applications
Medical Imaging: Using a model trained on millions of general photos to detect rare diseases in X-rays or MRIs where data is scarce.

Natural Language Processing (NLP): Using models like GPT or BERT, which ""understand"" grammar and context, to perform specific tasks like sentiment analysis or legal document summarization.

Autonomous Driving: Pre-training models in high-fidelity simulations and then transferring that knowledge to real-world cars.

Speech Recognition: Adapting a general English voice model to recognize specific accents or technical jargon.",
T015,A-f,"f). What are Hyperparameters in Machine Learning? Explain why they are important and describe common hyperparameters for algorithms like Decision Trees, Neural Networks, and Gradient Boosting models.",8,"In machine learning, Hyperparameters are the external configurations set by the data scientist before the training process begins. Unlike Parameters (like weights and biases), which the model learns automatically from the data, hyperparameters are ""tuning knobs"" that govern how the learning process itself behaves.Why Hyperparameters are ImportantHyperparameters are the primary tools used to control the Bias-Variance Tradeoff.Model Performance: They directly impact how well a model can find patterns. A poor choice of learning rate, for example, might cause a model to never find the optimal solution.+1Overfitting vs. Underfitting: Many hyperparameters act as ""regularizers."" By limiting the complexity of a model (e.g., the depth of a tree), they prevent the model from memorizing noise in the training data.Training Efficiency: They determine the speed and computational resources required. Some settings can make training 10x faster or significantly more memory-efficient.Common Hyperparameters by Algorithm1. Decision TreesMax Depth: Limits how many levels the tree can grow. Deeper trees capture more detail but often overfit.+1Min Samples Split: The minimum number of data points required to split a node further.Criterion: The function used to measure the quality of a split (e.g., ""Gini Impurity"" or ""Entropy"").2. Neural NetworksLearning Rate: Controls how much the weights are adjusted during each step of Gradient Descent. Too high, and the model overshoots; too low, and it takes forever to learn.Batch Size: The number of training examples used in one iteration to update the weights.Epochs: The number of times the entire dataset passes through the network.Dropout Rate: The percentage of neurons randomly ""turned off"" during training to prevent co-dependency.3. Gradient Boosting ModelsNumber of Estimators ($n\_estimators$): The total number of sequential trees to be built.Learning Rate (Shrinkage): Determines the contribution of each individual tree.Subsample: The fraction of observations to be used for fitting the individual base learners.",
T015,B-a,a). Explain the main steps involved in data preprocessing in machine learning.,5,"Data preprocessing is a critical step in the ML pipeline that involves transforming raw data into a clean, structured format suitable for modeling. Since real-world data is often incomplete, inconsistent, or noisy, preprocessing ensures the model receives high-quality input.
+1

Main Steps Involved:
Data Cleaning:
This involves handling missing values (by removing rows or filling them via imputation) and identifying outliers that could skew results. It also includes removing duplicate entries to prevent bias.
+1

Data Transformation:
Raw data often comes in different scales. Normalization (scaling to a range of 0–1) or Standardization (scaling to a mean of 0 and variance of 1) ensures that features with larger numerical values do not dominate the model.

Handling Categorical Data:
Most algorithms only understand numbers. Techniques like One-Hot Encoding or Label Encoding convert text-based categories (e.g., ""Red"", ""Blue"") into numerical vectors.

Feature Selection & Extraction:
To reduce complexity, we select the most relevant variables or use techniques like PCA to merge multiple features into a smaller set of meaningful components.",
T015,B-b,b). What is ensemble learning? Describe the working of bagging and boosting methods.,5,"Ensemble Learning is a technique that combines multiple individual models (often called ""base learners"") to create a single, more powerful model. The goal is to improve overall performance—increasing accuracy while reducing the risk of errors that a single model might make.

1. Bagging (Bootstrap Aggregating)
Bagging focuses on reducing variance (overfitting). It builds multiple versions of the same model (usually decision trees) in parallel.
+1

Working: It creates random subsets of the training data by sampling with replacement. Each model is trained independently on a different subset. The final prediction is made by voting (for classification) or averaging (for regression).
+1

Example: Random Forest is the most popular bagging-based algorithm.

2. Boosting
Boosting focuses on reducing bias (underfitting). It builds models sequentially, where each new model tries to correct the errors made by the previous ones.
+1

Working: The first model is trained on the data. The next model is given ""weighted"" data, where the points misclassified by the first model are given more importance. This continues until the errors are minimized.
+1

Example: XGBoost and AdaBoost are common boosting algorithms.",
T015,B-c,c). Explain the need for feature scaling and differentiate between normalization and standardization.,5,"Feature Scaling is a preprocessing step used to bring all independent variables into a similar range. Many machine learning algorithms use distance-calculated measures (like Euclidean distance). If one feature has a range from 0 to 1 and another from 0 to 1,000, the algorithm will assume the larger-scale feature is 1,000 times more important, even if it isn't.+1Why We Need ItGradient Descent Convergence: In algorithms like Neural Networks or Linear Regression, scaling helps the optimization process reach the minimum error much faster.Distance-Based Algorithms: Algorithms like KNN, SVM, and K-Means will be completely biased toward features with larger magnitudes without scaling.Normalization vs. StandardizationNormalization (Min-Max Scaling)This technique rescales the data into a fixed range, usually between 0 and 1.Formula: $x_{new} = \frac{x - x_{min}}{x_{max} - x_{min}}$When to use: Use this when you know your data does not follow a Gaussian (Bell Curve) distribution, or when the algorithm requires a specific bounded range (like Image Processing).Standardization (Z-Score Normalization)This technique rescales data so that it has a mean of 0 and a standard deviation of 1.Formula: $x_{new} = \frac{x - \mu}{\sigma}$When to use: Use this when your data follows a Normal distribution. Unlike normalization, standardization does not have a bounding range and is much more robust to outliers.",
T015,B-d,d). What is cross-entropy loss? Describe its use in classification models.,5,"Cross-Entropy Loss, also known as log loss, is the most commonly used loss function for classification models. It measures the performance of a model whose output is a probability value between 0 and 1.
+1

How It Works
The core idea is to penalize the model based on how far its predicted probability is from the actual label (0 or 1).

If the actual label is 1 and the model predicts a probability of 0.9, the loss is very low.

If the actual label is 1 and the model predicts a probability of 0.1, the loss is very high.

The penalty increases exponentially as the predicted probability approaches the opposite of the true label. This logarithmic nature ensures that the model is heavily ""punished"" for being confident and wrong.

Use in Classification Models
Binary Classification: Used with a Sigmoid activation function in the final layer to predict the probability of a single class.

Multi-class Classification: Known as Categorical Cross-Entropy, it is used with a Softmax activation function. The model generates a probability distribution across all classes, and the loss is calculated by comparing this distribution to the ""One-Hot Encoded"" actual label.

Optimization: In Neural Networks, Cross-Entropy is preferred over Mean Squared Error for classification because it provides a steeper gradient, which helps the model learn and converge much faster during backpropagation.",
T015,B-e,e). Explain the role of optimization algorithms in training machine learning models.,5,"Optimization algorithms are the ""engines"" of machine learning. Their primary role is to minimize the Loss Function by iteratively adjusting the model’s internal parameters (weights and biases) to improve accuracy.

1. The Goal: Finding the Global Minimum
During training, the loss function represents the error between the model's predictions and the actual data. Optimization algorithms navigate the ""loss landscape"" to find the lowest possible point, known as the Global Minimum. At this point, the model's error is minimized.
+1

2. How They Work (Gradient Descent)
Most optimizers are based on Gradient Descent. They calculate the ""gradient"" (the slope of the error) and take steps in the opposite direction.
+1

If the slope is steep, the optimizer makes a larger adjustment.

If the slope is flat, the optimizer makes smaller adjustments as it approaches the bottom.

3. Common Optimization Algorithms
Stochastic Gradient Descent (SGD): Updates weights using only one data point at a time. It is fast but can be ""noisy"" and erratic.

Adam (Adaptive Moment Estimation): Currently the most popular optimizer. It calculates individual learning rates for different parameters, making it highly efficient for complex deep learning tasks.
[Image showing the comparison of different optimization algorithms reaching the minimum]

4. Importance of Learning Rate
The optimizer relies on a Learning Rate to determine the size of the steps it takes.

Too large: The optimizer might ""overshoot"" the minimum and never converge.

Too small: The training will be incredibly slow and might get stuck in a ""Local Minimum"" (a shallow dip that isn't the best solution).",
T015,B-f,f). What is dimensionality reduction? Describe any one method used for it.,5,"Dimensionality Reduction is the process of reducing the number of input variables (features) in a dataset while retaining as much relevant information as possible. In many real-world datasets, having too many features (the ""Curse of Dimensionality"") can lead to high computational costs, overfitting, and difficulty in visualization.
+1

Why It Is Needed
Reduces Overfitting: By removing redundant or noisy features, the model focuses only on the most important patterns.

Improves Performance: Fewer features mean faster training times and less memory usage.

Data Visualization: It allows us to compress high-dimensional data (e.g., 100 features) into 2D or 3D plots to identify clusters.

Principal Component Analysis (PCA)
PCA is the most widely used linear dimensionality reduction technique. It transforms a large set of variables into a smaller one that still contains most of the information in the original set.

How PCA Works:

Standardization: The data is scaled so that all features contribute equally.

Covariance Matrix Computation: The algorithm identifies how variables vary from the mean with respect to each other (finding correlations).

Identifying Principal Components: PCA finds new, uncorrelated variables called Principal Components (PCs).

PC1 is the direction along which the data varies the most.

PC2 is perpendicular to PC1 and captures the next highest variance.

Feature Projection: The original data is projected onto these new axes. We can choose to keep only the top 2 or 3 components, effectively reducing the dimensions.",
T015,B-g,g). Explain how a decision tree works and mention its advantages and disadvantages. --- PAGE 2 ---,5,"A Decision Tree is a flowchart-like supervised learning algorithm used for both classification and regression. It mimics human decision-making by splitting data into branches based on feature values until a final decision (leaf) is reached.

How It Works
The algorithm builds a tree structure through a process called Recursive Partitioning:

Root Node Selection: The process starts at the top (Root Node) by selecting the feature that best splits the data. This is determined using metrics like Gini Impurity or Information Gain.

Splitting: The dataset is divided into subsets based on the selected feature's values.

Decision Nodes: The algorithm repeats the process for each branch, creating ""Decision Nodes"" that further refine the data.

Leaf Nodes: The process stops when a stopping criterion is met (e.g., maximum depth reached) or when the data in a node is ""pure"" (all belong to one class). These final nodes are the Leaf Nodes, representing the predicted outcome.Advantages Disadvantages
Interpretability: Highly transparent; easy to visualize and explain to non-technical stakeholders. Overfitting: Extremely prone to creating over-complex trees that do not generalize well to new data.
No Scaling Required: Works perfectly with raw data; does not require normalization or standardization. Instability: Small changes in the data can lead to a completely different tree structure.
Handles Mixed Data: Naturally handles both numerical and categorical data without extensive encoding. Bias: Can be biased toward features with more levels or categories.",
T016,A-1,1. What is data augmentation? Explain its importance in deep learning.,5,"Data Augmentation is a technique used to artificially expand a training dataset by creating modified versions of existing data points. Instead of collecting new raw data, it applies random, label-preserving transformations to the original samples. In Computer Vision, this includes operations like rotating, flipping, or adjusting the brightness of an image; in NLP, it may involve synonym replacement or back-translation.
+2

Importance in Deep Learning
The primary importance of augmentation lies in improving generalization and reducing overfitting. Deep Learning models are ""data-hungry"" and prone to memorizing specific pixel patterns or sequences in small datasets.

Feature Invariance: It teaches the model that an object’s identity remains the same despite changes in orientation or lighting.

Regularization: By introducing noise and variety, it acts as a regularizer, forcing the network to learn robust, high-level features rather than noise.

Cost Efficiency: It significantly increases the effective size of the dataset without the immense cost of manual labeling.

Ultimately, it bridges the gap between limited training data and the complex, unpredictable variations found in the real world.",
T016,A-2,2. Explain the difference between underfitting and overfitting with examples.,5,"These two concepts represent the fundamental struggle in machine learning: finding the ""sweet spot"" between a model being too simple and too complex.

1. Underfitting
Underfitting occurs when a model is too simple to capture the underlying patterns of the data. It performs poorly on both the training data and new data. This usually happens when we use a linear model for non-linear data or provide insufficient features.
+2

Example: Trying to predict house prices using only ""the number of windows."" It is an oversimplification that fails to capture the complexity of real estate.

Visual: High bias, low variance.

2. Overfitting
Overfitting occurs when a model is too complex and starts to ""memorize"" the noise and random fluctuations in the training data rather than the actual patterns. It performs perfectly on training data but fails on unseen data.

Example: A student who memorizes every specific question in a textbook but fails a test because the numbers in the problems were slightly changed.

Visual: Low bias, high variance.
",
T016,A-3,3. What is a decision boundary? Give an intuitive explanation with an example.,5,"A Decision Boundary is a conceptual ""partition"" or surface that a machine learning model creates to separate different classes in a dataset. It is the geometric line (in 2D), plane (in 3D), or hyperplane (in higher dimensions) where the model's prediction switches from one category to another.
+1

Intuitive Explanation
Think of a decision boundary as a ""fence"" built by the model. On one side of the fence, the model is confident that the data belongs to Class A; on the other side, it believes the data belongs to Class B. Points that fall exactly on the boundary are the most ambiguous, where the model's probability for either class is exactly 50%.

Example: Spam Detection
Imagine you are classifying emails based on two features: Number of Links and Number of Typos.

The Data: Legitimate emails usually have few links and few typos. Spam emails often have many of both.

The Boundary: A simple model might draw a diagonal line across the graph. If an incoming email has a combination of links and typos that places it ""above"" the line, the model flags it as Spam. If it falls ""below,"" it is marked as Inbox.

The complexity of this boundary depends on the algorithm: Logistic Regression creates straight lines (linear), while Random Forests or Neural Networks can create complex, zig-zagging boundaries (non-linear) to fit more intricate patterns.",
T016,A-4,4. Explain dropout and how it helps in regularizing neural networks.,5,"Dropout is a powerful regularization technique used to prevent overfitting in deep neural networks. During the training phase, dropout works by randomly ""dropping out"" (setting to zero) a percentage of neurons in a specific layer for each training step.+1How It WorksFor every iteration of training, a subset of neurons is deactivated with a probability $p$ (e.g., $0.5$). This means these neurons do not contribute to the forward pass and their weights are not updated during the backward pass. Crucially, the set of dropped neurons changes every time the model sees a new batch of data. During testing (inference), all neurons are used, but their outputs are scaled down to account for the missing active neurons during training.+1How It Helps in RegularizationReduces Co-dependency: In a standard network, neurons often develop ""co-dependencies"" where they rely on the presence of specific other neurons to correct their errors. Dropout breaks these bonds, forcing each neuron to learn useful features independently.+1Ensemble Effect: Dropout can be viewed as a way of training a massive number of different, ""thinned"" neural networks simultaneously. When testing, the model essentially averages the predictions of all these smaller networks, leading to a more robust final result.+1Prevents Memorization: By constantly changing the network architecture, the model is prevented from simply memorizing the training samples and is instead forced to learn the underlying patterns that generalize to new data.",
T016,A-5,5. What is tokenization in NLP? Mention two tokenization methods.,5,"Tokenization is the fundamental process of breaking down a continuous stream of text (like a sentence or a paragraph) into smaller, manageable units called tokens. These tokens serve as the basic building blocks that a machine learning model uses to process language. For a computer, raw text is just a string of characters; tokenization gives that string structure by identifying distinct meaningful elements.

Importance in NLP
It is the first step in the NLP pipeline. By converting text into tokens, we can transform words into numerical vectors (embeddings) that the model can mathematically analyze.

Two Common Tokenization Methods
Word-level Tokenization:
The text is split based on whitespace or punctuation. Each word becomes a single token.

Example: ""I love AI!"" becomes [""I"", ""love"", ""AI"", ""!""].

Limitation: It creates a massive vocabulary and struggles with ""Out-of-Vocabulary"" (OOV) words.

Subword Tokenization (e.g., BPE or WordPiece):
Frequent words remain whole, but rare words are broken into smaller, meaningful sub-units or characters.
+1

Example: The word ""unhappiness"" might be split into [""un"", ""happi"", ""ness""].

Advantage: This is used by modern models like BERT and GPT because it handles rare words efficiently and keeps the vocabulary size manageable.",
T016,B-1,1. Describe the Expectationâ€”Maximization (EM) algorithm with its steps and applications.,5,"The Expectation–Maximization (EM) algorithm is an iterative mathematical framework used to find the maximum likelihood estimates of parameters in statistical models that involve latent (hidden) variables. It is particularly useful when the data is incomplete or has missing values that prevent direct calculation.

Steps of the EM Algorithm
The algorithm alternates between two main steps until the model converges on a stable solution:

Expectation Step (E-Step):
Using the current estimate of the parameters, the algorithm calculates the probability (expectation) of each latent variable. Essentially, it ""guesses"" the missing data based on the observed data and the current model.

Maximization Step (M-Step):
The algorithm treats the ""guessed"" data from the E-step as real and re-calculates the parameters (like mean or variance) to maximize the likelihood of the data. It ""updates"" the model to better fit the newly estimated values.

Common Applications
Clustering (Gaussian Mixture Models): EM is the engine behind GMMs, where it determines which ""cluster"" a data point belongs to (latent variable) and the shape of the clusters (parameters).

Missing Data Imputation: Filling in gaps in datasets where certain values were never recorded.

Natural Language Processing: Used in training Hidden Markov Models (HMMs) for speech recognition and part-of-speech tagging.

Image Reconstruction: Used in medical imaging (like PET scans) to handle noise and incomplete signal data.",
T016,B-2,2. Explain Dimensionality Reduction and compare PCA with Linear Discriminant Analysis (LDA).,5,"Dimensionality Reduction is the process of reducing the number of input variables (features) in a dataset while preserving as much meaningful information as possible. It is essential for combatting the ""Curse of Dimensionality,"" reducing computational costs, and mitigating overfitting.

Principal Component Analysis (PCA)
PCA is an unsupervised algorithm that focuses on variance. It transforms the data into a new coordinate system, where the first axis (Principal Component 1) captures the highest possible variance, the second axis captures the next highest, and so on.
+1

Goal: To find the directions (components) that maximize the spread of the data.

Key Characteristic: It ignores class labels; it only cares about the overall ""shape"" of the data.

Linear Discriminant Analysis (LDA)
LDA is a supervised algorithm that focuses on class separability. It projects data into a lower-dimensional space in a way that maximizes the distance between the means of different classes while minimizing the spread within each class.

Goal: To find a feature space that makes different classes as distinct as possible.

Key Characteristic: It requires class labels to function.

Key Differences
Supervision: PCA is unsupervised (no labels needed); LDA is supervised (requires labels).

Objective: PCA seeks to preserve the maximum information (variance); LDA seeks to preserve the maximum discrimination between categories.

Use Case: PCA is typically used for general data compression and noise reduction; LDA is used as a preprocessing step for classification tasks.",
T016,B-3,3. Discuss Generative Adversarial Networks (GANs). Explain the roles of the generator and discriminator.,5,"A Generative Adversarial Network (GAN) is a class of machine learning frameworks where two neural networks contest with each other in a ""zero-sum"" game. This architecture allows the model to learn how to generate new, synthetic data that is indistinguishable from real data (such as photorealistic faces or artwork).
+1

The Role of the Generator
The Generator acts like a ""counterfeiter."" Its goal is to create data (like an image) from random noise.
+1

Input: A vector of random numbers (latent noise).

Objective: To produce a sample so realistic that the Discriminator cannot tell it is fake.

Learning: It improves by receiving feedback from the Discriminator. If the Discriminator catches a fake, the Generator adjusts its weights to produce more convincing results in the next round.
+1

The Role of the Discriminator
The Discriminator acts like a ""detective"" or an ""art critic."" Its goal is to distinguish between real data from the training set and fake data produced by the Generator.
+1

Input: Both real samples and synthetic samples.

Objective: To correctly classify ""Real"" as 1 and ""Fake"" as 0.

Learning: It improves by comparing its predictions against the ground truth (knowing which sample actually came from the dataset).

The Adversarial Process
The two networks are trained simultaneously. As the Discriminator gets better at spotting fakes, the Generator must get better at creating them. Eventually, the Generator becomes so skilled that the Discriminator is forced to guess with 50% accuracy—at which point the model has reached Nash Equilibrium",
T016,B-4,4. Explain the concept of Markov Decision Processes (MDP) in reinforcement learning and describe each component.,5,"A Markov Decision Process (MDP) is a mathematical framework used to describe an environment for Reinforcement Learning. It provides a formal way to model decision-making where outcomes are partly random and partly under the control of a decision-maker (the Agent).

The core assumption is the Markov Property: the future state depends only on the current state and action, not on the sequence of events that preceded it (the ""future is independent of the past, given the present"").

The Components of an MDP
An MDP is defined by five key components, often represented as a tuple (S, A, P, R, Gamma):

State (S): A set of all possible situations or configurations the agent can find itself in. For a robot in a room, the state would be its current coordinates.

Action (A): A set of all possible moves the agent can make. From a specific state, an agent might choose to move ""North,"" ""South,"" ""East,"" or ""West.""

Transition Probability (P): This describes the ""rules"" or physics of the environment. It is the probability that taking a specific action in a specific state will lead to a new state. For example, if a floor is slippery, moving ""North"" might only have an 80% chance of succeeding.

Reward (R): The immediate feedback (a numerical value) the agent receives after performing an action. Positive rewards encourage behavior, while negative rewards (penalties) discourage it.

Discount Factor (Gamma): A value between 0 and 1 that determines how much the agent cares about future rewards compared to immediate rewards. A value near 0 makes the agent ""short-sighted,"" while a value near 1 makes it ""farsighted.""",
T016,B-5,"5. Explain Time Series Forecasting using ML models such as ARIMA, LSTMs, and Prophet.",5,"Time series forecasting involves predicting future values based on previously observed values ordered in time. Unlike standard regression, time series data has a temporal dependency, meaning the order of data points matters significantly.

1. ARIMA (AutoRegressive Integrated Moving Average)
ARIMA is a classic statistical model used for analyzing and forecasting time series data. It works by looking at the relationship between an observation and a number of lagged (past) observations.

How it works: it combines Autoregression (using past values), Integration (differencing the data to make it ""stationary"" or stable), and Moving Average (using past forecast errors).

Best for: Short-term forecasting where the data patterns are relatively stable and linear.

2. LSTM (Long Short-Term Memory)
LSTMs are a specialized type of Recurrent Neural Network (RNN) designed to learn long-term dependencies in sequential data.

How it works: Unlike traditional models, LSTMs have a ""memory cell"" and ""gates"" (input, forget, and output gates) that decide which information from the past should be kept or discarded.

Best for: Complex, non-linear data with long-term patterns, such as stock market fluctuations or speech recognition, where distant past events influence the future.

3. Prophet
Prophet is an open-source forecasting tool developed by Meta (Facebook). It is designed to handle the common features of business time series.

How it works: It uses an additive model where non-linear trends are fit with yearly, weekly, and daily seasonality, plus holiday effects. It is very robust to missing data and shifts in the trend.

Best for: Business applications with strong seasonal patterns and several seasons of historical data (e.g., retail sales or website traffic).",
T016,C-1,1. Define supervised learning with an example.,2,"Supervised Learning is a type of machine learning where a model is trained on a labeled dataset. This means for every input, the correct output (ground truth) is provided. The model learns a mapping function to predict the output for new, unseen data.

Example: In Email Spam Detection, the model is fed thousands of emails labeled as ""Spam"" or ""Not Spam."" It learns to identify patterns (like specific keywords) to classify future incoming emails.",
T016,C-2,2. What is precision in classification metrics?,2,"Precision measures the accuracy of a model's positive predictions. It answers the question: ""Of all the instances the model flagged as positive, how many were actually correct?""

It is calculated by dividing True Positives by the sum of True Positives and False Positives. High precision is crucial when the ""cost"" of a false alarm is high.
+1

Example: In spam detection, high precision ensures that important work emails aren't accidentally moved to the spam folder.",
T016,C-3,3. Explain the term kernel function.,2,"A Kernel Function is a mathematical tool used in algorithms like Support Vector Machines (SVM) to handle non-linear data. It calculates the similarity between two points in a high-dimensional space without actually performing the complex transformation coordinates. This is often called the ""Kernel Trick.""

Example: If data points are arranged in a circle and cannot be separated by a straight line in 2D, a kernel function projects them into 3D, where a flat plane can easily divide the classes.",
T016,C-4,4. Define feature scaling.,2,"Feature Scaling is a data preprocessing technique used to normalize the range of independent variables or features of data. In machine learning, it ensures that all features contribute equally to the model’s result, preventing features with larger numeric values from dominating those with smaller ones.
+1

Example: If one feature is ""Age"" (0–100) and another is ""Annual Income"" (0–100,000), a model might incorrectly assume income is more important simply because the numbers are larger. Scaling brings both to a similar range, like 0 to 1.",
T016,C-5,5. What is bagging?,2,"Bagging (short for Bootstrap Aggregating) is an ensemble learning technique designed to improve the stability and accuracy of machine learning algorithms. It works by reducing variance, which helps prevent a model from overfitting to the training data.

How it works: The algorithm creates multiple subsets of the original data by sampling with replacement (bootstrapping). A separate model is trained on each subset, and their individual predictions are combined—usually by voting for classification or averaging for regression.
+1

Example: Random Forest is a famous bagging algorithm that uses many decision trees to reach a single, robust conclusion.",
T016,C-6,6. Explain gradient vanishing. --- PAGE 2 ---,2,"Vanishing Gradient is a problem encountered during the training of deep neural networks where the gradients (signals used to update weights) become extremely small as they are backpropagated from the output layer toward the input layer.

Because the gradient shrinks at each layer, the weights of the initial layers barely change, preventing the network from learning effectively. This often happens with activation functions like Sigmoid or Tanh, which ""squash"" inputs into a small range.
+1

Solution: Using the ReLU (Rectified Linear Unit) activation function or Batch Normalization helps keep the gradients healthy and flowing.",
T017,A-1,1 . Give 5 Domains of AI,3,"AI is a versatile field with applications across nearly every industry. Five key domains include:

Computer Vision: Enables machines to interpret visual data from the world, used in facial recognition and autonomous vehicles.

Natural Language Processing (NLP): Focuses on the interaction between computers and human language, powering chatbots and real-time translation.

Robotics: Involves designing AI-powered machines that can perform physical tasks, such as automated assembly lines or surgical assistants.

Expert Systems: Programs that mimic the decision-making ability of a human expert in specialized fields like medical diagnosis or financial planning.

Machine Learning: The core domain that uses algorithms to identify patterns in data, essential for recommendation engines and fraud detection.",
T017,A-2,2. what is data preprocessing ?and why it is important?,3,"Data Preprocessing is the process of cleaning and transforming raw data into a format that is suitable for a machine learning model. Raw data is often ""messy""—it may contain errors, missing values, inconsistent formats, or noise that can confuse an algorithm.
+1

Why It Is Important
Accuracy: ""Garbage in, garbage out."" High-quality data is essential for accurate predictions. If the data is biased or incorrect, the model will be too.

Efficiency: Properly formatted data allows models to train faster and consume less computational power.

Consistency: It handles missing values and outliers that would otherwise cause mathematical errors during the training process.

Feature Compatibility: It scales numbers (like age and salary) to similar ranges so that one feature doesn't unfairly dominate others.",
T017,A-3,"3 . what are hyperparameters ? , give two example",3,"Hyperparameters are the external configurations set by the practitioner before the training process begins. Unlike model parameters (like weights and biases), which the model learns automatically from the data, hyperparameters remain constant during training and directly control how the learning process behaves.

They are essential because they determine the model’s architecture and its ability to generalize to new data. If hyperparameters are set incorrectly, the model may overfit or fail to learn at all.
+1

Two Examples
Learning Rate: This controls how much the model changes its weights in response to the estimated error each time it is updated. A rate that is too high might cause the model to overshoot the optimal solution, while a rate that is too low makes training painfully slow.
+1

Number of Hidden Layers: In a neural network, this defines the complexity of the model's architecture. More layers allow the model to learn more complex patterns but increase the risk of overfitting.",
T017,A-4,4 . Explain types of clustering,3,"Clustering is an unsupervised learning technique that groups similar data points together. There are four primary types:

Centroid-based Clustering: Organizes data into non-overlapping clusters based on the distance to a central point (centroid).

Example: K-Means. It is efficient but requires you to specify the number of clusters in advance.
+1

Density-based Clustering: Connects areas of high point density into clusters. It is excellent for finding clusters of arbitrary shapes and identifying outliers (noise).
+1

Example: DBSCAN. It doesn't force every point into a cluster if it's in a sparse region.

Hierarchical Clustering: Builds a multi-level hierarchy of clusters. It can be ""bottom-up"" (merging small clusters) or ""top-down"" (splitting one big cluster).

Example: Agglomerative Clustering. Results are often visualized using a tree-like diagram called a Dendrogram.

Distribution-based Clustering: Assumes data is composed of a mixture of different probability distributions (like Gaussian). It provides the probability that a point belongs to a specific cluster.
+1

Example: Gaussian Mixture Models (GMM).",
T017,A-5,"5. what is classification and regression ?, explain with examples",3,"In machine learning, Classification and Regression are the two primary types of supervised learning. The main difference lies in the nature of the output they predict.
+1

1. Classification
Classification is used when the output variable is categorical (discrete). The goal is to predict which ""class"" or ""label"" a piece of data belongs to.
+1

How it works: It creates a decision boundary to separate different categories.

Example: Email Filtering. A model analyzes an incoming email and classifies it as either ""Spam"" or ""Not Spam."" There is no middle ground; it is one or the other.

2. Regression
Regression is used when the output variable is numerical (continuous). The goal is to predict a specific quantity or value.
+1

How it works: It finds the relationship between variables to map an input to a specific numerical point on a scale.

Example: House Price Prediction. A model takes inputs like square footage and location to predict a specific price, such as $350,500. The output can be any value within a range.",
T017,A-6,6. Give advantages and Disadvantages of Decision tree,3,"A Decision Tree is a versatile supervised learning algorithm used for both classification and regression. It mimics human decision-making by splitting data into branches based on feature values.

Advantages
Easy to Interpret: They are ""white-box"" models. You can easily visualize the logic and explain to non-technical users exactly why a specific decision was made.

Little Data Preparation: Unlike many algorithms, they don't require feature scaling (normalization) or complex handling of missing values.

Handles Multi-type Data: They can process both numerical (age) and categorical (gender) data simultaneously without needing one-hot encoding.

Non-linear Relationships: They can capture complex, non-linear relationships between features without needing a specific mathematical formula.

Disadvantages
Overfitting: High-depth trees often become too complex, memorizing the noise in the training data rather than learning the general pattern.

Instability: Small changes in the data can result in a completely different tree structure being generated.

Bias toward Dominant Classes: If the dataset is imbalanced (e.g., 90% ""Yes"" and 10% ""No""), the tree tends to favor the majority class.",
T017,A-7,7. how to make model underfit and overfit,3,"In machine learning, overfitting occurs when a model learns the training data and its noise too well, while underfitting happens when a model is too simple to capture the underlying pattern.

How to make a model Overfit
To force a model to overfit, you essentially make it ""too powerful"" for the amount of data it has:

Increase Complexity: Add more layers to a neural network or increase the depth of a decision tree.

Train for Longer: In deep learning, increase the number of ""epochs"" so the model keeps adjusting to every tiny error in the training set.

Use More Features: Include irrelevant or redundant variables that allow the model to find coincidental patterns.

Reduce Data: Using a very small dataset makes it easier for the model to ""memorize"" every point.

How to make a model Underfit
To force a model to underfit, you make it ""too weak"" or restricted to learn:

Decrease Complexity: Use a linear model (like Linear Regression) for a complex, non-linear problem.

Over-Regularization: Apply very high ""penalty"" values (like L1/L2 regularization) that prevent the weights from changing enough to learn.

Stop Training Early: End the training process before the model has had a chance to minimize the error.

Remove Key Features: Exclude the actual variables that drive the outcome, leaving the model with no meaningful information to learn from.",
T017,A-8,8. Give 5 application of machine learning in real life,3,"Machine Learning has become an invisible part of our daily routines. Here are five major real-life applications:

Personalized Recommendations: Streaming services like Netflix and Spotify use machine learning to analyze your past behavior and suggest movies or songs that match your preferences. Similarly, Amazon uses it to show ""Products you might like.""

Fraud Detection: Banks and credit card companies use ML to monitor transactions in real-time. By learning your typical spending habits, the system can instantly flag and block a transaction if it occurs in an unusual location or for an abnormally large amount.

Virtual Personal Assistants: Tools like Siri, Alexa, and Google Assistant use Natural Language Processing (NLP) to understand your voice commands, search for information, and perform tasks like setting alarms or playing music.

Healthcare Diagnosis: ML models assist doctors by analyzing medical images (like X-rays or MRIs) to detect diseases such as cancer at much earlier stages than the human eye might catch. They are also used to predict patient readmission risks.

Self-Driving Cars: Autonomous vehicles use deep learning and computer vision to process data from cameras and sensors. This allows the car to ""see"" its surroundings, identify pedestrians, read traffic signs, and make split-second driving decisions.",
T017,A-9,9. state steps in making ML models,3,"Creating a Machine Learning model is a structured process that transforms raw data into an intelligent system. Here are the essential steps:

Problem Definition: Clearly define the goal. Are you predicting a number (Regression) or a category (Classification)? Identifying the right success metrics is crucial here.

Data Collection: Gather relevant data from various sources like databases, APIs, or web scraping. The quality of your model depends entirely on this data.

Data Preprocessing: Clean the data by handling missing values, removing outliers, and encoding categorical variables.

Feature Engineering & Selection: Transform raw data into meaningful features (e.g., extracting ""Day of Week"" from a date) and select the most important ones to reduce noise.

Model Selection: Choose an appropriate algorithm (like Random Forest, SVM, or Neural Networks) based on the problem type and data size.

Training the Model: Split your data into ""Training"" and ""Testing"" sets. Feed the training data to the algorithm so it can learn patterns by adjusting its internal parameters.

Evaluation: Use the test set to check how the model performs on unseen data using metrics like Accuracy, Precision, or Mean Squared Error.


Deployment: Once satisfied, integrate the model into a real-world environment where it can take live inputs and provide predictions.",
T017,A-10,10. importance of data in ML,3,"Data is the foundational element of Machine Learning; without it, an algorithm has no patterns to learn from. Here is why data is considered the ""fuel"" of AI:

Pattern Discovery: ML models do not follow hard-coded rules. Instead, they require vast amounts of data to discover statistical relationships and hidden patterns that humans might miss.
+1

Model Accuracy: The ""Garbage In, Garbage Out"" (GIGO) principle applies here. The quality and quantity of data directly determine how well a model performs. More diverse data helps the model generalize better to real-world scenarios.
+2

Feature Representation: Data provides the raw material for ""features"" (variables). For example, in a housing model, data points like ""square footage"" and ""neighborhood"" are the only way the model understands what a house is.

Evaluation and Validation: Data is essential not just for training, but for testing. We use separate data to ""grade"" the model and ensure it hasn't just memorized the training set (overfitting).",
T017,B-1,"1. Discuss the challenges in machine learning , such as imbalanced data ,missing values , curse of dimensionality and concept drift , Provide solution for each",8,"Machine Learning faces several real-world hurdles that can degrade model performance. Addressing these during the preprocessing and monitoring phases is critical for building robust systems.
+1

1. Imbalanced Data
This occurs when one class significantly outperforms the other (e.g., 99% ""No Fraud"" vs. 1% ""Fraud""). Models become biased toward the majority class, ignoring the minority.
+1

Solution: Use SMOTE (Synthetic Minority Over-sampling Technique) to create artificial minority samples, or perform Under-sampling of the majority class. Evaluation should focus on F1-Score or Precision-Recall rather than simple accuracy.
+1

2. Missing Values
Missing data can lead to biased estimates or cause mathematical errors in many algorithms.

Solution: Use Imputation (filling gaps with Mean, Median, or Mode). For more complex data, use K-Nearest Neighbors (KNN) Imputation to predict the missing value based on similar data points.
+1

3. Curse of Dimensionality
As the number of features (dimensions) increases, the volume of the space grows exponentially, making the data points sparse. This makes it difficult for algorithms to find patterns.

Solution: Use Dimensionality Reduction techniques like PCA (Principal Component Analysis) to compress features, or Feature Selection to remove irrelevant variables.

4. Concept Drift
This happens when the statistical properties of the target variable change over time, making a previously accurate model obsolete (e.g., shopping habits changing after a global pandemic).

Solution: Implement Continuous Monitoring and Online Learning, where the model is periodically retrained on the most recent data to stay aligned with current trends.",
T017,B-2,2. What is Regularization and its role in ML ? explain its types in detail.,8,"Regularization is a technique used to discourage a model from becoming overly complex, which helps prevent overfitting. In Machine Learning, when a model fits the training data too closely, it captures ""noise"" rather than the underlying pattern, leading to poor performance on new data.+1Regularization works by adding a penalty term to the loss function. This penalty discourages the model from assigning excessively high weights ($w$) to any single feature, effectively ""smoothing"" the model's decision boundary.+1The Role of RegularizationReduces Variance: It prevents the model from fluctuating wildly to hit every training data point.Feature Selection: Certain types of regularization can automatically eliminate irrelevant features.Improves Generalization: By keeping weights small, the model becomes more robust and performs better on unseen data.Types of Regularization1. L1 Regularization (Lasso Regression)Lasso stands for Least Absolute Shrinkage and Selection Operator. It adds a penalty equal to the absolute value of the magnitude of coefficients.+1Formula: $Loss = Error + \lambda \sum |w_i|$Key Characteristic: It can shrink some coefficients exactly to zero.Use Case: Excellent for Feature Selection, as it effectively removes unimportant variables from the model.2. L2 Regularization (Ridge Regression)Ridge adds a penalty equal to the square of the magnitude of coefficients.Formula: $Loss = Error + \lambda \sum w_i^2$Key Characteristic: It shrinks coefficients toward zero but never makes them exactly zero. It keeps all features but minimizes their impact.Use Case: Best when you have many features that all contribute slightly to the output.3. Elastic Net RegularizationElastic Net is a hybrid approach that combines both L1 and L2 penalties.Use Case: It is useful when there are multiple correlated features. While Lasso might pick one at random, Elastic Net maintains a group effect, providing a more stable result.",
T017,B-3,"3. What is Ensemble Learning , explain Bagging and Boosting with Examples",8,"Ensemble Learning is a powerful machine learning strategy that combines the predictions of multiple individual models (often called ""base learners"") to produce a single, more accurate, and robust prediction. The core philosophy is that a ""committee"" of models will perform better than any single model alone, as individual errors tend to cancel each other out.

The two most common techniques in Ensemble Learning are Bagging and Boosting.

1. Bagging (Bootstrap Aggregating)
Bagging aims to reduce variance (overfitting) by training multiple versions of the same model type on different subsets of the data.

How it works: 1.  Bootstrapping: Multiple random subsets are created from the original dataset with replacement.
2.  Parallel Training: A base model (usually a Decision Tree) is trained independently on each subset.
3.  Aggregation: For classification, the final result is decided by majority voting; for regression, it is the average of all predictions.

Example: Random Forest. If you want to predict if an image is a ""Cat,"" you train 100 trees on different parts of your data. If 80 trees say ""Cat"" and 20 say ""Dog,"" the final output is ""Cat.""

2. Boosting
Boosting aims to reduce bias (underfitting) by training models sequentially. Each new model attempts to correct the errors made by the previous one.

How it works:

Sequential Training: The first model is trained on the entire dataset.

Weighting: Data points that were misclassified by the first model are given ""higher weights.""

Correction: The next model focuses more on these difficult, high-weight cases. This repeats for many iterations.

Final Prediction: The final output is a weighted sum of all the models' predictions.

Example: AdaBoost (Adaptive Boosting) or XGBoost. Imagine a student learning for an exam; after the first practice test, they spend extra time only on the questions they got wrong, becoming more specialized with each round.",
T017,B-4,"4. Describe Entire ML Pipeline , explain each step and explain how to evaluate Model.",8,"The Machine Learning Pipeline is a systematic, end-to-end workflow that transforms raw data into a functional, predictive model. It ensures that the process is reproducible, scalable, and efficient.1. The Steps of the ML PipelineA. Data Collection and IngestionThe first step involves gathering data from diverse sources such as SQL databases, CSV files, IoT sensors, or web scraping. The goal is to collect enough representative data to cover all possible real-world scenarios.B. Data Cleaning and PreprocessingRaw data is rarely ready for a model. This step includes:Handling Missing Values: Using imputation (mean/median) or dropping rows.Outlier Detection: Removing anomalies that might skew results.Encoding: Converting categorical text (e.g., ""Red"", ""Blue"") into numbers.Scaling: Normalizing features so that variables with large ranges (like salary) don't overpower smaller ones (like age).C. Feature EngineeringThis is the ""secret sauce"" of ML. It involves creating new input variables from existing ones to improve model accuracy—for example, extracting ""Hour of Day"" from a timestamp to predict traffic patterns.D. Model Selection and TrainingYou select an algorithm (e.g., Random Forest, SVM, or XGBoost) and feed it the Training Set. The model adjusts its internal parameters (weights) to map inputs to the correct outputs.E. Hyperparameter TuningBefore finalizing, you tweak settings that aren't learned by the model (e.g., the depth of a tree). Techniques like Grid Search are used to find the ""sweet spot"" for performance.2. How to Evaluate the ModelEvaluation determines how well the model generalizes to unseen data. We use a Test Set (data the model has never seen) and apply specific metrics depending on the problem type:For Classification Problems:Accuracy: The percentage of total correct predictions. (Careful: This is misleading if data is imbalanced!)Precision: Out of all predicted ""Positives,"" how many were actually correct? (Reduces False Alarms).Recall: Out of all actual ""Positives,"" how many did the model catch? (Reduces Missed Cases).F1-Score: The harmonic mean of Precision and Recall; best for imbalanced datasets.For Regression Problems:Mean Absolute Error (MAE): The average of the physical distance between predicted and actual values.Root Mean Squared Error (RMSE): Similar to MAE but punishes large errors more heavily.$R^2$ Score: Represents how much of the variance in the data is explained by the model (scaled 0 to 1).",
T017,B-5,"5. What are the types data ML uses , What are the quality of good data?",8,"In Machine Learning, data is categorized based on its structure and the type of information it conveys. High-quality data is the single most important factor in determining whether a model succeeds or fails.
+1

1. Types of Data used in ML
Data is generally classified into three structural categories:

Structured Data: Highly organized data typically found in spreadsheets or SQL databases. It has a fixed schema (e.g., names, dates, and prices).
+1

Unstructured Data: Data that does not have a predefined format, making it harder for traditional algorithms to process. Examples include images, audio files, videos, and raw text.
+1

Semi-Structured Data: This lies in between, containing tags or markers to separate data elements but lacking a rigid structure. Examples include JSON, XML, and HTML files.
+1

From a mathematical perspective, we also split data into:

Numerical (Quantitative): Discrete (counts) or Continuous (measurements like height).

Categorical (Qualitative): Nominal (no order, like ""Color"") or Ordinal (has an order, like ""Education Level"").

2. Qualities of Good Data
Not all data is useful. To build a reliable model, the data must possess the following qualities:

Accuracy: The data must be correct and free from errors. Inaccurate data (e.g., a person’s age listed as 200) leads to ""Garbage In, Garbage Out.""
+1

Completeness: Good data should not have significant gaps or missing values. A dataset with 50% missing entries will struggle to provide a full picture of the underlying patterns.

Consistency: Data should be uniform across the entire set. For example, if ""United States"" is written as ""US"" in some rows and ""USA"" in others, the model may treat them as different entities.

Relevancy: The features included must have a logical relationship with the target variable. Including ""eye color"" to predict ""credit score"" is irrelevant noise.

Timeliness: Data should be up-to-date. Using housing prices from 1990 to predict 2026 market values will result in a failed model because the trends have changed.

Representativeness (Diversity): The data must represent the real-world population it aims to predict. If a facial recognition model is only trained on one ethnicity, it will fail to generalize to others (bias).",
T017,B-6,6. Write note on Naive bayes and SVM in detail,8,"Both Naive Bayes and Support Vector Machines (SVM) are fundamental supervised learning algorithms used primarily for classification. While Naive Bayes is based on probability, SVM is based on geometry.1. Naive Bayes ClassifierNaive Bayes is a probabilistic classifier based on Bayes' Theorem. It is called ""Naive"" because it assumes that all input features are independent of each other—an assumption that is rarely true in real life but makes the math incredibly fast.+1The Principle: It calculates the probability of a hypothesis (class) given the evidence (features).$$P(A|B) = \frac{P(B|A) \cdot P(A)}{P(B)}$$Key Characteristics:Extremely Fast: Since it treats features independently, it requires very little training data.Text Specialist: It performs exceptionally well in Natural Language Processing (NLP).Real-world Example: Spam Filtering. It calculates the probability that an email is ""Spam"" based on the frequency of words like ""Winner,"" ""Free,"" or ""Account.""Pros: Highly scalable and works well with high-dimensional data.Cons: The ""independence assumption"" can limit its accuracy in complex datasets where features interact.2. Support Vector Machine (SVM)SVM is a non-probabilistic linear classifier that seeks to find the ""best"" boundary to separate different classes.The Principle: It searches for a Hyperplane in an $n$-dimensional space that maximizes the Margin (the distance between the closest data points of different classes). These closest points are called Support Vectors.The Kernel Trick: For data that isn't linearly separable (like a circle within a circle), SVM uses ""Kernels"" to project the data into a higher dimension where a straight line can separate them.Common Kernels: Linear, Polynomial, and RBF (Radial Basis Function).Key Characteristics:Robust to Outliers: Since the boundary only depends on Support Vectors, far-away points don't affect the model.Effective in High Dimensions: Works well even when the number of features is greater than the number of samples.Real-world Example: Face Detection or Handwriting Recognition, where the boundary between ""A"" and ""B"" needs to be very precise.Pros: Very powerful for complex datasets and resistant to overfitting.Cons: Not suitable for very large datasets as the training time is high; it also doesn't provide probability estimates directly.",
T018,A-1,"1. Explain the AdaBoost algorithm. Describe how weak learners are combined, weight updating, and how boosting reduces bias.",8,"AdaBoost, short for Adaptive Boosting, is one of the first and most influential boosting algorithms. It is an ensemble technique that combines multiple ""weak learners"" to create a single ""strong learner."" The primary goal of AdaBoost is to turn a model that is only slightly better than random guessing into a highly accurate predictive engine.

1. How Weak Learners are Combined
In AdaBoost, the base models are typically very simple, such as Decision Stumps (a decision tree with only one split and two leaf nodes).

Unlike Bagging, where models are trained in parallel, AdaBoost trains learners sequentially:

Each stump is assigned a ""weight"" based on its accuracy.

The final prediction is a weighted majority vote (for classification) or a weighted sum.

A stump that is 90% accurate will have much more ""say"" in the final decision than a stump that is only 55% accurate.

2. The Weight Updating Mechanism
The ""Adaptive"" part of AdaBoost refers to how the algorithm treats data points.

Initial State: Every data point starts with an equal weight.

Training: A weak learner is trained. Some points will be classified correctly, and others incorrectly.

Increasing Difficulty: The weights of the misclassified points are increased, while the weights of correctly classified points are decreased.

Sequential Focus: The next weak learner is forced to pay more attention to the ""difficult"" points (those with higher weights).

This cycle repeats for a pre-defined number of iterations or until the error is minimized.

3. How Boosting Reduces Bias
Bias refers to the error introduced by approximating a real-life problem with a model that is too simple. Because AdaBoost uses an iterative process to ""fix"" the mistakes of previous models:

It continuously narrows the gap between the predicted value and the actual value.

By focusing specifically on data points the previous models found difficult, it builds a complex decision boundary from many simple ones.

This transformation of ""underfitting"" weak learners into a collective powerhouse effectively minimizes the Total Bias of the system.",
T018,A-2,"2. Describe the internal working of LSTM (Long Short-Term Memory) networks. Explain input gate, forget gate, output gate, and cell state with equations.",8,"Internal Working of LSTM Networks (8 Marks)
Long Short-Term Memory (LSTM) is a specialized type of Recurrent Neural Network (RNN) designed to solve the ""vanishing gradient"" problem. Standard RNNs often ""forget"" the beginning of a long sentence or sequence; LSTMs solve this by using a ""Cell State"" and ""Gates"" to selectively choose what to remember and what to discard.

1. The Cell State (Ct)
The cell state is the ""long-term memory"" of the network. It acts like a conveyor belt carrying information across the entire sequence. The gates interact with this belt to add or remove information.

2. The Forget Gate (ft)
This gate decides which information from the previous state is no longer useful and should be thrown away. It looks at the previous hidden state (h_t-1) and the current input (x_t) and outputs a number between 0 (forget) and 1 (keep).

Equation: ft = sigmoid(Wf * [h_t-1, xt] + bf)

3. The Input Gate (it and ~Ct)
This gate decides what new information will be stored in the cell state. It consists of two parts:

The Sigmoid part (it): Decides which values to update.

Equation: it = sigmoid(Wi * [h_t-1, xt] + bi)

The Tanh part (~Ct): Creates a vector of new candidate values to be added to the state.

Equation: ~Ct = tanh(Wc * [h_t-1, xt] + bc)

Updating the Memory: The network then combines these to update the cell state:
Ct = (ft * C_t-1) + (it * ~Ct)

4. The Output Gate (ot)
This gate decides what the next hidden state (short-term memory) should be. It filters the current cell state to produce the output.

The Sigmoid part (ot): Decides which parts of the cell state to output.

Equation: ot = sigmoid(Wo * [h_t-1, xt] + bo)

Final Hidden State (ht): The cell state is passed through a tanh function and multiplied by the output gate.

Equation: ht = ot * tanh(Ct)

Summary of the Flow
Forget: Get rid of irrelevant old data.

Store: Add relevant new data to the long-term memory.

Update: Refresh the conveyor belt (cell state).

Output: Send the filtered result to the next step.",
T018,A-3,"3. Explain the process of Feature Engineering in Machine Learning.Discuss feature creation, selection, extraction, and the impact on modelperformance.",8,"Feature engineering is the process of using domain knowledge to transform raw data into informative features that help machine learning algorithms understand the underlying patterns. It is often cited as the most important factor in the success or failure of a model.

1. Feature Creation
Feature creation involves generating new variables from existing data to expose hidden relationships.

Transformation: Applying mathematical functions (like square roots or logarithms) to handle skewed data.

Interaction Features: Combining two or more features to show their joint effect (e.g., multiplying ""Width"" and ""Height"" to get ""Area"").

Temporal Features: Extracting specific details from timestamps, such as ""Day of Week"" or ""Is Holiday,"" which are often more predictive than a raw date.

2. Feature Selection
Feature selection is the process of identifying and keeping only the most relevant variables. Including irrelevant features creates ""noise"" and slows down the model.
+1

Filter Methods: Using statistical tests (like Correlation or Chi-Square) to rank features based on their relationship with the output.

Wrapper Methods: Training the model on different subsets of features and selecting the combination that gives the best performance (e.g., Recursive Feature Elimination).

Embedded Methods: Algorithms like Lasso Regression that automatically penalize and remove less useful features during the training process.

3. Feature Extraction
Unlike selection (which keeps or drops variables), extraction transforms the entire data space into a completely new, smaller set of features.

PCA (Principal Component Analysis): Reduces high-dimensional data by creating new ""Principal Components"" that capture the most variance.

LDA (Linear Discriminant Analysis): Focuses on maximizing the separability between different classes.

4. Impact on Model Performance
Accuracy: Well-engineered features allow even simple models to achieve high accuracy.

Reducing Overfitting: By selecting only relevant features and reducing dimensionality, you prevent the model from learning random noise.

Computational Efficiency: Fewer, higher-quality features mean the model trains faster and requires less memory.

Interpretability: Selecting the right features makes it easier to explain why the model made a specific prediction.",
T018,A-4,"4. Discuss the working of the Naive Bayes classifier. Explain conditional probability, independence assumption",8,"The Naive Bayes classifier is a supervised learning algorithm based on the Bayes’ Theorem. It is primarily used for classification tasks, such as spam detection, sentiment analysis, and document categorization. It is favored for its speed and efficiency, especially with high-dimensional data.

1. Conditional Probability
At its core, Naive Bayes uses Conditional Probability, which is the likelihood of an event occurring given that another event has already occurred.

In Machine Learning terms, we want to find the probability of a Class (C) given a set of Features (X). This is represented by the formula:
P(C|X) = [P(X|C) * P(C)] / P(X)

P(C|X): Posterior probability (The goal: Probability of class given features).

P(X|C): Likelihood (Probability of features given the class).

P(C): Prior probability (How often the class occurs overall).

P(X): Evidence (Total probability of the features occurring).

2. The Independence Assumption
The ""Naive"" part of the name comes from a very strong—and often unrealistic—assumption: Class Conditional Independence.

The algorithm assumes that the presence of a particular feature in a class is completely unrelated to the presence of any other feature.

Example: To identify a fruit as an ""Apple,"" the algorithm might look at color (red), shape (round), and diameter (3 inches). Naive Bayes assumes that the redness of the fruit does not depend on its roundness or its size.

Why do this? This assumption simplifies the math significantly. Instead of calculating complex joint probabilities, the algorithm simply multiplies the individual probabilities of each feature together.

3. How the Algorithm Works (Step-by-Step)
Step 1 (Calculate Priors): The model looks at the training data to see how often each class (e.g., ""Spam"" vs. ""Not Spam"") appears.

Step 2 (Create Likelihood Table): For every feature, it calculates the probability of that feature appearing within each class.

Step 3 (Calculate Posterior): When a new data point arrives, the model applies Bayes’ Theorem for every possible class. It multiplies the Prior by all the individual Likelihoods of the features present in that data point.

Step 4 (Final Prediction): The class that results in the highest probability is chosen as the final prediction.

4. Strengths and Weaknesses
Advantage: It is incredibly fast and requires much less training data than complex models like Neural Networks. It works exceptionally well for text data.

Disadvantage: Because of the independence assumption, it cannot learn the relationships between features. If a feature in the test set was never seen in the training set, the model assigns it a zero probability (this is solved using Laplace Smoothing).",
T018,A-5,"5. Explain the architecture and working of Autoencoders. Describe encoder, decoder, latent representation, and applications in anomalydetection.",8,"An Autoencoder is a type of unsupervised neural network designed to learn efficient representations of data. The primary goal is to compress the input into a lower-dimensional code and then reconstruct the output as closely as possible to the original input.

1. The Core Architecture
The architecture consists of three main components:

Encoder: This is the first half of the network. It takes the high-dimensional input and passes it through a series of layers that gradually decrease in size. Its job is to filter out ""noise"" and extract only the most important features.
+1

Latent Representation (Bottleneck): This is the middle layer and the most compressed part of the network. It holds the ""code"" or the ""reduced"" version of the input. If the bottleneck is too large, the model might just copy the input; if it's too small, the model will lose critical information.
+1

Decoder: This is the second half of the network. It takes the compressed latent representation and attempts to ""reconstruct"" the original data. The layers in the decoder typically mirror the encoder, increasing in size until they match the dimensions of the original input.
+1

2. How it Works
The working process follows a ""Squeeze and Reconstruct"" cycle:

Encoding: The input data (X) is compressed into a latent space (Z).

Decoding: The decoder tries to generate an output (X') from (Z).

Loss Calculation (Reconstruction Error): The model compares the reconstructed output (X') with the original input (X). The difference between them is called the Reconstruction Loss.

Optimization: The network uses backpropagation to minimize this loss, forced to learn how to represent the data using the limited space in the bottleneck.

3. Application in Anomaly Detection
Autoencoders are highly effective at finding ""the odd one out"" because of how they handle Reconstruction Error.

The Training Phase: You train the autoencoder only on ""normal"" data (e.g., successful transactions or healthy engine readings). The model becomes an expert at compressing and perfectly reconstructing these normal patterns.

The Detection Phase: When you feed a new data point into the model:

If it is Normal, the reconstruction error will be Low (the model recognizes the pattern).

If it is an Anomaly, the reconstruction error will be High (the model has never seen this pattern and doesn't know how to reconstruct it properly).",
T018,A-6,"6. Describe the complete workflow of building a Deep Learning model,including data preparation, architecture selection, training, regularization,and evaluation.",8,"Building a deep learning model is an iterative process that focuses on managing high-dimensional data and complex neural architectures. Unlike traditional machine learning, deep learning requires significant computational power and careful tuning of millions of parameters.

1. Data Preparation
Deep learning models are ""data hungry."" This stage is often the most time-consuming:

Collection: Gathering large-scale datasets (images, text, or sensor data).

Normalization/Scaling: Neural networks are sensitive to input ranges. Data is typically scaled to a range of 0 to 1 or -1 to 1 to ensure stable gradients.

Data Augmentation: To prevent overfitting and increase dataset size, images are rotated, flipped, or cropped, while text may undergo synonym replacement.

Splitting: Data is divided into Training (to learn), Validation (to tune hyperparameters), and Testing (for final unbiased evaluation).

2. Architecture Selection
The architecture depends on the type of data:

CNNs (Convolutional Neural Networks): Best for spatial data like images and videos.

RNNs/LSTMs: Best for sequential data like time-series or natural language.

Transformers: The current gold standard for complex language tasks and large-scale modeling.

Depth and Width: Deciding the number of hidden layers and neurons per layer based on the complexity of the task.

3. Model Training
Training involves the mathematical optimization of weights:

Forward Pass: Data passes through the network to generate a prediction.

Loss Function: Calculates the ""error"" (e.g., Cross-Entropy for classification or Mean Squared Error for regression).

Backpropagation: The error is sent backward through the network to calculate how much each weight contributed to the mistake.

Optimizer: Algorithms like Adam or SGD (Stochastic Gradient Descent) update the weights to minimize the loss.

4. Regularization
Deep models have millions of parameters and overfit easily. Regularization ""constrains"" the model:

Dropout: Randomly deactivates neurons during training, forcing the network to learn redundant representations rather than relying on specific paths.

Early Stopping: Monitoring the validation loss and stopping training as soon as it starts to increase (indicating the model is beginning to memorize noise).

L1/L2 Regularization: Adding a penalty to the loss function based on the size of the weights to keep them small.

5. Evaluation
Once training is complete, the model is tested on the ""held-out"" test set:

Metrics: For classification, we use Accuracy, F1-Score, and AUC-ROC. For generative models, we might use Perplexity or BLEU scores.

Error Analysis: Inspecting which specific samples the model got wrong to understand its limitations (e.g., a car classifier failing in rainy conditions).

Deployment: If the evaluation meets the success criteria, the model is converted to a production-ready format (like ONNX or TensorFlow Lite).",
T018,B-1,"1. Describe the complete workflow of building a Deep Learning model,including data preparation, architecture selection, training, regularization,and evaluation.",5,"The workflow of building a Deep Learning (DL) model is an iterative, multi-stage process that focuses on managing large-scale data and tuning complex neural architectures.

1. Data Preparation
High-quality data is the fuel for deep learning.

Data Collection: Gathering massive datasets (images, text, or audio) from databases, APIs, or scraping.

Preprocessing: Cleaning noise, handling missing values, and Scaling (Normalizing data to a range of 0 to 1) to help the neural network converge faster.

Data Augmentation: Artificially increasing dataset size by rotating, flipping, or cropping images to help the model generalize better.

Data Splitting: Dividing the data into Training (to learn), Validation (to tune parameters), and Testing (for final evaluation) sets.

2. Architecture Selection
Choosing the right ""brain"" structure based on the data type:

CNNs (Convolutional Neural Networks): Used for spatial data like images.

RNNs/LSTMs: Used for sequential data like time-series or speech.

Transformers: The modern standard for Natural Language Processing (NLP).

Design Decisions: Defining the number of layers (depth), the number of neurons per layer (width), and selecting Activation Functions (like ReLU).

3. Model Training
The process where the model learns from the training data:

Forward Pass: Input data travels through the layers to generate a prediction.

Loss Function: A mathematical way to measure how ""wrong"" the prediction was (e.g., Cross-Entropy for labels, MSE for numbers).

Backpropagation: The error is sent backward through the network to calculate the gradient.

Optimizer: Algorithms like Adam or SGD update the network's weights to minimize the loss.

4. Regularization
Deep models have millions of parameters and are prone to Overfitting (memorizing data rather than learning it).

Dropout: Randomly ""turning off"" neurons during training to prevent the model from becoming overly dependent on specific paths.

L1/L2 Regularization: Adding a penalty to the loss function based on the size of the weights.

Early Stopping: Stopping the training process as soon as performance on the validation set stops improving.

5. Model Evaluation
Checking the performance on unseen ""Test"" data:

Classification Metrics: Accuracy, Precision, Recall, and the F1-Score.

Regression Metrics: Mean Absolute Error (MAE) and Root Mean Squared Error (RMSE).

Error Analysis: Identifying specific cases where the model fails to understand its limitations.",
T018,B-2,"2. Explain Clustering Evaluation Metrics such as Silhouette Score,Daviesâ€”Bouldin Index, and Inertia. Describe how they measure clusterquality.",5,"Clustering evaluation metrics are essential because, in unsupervised learning, we don't have ground-truth labels to check if the model is ""correct."" Instead, we use internal metrics to measure how well the data has been partitioned based on cohesion (how tight clusters are) and separation (how far apart clusters are).+11. Inertia (Within-Cluster Sum of Squares)Inertia is the most basic metric, commonly used with the K-Means algorithm. It measures the total distance between each data point and its assigned cluster centroid.+1How it measures quality: It measures compactness. A lower inertia value indicates that the data points are very close to their centroids, meaning the clusters are tight.+1The Calculation: For every cluster, you calculate the squared distance of each point to the centroid and sum them all up.The Catch: Inertia always decreases as you add more clusters. To find the ""correct"" number of clusters, we use the Elbow Method, looking for the point where the rate of decrease slows down significantly.+12. Silhouette ScoreThe Silhouette Score provides a more balanced view by looking at both how close a point is to its own group and how far it is from the next nearest group.How it measures quality: It measures the balance between cohesion and separation.Range: It ranges from -1 to +1:+1: The point is far away from neighboring clusters (Perfectly clustered).0: The point is on the boundary between two clusters.-1: The point is likely in the wrong cluster.The Calculation: For each point, it compares the average distance to points in its own cluster ($a$) against the average distance to points in the nearest neighboring cluster ($b$).Formula: $S = (b - a) / max(a, b)$3. Davies-Bouldin Index (DBI)The Davies-Bouldin Index measures the average ""similarity"" between each cluster and its most similar peer.How it measures quality: It specifically looks for distinctiveness. In this index, lower is better. A score closer to 0 indicates that clusters are compact and far apart from one another.The Calculation: It calculates the ratio of the ""within-cluster scatter"" (size of the cluster) to the ""between-cluster separation"" (distance between centroids).Why it's useful: Unlike Inertia, a lower DBI actually tells you the clusters are well-defined, not just that there are more of them. It is excellent for comparing different clustering algorithms (e.g., K-Means vs. Agglomerative) on the same dataset.",
T018,B-3,"3. Explain Reinforcement Learning , give 2 examples where reinforcement learning is used",5,"Reinforcement Learning (RL) is a type of machine learning where an ""agent"" learns to make decisions by performing actions in an environment to maximize a cumulative reward. Unlike supervised learning, which uses a ""teacher"" (labeled data), RL is based on trial and error, similar to how a human learns to ride a bicycle.

The 5 Core Components
Agent: The learner or decision-maker (e.g., a robot or software program).

Environment: Everything the agent interacts with (e.g., a maze or a stock market).

State (S): The current situation or ""snapshot"" of the environment.

Action (A): The set of all possible moves the agent can make.

Reward (R): Feedback from the environment. A positive reward reinforces good behavior, while a negative reward (penalty) discourages bad behavior.

How it Works
The agent starts with no knowledge and takes random actions. It receives a reward for each action, which it uses to update its Policy (its strategy). Over thousands of iterations, the agent learns which sequence of actions leads to the highest long-term reward. It must balance Exploration (trying new things) with Exploitation (using what it already knows).

Examples of Reinforcement Learning
1. Autonomous Vehicles (Self-Driving Cars)
Self-driving cars use RL to navigate complex traffic scenarios.

The Goal: To reach a destination safely and quickly.

Rewards: The agent receives a positive reward for staying in its lane and maintaining a safe speed, while it receives heavy penalties for collisions or traffic violations. This helps the car learn optimal driving strategies in unpredictable environments.

2. Game AI (e.g., AlphaGo)
One of the most famous successes is DeepMind's AlphaGo, which defeated the world champion in the game of Go.

The Goal: To win the game.

Rewards: The agent plays millions of games against itself. It receives a reward for winning and a penalty for losing. Through this ""self-play,"" it discovered strategic moves that human experts had never considered in over 3,000 years of the game's history.",
T018,B-4,"4. Explain Natural Language Processing (NLP) pipeline in detail.Discuss text cleaning, tokenization, embeddings, sequence modelling.",5,"An NLP Pipeline is a series of steps used to transform raw, unstructured text into a format that a machine can understand and process. This pipeline converts human language into numerical data to perform tasks like sentiment analysis, translation, or summarization.
+1

1. Text Cleaning (Pre-processing)
Raw text is often noisy, containing irrelevant characters that can confuse a model.

Noise Removal: Removing HTML tags, special characters, and punctuation.

Lowercasing: Converting all text to lowercase so that ""Apple"" and ""apple"" are treated as the same word.

Stop-word Removal: Deleting common words like ""the,"" ""is,"" and ""in,"" which carry little unique meaning.

Stemming/Lemmatization: Reducing words to their root form (e.g., ""running"" becomes ""run"").

2. Tokenization
Tokenization is the process of breaking a continuous string of text into smaller units called tokens.

Word Tokenization: Splitting a sentence into individual words.

Sentence Tokenization: Splitting a paragraph into separate sentences.

Sub-word Tokenization: Used in modern models (like BERT) to handle rare words by breaking them into smaller chunks (e.g., ""unhappiness"" becomes ""un"", ""happi"", ""ness"").

3. Word Embeddings
Computers cannot process words; they need numbers. Embeddings are a way to represent words as dense vectors in a high-dimensional space.

Semantic Meaning: Unlike simple numbering, embeddings ensure that words with similar meanings (like ""king"" and ""queen"") are mathematically close to each other in the vector space.

Techniques: Common methods include Word2Vec, GloVe, and more recently, contextual embeddings from Transformers that understand a word's meaning based on its surrounding context.

4. Sequence Modelling
Language is sequential—the order of words determines the meaning. Sequence models are designed to capture these dependencies.
+1

RNNs (Recurrent Neural Networks): Process text word-by-word, maintaining a ""hidden state"" of what it has seen so far.

LSTMs: An advanced RNN that can remember information over long distances in a sentence.

Transformers (Attention Mechanism): The modern standard. Instead of processing one word at a time, they look at the entire sentence at once and use ""Attention"" to weigh which words are most important to each other, regardless of their distance.",
T019,A-a,a) Define Machine Learning. Explain how it differs from traditional programming with a simple example.,5,"Machine Learning (ML) is a subset of Artificial Intelligence that enables systems to learn patterns from data and make decisions without being explicitly programmed for every scenario. Instead of following fixed rules, the system improves its performance as it is exposed to more data.
+1

ML vs. Traditional Programming
In Traditional Programming, a human programmer provides the Data and the Rules (logic) to the computer, which then produces an Output. The logic is rigid; if a new scenario arises that wasn't coded, the program fails.
+1

In Machine Learning, the human provides the Data and the Expected Output (labels) to the computer. The ML algorithm then creates the Rules (the model) by identifying statistical patterns.

Simple Example: Email Spam Filter
Traditional Programming: You would have to manually write thousands of rules: ""If the email contains 'Win Money' AND comes from an unknown sender, mark as spam."" Spammers can easily bypass this by changing words to ""W1n Mon3y.""

Machine Learning: You feed the model 10,000 emails labeled as ""Spam"" or ""Not Spam."" The model learns that certain combinations of words, sender behavior, and metadata indicate spam. It automatically adapts to new tactics (like ""W1n Mon3y"") without you writing a new line of code.",
T019,A-b,"b) Describe the main types of Machine Learning â€” Supervised, Unsupervised, and Reinforcement Learning. Give one example for each.",5,"Machine Learning is generally categorized into three main types based on how the algorithm learns from data.

1. Supervised Learning
In this type, the model is trained on a labeled dataset, meaning the input data is already paired with the correct answer. The goal is for the model to learn a mapping function so it can predict the output for new, unseen data.
+1

Process: The model makes a prediction, compares it to the ""ground truth"" label, and adjusts itself to minimize error.

Example: House Price Prediction. The model is given features (square footage, location) and the actual prices. It learns the relationship to predict prices for new listings.

2. Unsupervised Learning
Here, the model is given unlabeled data and must find hidden patterns or structures on its own. There is no ""teacher"" or correct answer provided.

Process: The algorithm looks for similarities or differences in the data points to group them or reduce complexity.

Example: Customer Segmentation. A retail company provides a model with customer purchase history. The model automatically groups customers into ""High Spenders,"" ""Bargain Hunters,"" and ""Occasional Shoppers"" based on their behavior.

3. Reinforcement Learning (RL)
RL is based on a reward-and-penalty system. An agent learns to interact with an environment to achieve a specific goal through trial and error.

Process: The agent takes an action, receives feedback (reward or penalty), and updates its strategy to maximize its long-term total reward.

Example: Robot Vacuum Cleaner. The robot receives a ""reward"" for picking up dirt and a ""penalty"" for bumping into furniture or getting stuck. Over time, it learns the most efficient path to clean the room.",
T019,A-c,"c) What is a dataset in Machine Learning? Explain training data, testing data, and validation data with simple illustrations.",5,"In Machine Learning, a dataset is a collection of data points (often organized in rows and columns) used to train, tune, and evaluate a model. It is the ""knowledge base"" from which the algorithm learns.

To build a reliable model, a dataset is typically split into three distinct subsets:

1. Training Data
This is the largest portion of the dataset (usually 70–80%). It is the actual data the model ""sees"" and learns from. The algorithm looks for patterns, correlations, and weights within this set to build its internal logic.

Simple Illustration: Imagine a student studying for an exam. The Training Data is the textbook and practice problems they study every day.

2. Validation Data
This is a smaller subset (usually 10–15%) used during the training phase. It acts as a ""practice test."" The developer uses this data to tune hyperparameters (like how fast the model learns) and to see if the model is overfitting.

Simple Illustration: This is like a mock exam or a quiz. The student takes it to see where they are struggling and goes back to the textbook to improve before the final test.

3. Testing Data
This is the final subset (usually 10–15%). Crucially, the model never sees this data during training. It is used only at the very end to provide an unbiased evaluation of how the model will perform in the real world.

Simple Illustration: This is the Final Exam. The student has never seen these specific questions before, and their performance here determines their true grade.",
T019,A-d,d) Explain the difference between Classification and Regression with suitable examples.,5,"In Machine Learning, Classification and Regression are the two main types of supervised learning. The primary difference between them lies in the type of output they predict.
+1

1. Classification
Classification is used when the output variable is categorical or discrete. The goal is to predict which ""category"" or ""class"" a new piece of data belongs to based on patterns learned during training.
+1

Output Type: Discrete labels (e.g., Yes/No, Red/Blue/Green, Spam/Not Spam).

How it works: The algorithm draws a decision boundary to separate different classes in the data.

Example: Medical Diagnosis. A model analyzes a patient's symptoms and test results to classify whether a tumor is ""Malignant"" or ""Benign.""

2. Regression
Regression is used when the output variable is continuous or numerical. The goal is to predict a specific value rather than a category.

Output Type: A continuous quantity (e.g., Temperature, Price, Height, Time).

How it works: The algorithm finds a mathematical relationship (usually a line or a curve) that best fits the data points to predict a value.

Example: Weather Forecasting. A model analyzes historical humidity, wind speed, and pressure data to predict the exact Temperature (e.g., 28.5°C) for tomorrow.",
T019,A-e,e) What is a model in Machine Learning? Explain how a model learns patterns from data during training.,5,"In Machine Learning, a model is a mathematical representation of a real-world process. You can think of it as a ""formula"" or a ""program"" that has been generated by an algorithm rather than written by a human. It acts as the bridge between raw input data and a useful prediction.

What is a Model?
At its core, a model is a set of parameters (weights and biases) that define the relationship between inputs (features) and outputs (targets). Before training, the model is like a blank slate; after training, it is a specialized tool capable of recognizing specific patterns.

How a Model Learns Patterns
The learning process is an iterative cycle of making guesses and correcting errors. Here is the step-by-step workflow:

Initialization: The model starts with random weights. Since it knows nothing yet, its first predictions will be completely wrong.

The Forward Pass (Prediction): The model takes the input data and applies its current mathematical formula to produce an output.

Loss Calculation (Measuring Error): The model compares its prediction to the actual ""ground truth"" answer in the training data. The difference between the two is called the Loss or Cost.

Optimization (Learning): This is the ""learning"" part. An Optimizer (like Gradient Descent) calculates how to adjust the internal weights to make the loss smaller.

If the prediction was too high, the weights are lowered.

If the prediction was too low, the weights are increased.

Iteration: This cycle repeats thousands of times across the entire dataset. With each pass, the error drops, and the model's ""formula"" becomes more accurate at capturing the underlying patterns of the data.",
T019,B-a,a) Explain the concept of a hypothesis space in Machine Learning. How does it relate to model complexity and generalization?,5,"In Machine Learning, the Hypothesis Space ($H$) is the set of all possible functions (or models) that an algorithm can consider to solve a specific problem. When you choose an algorithm—like a Linear Regression or a Decision Tree—you are essentially defining the boundaries of your hypothesis space.1. What is Hypothesis Space?Think of the hypothesis space as a ""search space."" The training process is a search through this space to find the one specific hypothesis ($h$) that best maps the input features to the correct output labels.Small Hypothesis Space: If you choose a simple Linear Regression, your space only contains straight lines.Large Hypothesis Space: If you choose a Deep Neural Network, your space contains millions of complex, curvy functions.2. Relation to Model ComplexityModel complexity is directly proportional to the size of the hypothesis space.Low Complexity: A restricted hypothesis space. It is easy to search but might be too simple to capture the real pattern in the data. This leads to Underfitting (High Bias).High Complexity: A vast hypothesis space. It can represent almost any pattern, but the search becomes much harder.3. Relation to GeneralizationGeneralization is the model's ability to perform well on new, unseen data. There is a delicate balance here:The Danger of a Large Space: If the hypothesis space is too large, the algorithm might find a ""complex"" hypothesis that perfectly fits every single point in the training data, including the random noise. This is Overfitting (High Variance). While it looks perfect on paper, it will fail (generalize poorly) in the real world.The Goal: We want a hypothesis space that is ""just right""—complex enough to learn the underlying trend but simple enough to ignore the noise.Occam's Razor: In Machine Learning, we often follow the principle that among competing hypotheses that explain the data equally well, the simplest one is usually the best for generalization.",
T019,B-b,b) Describe the difference between parametric and non-parametric models. Give suitable examples of each and explain when to use them.,5,"The distinction between parametric and non-parametric models lies in how much the algorithm assumes about the underlying shape of your data before it begins learning.

1. Parametric Models
Parametric models assume the data follows a specific, predefined functional form (like a straight line or a bell curve). They simplify the learning process to finding a fixed set of ""parameters"" (numbers) to plug into that formula.

How they work: The model is defined by a fixed number of parameters, regardless of how much data you throw at it.

Pros: Fast to train, requires less data, and results are easy to interpret.

Cons: If your assumption about the data shape is wrong, the model will perform poorly (High Bias).

Examples: Linear Regression, Logistic Regression, Naive Bayes.

When to use: Use these when you have a clear understanding of the data relationship (e.g., it’s linear) or when you have limited data and need a simple, fast model.

2. Non-Parametric Models
Non-parametric models do not make strong assumptions about the form of the mapping function. They are flexible and can change their shape to fit the data points exactly as they appear.
+1

How they work: The number of parameters is not fixed; instead, the complexity often grows as you add more data.

Pros: Highly flexible and capable of fitting complex, ""wiggly"" patterns that simple formulas cannot capture (Low Bias).

Cons: Prone to Overfitting, slower to train, and requires much more data to be effective.

Examples: K-Nearest Neighbors (KNN), Decision Trees, Support Vector Machines (SVM) with RBF kernels.

When to use: Use these when you have a massive amount of data and no prior idea about the relationship between features, or when the patterns are highly non-linear and complex.",
T019,B-c,c) What is inductive bias? Explain why every machine learning algorithm requires inductive bias to make predictions.,5,"Inductive Bias is the set of assumptions a machine learning algorithm uses to predict outputs for inputs it has never seen before. It is the ""preference"" or ""logic"" an algorithm applies to generalize from the training data to the real world.

1. What is Inductive Bias?
When an algorithm looks at training data, there are an infinite number of possible patterns (hypotheses) that could explain it. The inductive bias is the ""tie-breaker"" that forces the algorithm to choose one pattern over the others.

Example (Linear Regression): Its inductive bias is linearity. It assumes the relationship between variables is a straight line. If the data points look like a curve, it will still try to draw the best possible straight line because it is ""biased"" toward simplicity.
+1

Example (K-Nearest Neighbors): Its inductive bias is locality. It assumes that data points close to each other in space likely belong to the same category.

2. Why is it Required?
Without inductive bias, a machine learning model would be a ""perfect memorizer"" but a ""useless predictor."" This is known as the Futility of Bias-Free Learning.

The Problem of Infinite Possibilities: If an algorithm made no assumptions, it would simply memorize every point in the training set. When given a new point, it wouldn't know how to react because it hasn't seen that exact point before. It would have no reason to believe the new point should follow any specific pattern.

Generalization: To predict the ""future"" (new data) based on the ""past"" (training data), the model must assume that the future will behave similarly to the past in some specific way. Inductive bias provides that ""way.""

Efficiency: Bias restricts the ""Hypothesis Space."" By narrowing down the types of patterns the model is allowed to look for, the learning process becomes mathematically possible and computationally efficient.",
T019,B-d,d) Explain the difference between deterministic and probabilistic models in machine learning. Provide examples.,5,"The difference between deterministic and probabilistic models lies in how they handle uncertainty and the type of output they provide. While one gives a single ""hard"" answer, the other provides a range of possibilities.+11. Deterministic ModelsA deterministic model assumes there is no randomness or uncertainty in the relationship between input and output. For a specific input, the model will always produce the same output. It does not provide information about how ""sure"" it is; it simply gives you the result.+2How it works: The model learns a direct mapping (a fixed formula) from $X$ to $Y$.Output: A single discrete value or class.Example: Decision Trees (Standard). If you follow the branches of a decision tree for a ""Loan Approval"" model, it will eventually land on a single leaf node that says ""Approved."" It doesn't tell you the probability; it just follows the logic gate.2. Probabilistic ModelsA probabilistic model accounts for uncertainty and randomness. Instead of a single value, it predicts a probability distribution. It tells you not just what the answer is, but also how confident the model is in that answer.How it works: It uses the laws of probability (like Bayes' Theorem) to estimate the likelihood of different outcomes.Output: A value between 0 and 1 for each possible class (e.g., 85% chance of Spam, 15% chance of Not Spam).Example: Logistic Regression. Despite being used for classification, it actually calculates the probability that an input belongs to a certain category. For an email, it might output $0.92$, meaning there is a 92% probability it is spam.",
T019,B-e,"e) Describe the steps involved in building a simple ML model, from data collection to evaluation",5,"Building a simple Machine Learning model is a structured process often called the ML Lifecycle. It involves moving from raw, messy data to a mathematical tool that can make predictions.

Step 1: Data Collection
The first step is gathering the raw information needed to solve your problem.

Sources: This could be from SQL databases, CSV files, web scraping, or public repositories like Kaggle.

Goal: You need a representative sample of the ""features"" (inputs) and the ""target"" (the outcome you want to predict).

2. Data Preprocessing & Cleaning
Raw data is rarely ready for a model. This step ensures the data is ""digestible"" for the algorithm.

Cleaning: Handling missing values (filling them in or deleting them) and removing duplicates.

Encoding: Converting text labels into numbers (e.g., ""Male/Female"" becomes ""0/1"").

Scaling: Ensuring all numbers are on a similar scale (e.g., 0 to 1) so the model doesn't think a high salary is more ""important"" than a low age just because the number is bigger.

3. Splitting the Dataset
To ensure the model actually ""learns"" and doesn't just ""memorize,"" we split the data:

Training Set (80%): Used to teach the model.

Test Set (20%): Used at the very end to see how the model handles data it has never seen before.

4. Choosing and Training the Model
You select an algorithm (like Linear Regression for numbers or Decision Trees for categories) and begin the training process.

The ""Fit"": During training, the algorithm looks at the training data and adjusts its internal parameters to find the pattern.

The Goal: Minimize the difference between the model's guess and the actual answer.

5. Evaluation
Once trained, you ""test"" the model using the Test Set. You compare the model’s predictions against the real answers.

Metrics: For classification, you look at Accuracy (percentage correct). For regression, you look at Mean Absolute Error (how far off the numbers were on average).

6. Fine-Tuning (Optimization)
If the performance isn't good enough, you go back and tweak the ""Hyperparameters"" (the settings of the algorithm) or collect more data. This cycle continues until the model is accurate enough for use.",
T019,C-a,"a) Explain the term ""Algorithm"" in Machine Learning. Give examples of any two commonly used ML algorithms.",5,"In Machine Learning, an Algorithm is a specific set of mathematical rules or procedures that a computer follows to learn patterns from data.

Think of the algorithm as the ""chef"" and the data as the ""ingredients."" The algorithm processes the ingredients to produce a Model (the ""meal""). While traditional algorithms (like sorting a list) follow rigid, human-written instructions, ML algorithms are designed to adjust their own internal logic based on the statistical properties of the data they are given.

Commonly Used ML Algorithms
1. Linear Regression
This is one of the simplest and most popular algorithms used for Regression tasks (predicting continuous numbers).

How it works: It tries to find the ""best-fit"" straight line that passes through the data points. It minimizes the distance between the actual data points and the line.

Use Case: Predicting the price of a house based on its square footage or predicting a student's score based on hours studied.

2. Decision Trees
This algorithm is used for both Classification and Regression tasks. It mimics human decision-making by splitting data into branches.

How it works: It asks a series of ""Yes/No"" questions about the features of the data. Each answer leads to a new branch, eventually landing on a ""leaf"" which provides the final prediction.

Use Case: A bank determining if a customer is ""Low Risk"" or ""High Risk"" for a loan based on their income and credit score.",
T019,C-b,b) What is Data Preprocessing? Describe why it is important in building an ML model.,5,"Data Preprocessing is the process of transforming raw, messy data into a clean, organized format that a machine learning algorithm can understand and process effectively. In the real world, data is often incomplete, inconsistent, or contains ""noise"" (errors), and preprocessing acts as a filter to fix these issues.

Why is Data Preprocessing Important?
A machine learning model is only as good as the data it is fed (the ""Garbage In, Garbage Out"" principle). Here is why this stage is critical:

Handling Missing Values: Real-world datasets often have empty cells. Preprocessing allows us to either remove these rows or ""impute"" them (fill them in with the average or most frequent value).

Consistency: Data may come from different sources where ""New York"" is written as ""NY"" in one place and ""New York City"" in another. Preprocessing standardizes these entries so the model treats them as the same thing.

Scaling and Normalization: Algorithms are sensitive to the ""size"" of numbers. For example, if you have a ""Salary"" column (values in the thousands) and an ""Age"" column (values under 100), the model might mistakenly think Salary is more important just because the numbers are larger. Preprocessing scales them to a similar range (like 0 to 1).

Converting Text to Numbers: Machine learning models are mathematical; they cannot ""read"" words. Preprocessing techniques like One-Hot Encoding convert categories (like ""Red,"" ""Blue,"" ""Green"") into numerical vectors (like [1, 0, 0]).

The Impact on the Model
Without preprocessing, a model will struggle to find patterns, leading to low accuracy and slow training times. By cleaning the data, you reduce the complexity the model has to deal with, allowing it to focus on the actual underlying trends.",
T019,C-c,c) Explain the difference between Features and Labels in a machine learning dataset. Give suitable examples.,5,"In a Machine Learning dataset, Features and Labels represent the ""input"" and the ""output"" of the learning process. Understanding the relationship between them is fundamental to Supervised Learning.1. Features (The Inputs)Features are the independent variables or the individual measurable properties of the data. They are the characteristics that the model uses to look for patterns. In a dataset, these are usually the columns that describe the data point.Notation: Features are commonly represented by the variable $X$.Goal: To provide enough information for the model to make an accurate prediction.2. Labels (The Output)The Label is the dependent variable or the ""answer"" we want the model to predict. In training data, the label is the ""ground truth"" provided to the model so it can learn.Notation: Labels are commonly represented by the variable $y$.Goal: To act as the target that the model tries to hit during the training phase.ExamplesExample A: Predicting House PricesIf you are building a model to estimate how much a house will sell for:Features ($X$): Square footage, number of bedrooms, neighborhood, age of the house, and distance to the nearest station.Label ($y$): The final sale price (e.g., $450,000).Example B: Email Spam DetectionIf you are building a filter to identify junk mail:Features ($X$): The frequency of words like ""Free"" or ""Winner,"" the sender's email address, and the presence of suspicious links.Label ($y$): The category of the email (e.g., ""Spam"" or ""Not Spam"").",
T019,C-d,d) What is Model Evaluation? Describe any two basic evaluation metrics used in ML.,5,"Model Evaluation is the process of assessing how well a trained machine learning model performs on data it has never seen before. It is a critical step because a model might perform perfectly on its training data but fail in the real world—a problem known as overfitting.+1Evaluation helps developers determine if the model is reliable enough to be deployed or if it needs further tuning.Basic Evaluation MetricsThe choice of metric depends on whether you are solving a Classification (grouping) or Regression (predicting numbers) problem.1. Accuracy (Classification)Accuracy is the most intuitive metric. It measures the percentage of total predictions that the model got correct.Formula: $\text{Accuracy} = \frac{\text{Correct Predictions}}{\text{Total Predictions}}$Best for: Datasets where the classes are balanced (e.g., an equal number of ""Spam"" and ""Not Spam"" emails).Example: If a model identifies 90 out of 100 images correctly, its accuracy is 90%.2. Mean Absolute Error / MAE (Regression)Since regression predicts continuous numbers, ""accuracy"" doesn't apply (a model is rarely 100% exact). Instead, we measure the error—the distance between the prediction and the actual value.How it works: MAE calculates the average of the absolute differences between the predicted values and the actual values.Example: If you predict a house price is $300,000 but it actually sells for $310,000, the absolute error is $10,000. The MAE is the average of these errors across all test houses.Interpretation: A lower MAE indicates a more accurate model.",
T019,C-e,e) Define Overfitting. Explain why it occurs and mention two simple ways to reduce it.,5,"Overfitting occurs when a machine learning model learns the training data ""too well."" Instead of capturing the general underlying pattern, it memorizes the specific noise and random fluctuations present in the training set.
+1

As a result, an overfitted model performs exceptionally well on its training data but fails to predict accurately when given new, unseen data.

Why Does Overfitting Occur?
Model Complexity: If the model has too many parameters relative to the amount of data (e.g., using a very deep neural network for a tiny dataset), it has the ""flexibility"" to weave through every single outlier rather than following the main trend.

Noisy Data: If the training data contains errors or random ""noise,"" a complex model will mistake that noise for a legitimate pattern and try to learn it.

Limited Training Data: Without enough examples to show the ""big picture,"" the model assumes that the few specific examples it has seen are the absolute rule for everything.

Two Simple Ways to Reduce Overfitting
1. Simplify the Model (Pruning / Feature Selection)
The most direct way to stop a model from memorizing noise is to reduce its complexity.

For Decision Trees, this is called ""pruning"" (cutting off unnecessary branches).

For other models, it involves removing irrelevant Features so the model focuses only on the most important variables.

2. Increase Training Data (Data Augmentation)
Providing more data helps the model realize that the ""noise"" it saw in a few examples doesn't apply to the whole dataset. If you cannot collect more real data, you can use Data Augmentation—for example, rotating or flipping images in your training set to create ""new"" examples that force the model to learn general shapes rather than specific pixel locations.",
T019,D-a,a) What is training data? How is it used in building a model?,2,"Training data is the primary dataset used to ""teach"" a machine learning algorithm. It consists of a collection of examples, each typically containing features (inputs) and the corresponding label (the correct answer).
+1

In model building, the algorithm processes this data to discover underlying patterns and relationships. It iteratively adjusts its internal mathematical parameters to minimize the difference between its predictions and the actual labels. Essentially, the training data acts as the ""textbook"" from which the model learns the logic required to make future predictions.
+1",
T019,D-b,b) Define prediction in machine learning.,2,"In machine learning, a prediction is the output generated by a trained model when it is given new, unseen input data. It represents the model’s ""best guess"" or estimate of the correct outcome based on the patterns it learned during the training phase.

In Classification: The prediction is a category (e.g., ""This image is a cat"").

In Regression: The prediction is a continuous value (e.g., ""This house will cost $350,000"").

Essentially, the model applies its internal mathematical formula to the new features to provide an answer.",
T019,D-c,c) What is a decision tree in simple terms?,2,"A decision tree is a machine learning algorithm that predicts outcomes by asking a series of hierarchical ""yes/no"" questions. It works much like a flowchart, where each internal node represents a test on a specific feature, each branch represents the result of that test, and each leaf node represents the final decision or classification.

For example, to decide if you should play tennis, the tree might first ask, ""Is it raining?"" If the answer is ""No,"" it follows that branch to the next question, ""Is it windy?"" This logical path continues until a final leaf node—the prediction—is reached. Its simplicity makes it highly interpretable for humans.",
T019,D-d,d) Mention any two challenges faced when collecting ML data.,2,"Collecting high-quality data is often the most difficult part of the machine learning process. Two primary challenges include:

Data Quality and Noise: Raw data is frequently ""messy,"" containing missing values, duplicates, or incorrect entries (noise). If a model learns from poor-quality data, its predictions will be unreliable, a concept known as ""Garbage In, Garbage Out.""

Data Privacy and Ethics: Gathering data—especially personal or medical information—is restricted by strict legal regulations like GDPR. Ensuring user privacy while collecting enough representative data is a constant hurdle for developers.",
T019,D-e,e) What is model generalization?,2,"Model generalization is the ability of a machine learning model to accurately predict outcomes for new, unseen data that was not part of its training set. It is the true measure of a model's intelligence; a model that generalizes well has learned the broad, underlying patterns of a problem rather than just memorizing specific examples.
+1

If a model performs perfectly on training data but fails on real-world data, it lacks generalization—a state known as overfitting. The goal of any ML project is to find the ""sweet spot"" where the model is complex enough to learn the rules but simple enough to ignore random noise.",
T020,A-a,a) Explain how data drift and concept drift affect the long-term performance of machine learning models. Discuss the different types of drift and practical strategies to detect and handle them.,8,"Machine learning models are not ""set and forget."" Their performance often degrades over time due to Model Decay, primarily caused by two types of environmental changes: Data Drift and Concept Drift.
+1

1. Understanding the Types of Drift
Data Drift (Feature Drift): This occurs when the statistical distribution of the input data changes, but the underlying relationship between features and the target stays the same.

Example: A credit scoring model trained on high-income professionals suddenly receives data from college students. The ""input"" has changed.

Concept Drift: This is more critical. It occurs when the relationship between the input variables and the target variable changes. The ""logic"" the model learned is no longer true.

Example: Before a pandemic, ""high flight bookings"" predicted a ""stable economy."" During a pandemic, ""high flight bookings"" might suddenly predict a ""risk of virus spread.""

2. Detection and Handling Strategies
Detection Methods:

Statistical Tests: Use tests like the Kolmogorov-Smirnov (K-S) test or Population Stability Index (PSI) to compare the distribution of new data against the training baseline.

Performance Monitoring: A sudden drop in accuracy, precision, or F1-score is often a trailing indicator that drift has occurred.

Handling Strategies:

Model Retraining: The most common solution. Periodically retrain the model using the most recent data to capture the new ""concept.""

Online Learning: Use algorithms that update their weights incrementally as each new data point arrives, rather than training in static batches.

Data Weighting: When retraining, give more importance (higher weight) to recent samples and less weight to older, obsolete data.

Automated Pipelines: Implement CI/CD for ML (MLOps) that triggers a retraining job automatically when a drift threshold is exceeded.",
T020,A-b,"b) Discuss the role of embedding techniques in machine learning. Explain how text,images, or categorical data can be transformed into meaningful representations for models.",8,"Embeddings are a way to represent high-dimensional or categorical data as relatively low-dimensional, continuous vectors of real numbers. Unlike simple encoding (like One-Hot Encoding), embeddings capture the semantic relationship between items, ensuring that similar items are placed closer together in the vector space.
+1

1. Transformation of Different Data Types
Text Data: Words or sentences are converted into vectors where ""King"" and ""Queen"" are mathematically closer to each other than ""King"" and ""Apple."" Techniques like Word2Vec or BERT use context to assign these values. This allows models to understand synonyms and relationships.
+1

Image Data: CNNs act as embedding engines. They take a raw image (pixels) and compress it into a numerical vector (a ""feature vector"") that represents the essence of the image. For example, two different photos of the same person will produce very similar embedding vectors, which is how facial recognition works.
+1

Categorical Data: In large-scale systems (like Amazon or Netflix), ""User IDs"" or ""Product IDs"" are converted into embeddings. This maps thousands of categories into a smaller space, allowing the model to discover that ""User A"" and ""User B"" have similar tastes even if they haven't bought the same items yet.

2. Why Embeddings are Critical
Dimensionality Reduction: They solve the ""curse of dimensionality."" Instead of a sparse 10,000-column table for vocabulary, we use a dense 300-column embedding.

Capturing Context: They go beyond ""exact matches."" If a model sees the word ""Stellar,"" and it has learned embeddings, it knows that ""Star-like"" or ""Excellent"" are related concepts.

Transferability: Embeddings learned on massive datasets (like Wikipedia) can be downloaded and used in smaller, custom models to improve their performance immediately.",
T020,A-c,"c) Describe the challenges associated with training models on imbalanced datasets.Explain advanced techniques such as cost-sensitive learning, synthetic sample generation, and threshold adjustment.",8,"Data imbalance occurs when one class (the majority) significantly outnumbers another (the minority). This is a common hurdle in high-stakes fields like fraud detection, rare disease diagnosis, and cybersecurity.

1. Challenges of Imbalanced Datasets
The Accuracy Paradox: A model can achieve 99% accuracy by simply predicting the majority class every time, failing to identify a single minority case.

Vanishing Gradients for Minority Class: During training, the loss function is dominated by the majority class. The model's weights are updated primarily to minimize errors for the majority, leaving the minority class patterns unlearned.

Poor Generalization: The model becomes ""risk-averse"" toward the minority class, leading to high False Negatives (missing the very events we want to catch).

2. Advanced Mitigation Techniques
Cost-Sensitive Learning: Instead of treating all errors equally, we assign a higher ""cost"" or ""penalty"" to misclassifying the minority class. In algorithms like SVM or Random Forest, this is often implemented via the class_weight parameter. The model is forced to prioritize the minority class to keep the total ""cost"" low.
+1

Synthetic Sample Generation (SMOTE): Rather than just duplicating existing minority data (which causes overfitting), the Synthetic Minority Over-sampling Technique (SMOTE) creates brand new, plausible data points. It selects a minority point, finds its nearest neighbors, and generates new points along the lines connecting them.
+1

Threshold Adjustment: By default, classification models use a 0.5 probability threshold to decide between classes. In imbalanced scenarios, we can ""move the goalposts."" By lowering the threshold (e.g., to 0.3), we make the model more sensitive to the minority class, improving Recall at the expense of some Precision.
+1",
T020,A-d,"d) Explain the concept of model monitoring in ML systems. What parameters are tracked, and why is continuous monitoring essential for deployed models?",8,"Model Monitoring is the practice of tracking the performance, health, and behavior of a machine learning model after it has been deployed to a production environment. Unlike traditional software, ML models can fail even if the code remains perfect, because they are dependent on ever-changing real-world data.

1. Parameters Tracked During Monitoring
To ensure a model remains reliable, data scientists track three primary categories of metrics:

Software Health (Infrastructure): This includes technical ""uptime"" metrics such as Latency (how long a prediction takes), Memory Usage, CPU/GPU Utilization, and Throughput (requests per second).

Data Quality & Drift: Monitoring the ""input."" We track if the incoming data still looks like the training data. This includes checking for Missing Values, Schema Changes, and Feature Drift (statistical shifts in input distributions).

Predictive Performance: Monitoring the ""output."" If ""ground truth"" labels are available (e.g., did the customer actually churn?), we track Accuracy, Precision, Recall, and F1-Score. If ground truth is delayed, we monitor Prediction Drift (is the model suddenly predicting ""True"" 80% of the time instead of the usual 20%?).

2. Why Continuous Monitoring is Essential
Preventing Model Decay: Models are static, but the world is dynamic. Changes in consumer behavior or economic shifts (Concept Drift) can make a model's logic obsolete overnight.

Detecting Training-Serving Skew: Sometimes a model performs perfectly in the lab but fails in production because the data pipeline processes features differently in the real world.

Ensuring Fairness and Compliance: Monitoring helps detect if a model has developed bias against specific demographic groups over time, which is critical for regulatory requirements.

Operational Safety: In high-stakes fields like healthcare or finance, a ""silent failure"" (a model giving confident but wrong answers) can have catastrophic real-world consequences.",
T020,A-e,e) Discuss the difference between batch learning and online learning. Explain the scenarios where online learning is preferred and the challenges involved.,8,"The distinction between Batch and Online learning defines how a model incorporates new data. Choosing the right approach depends on the volume of data, the frequency of updates, and the available hardware.

1. Core Differences
Batch (Offline) Learning: In this approach, the model is trained using the entire dataset at once. It cannot learn incrementally. If new data arrives, the model must be retrained from scratch using both the old and new data. This is computationally expensive and time-consuming but usually results in a very stable, optimized model.
+2

Online (Incremental) Learning: The model is trained by feeding it data instances sequentially, either individually or in small groups called ""mini-batches."" The system learns about new data on the fly and updates its parameters immediately. Once the model has learned from a data point, it can usually ""forget"" that specific instance, saving significant storage space.

2. Scenarios Where Online Learning is Preferred
Online learning is the ""gold standard"" for systems that must adapt to rapid changes or handle massive data streams:

Real-time Stock Market Prediction: Where trends change second-by-second and old data quickly becomes obsolete.

High-Volume Data Streams: When the dataset is too large to fit into a computer's main memory (RAM). Online learning processes data in chunks, making it ""out-of-core"" friendly.

Personalization Engines: Like Netflix or YouTube recommendations, where the model needs to adjust to a user's changing interests immediately.

3. Challenges Involved
Catastrophic Forgetting: If the new data is significantly different, the model might ""forget"" what it learned from older data too quickly, leading to a sudden drop in performance on historical patterns.

Sensitivity to Outliers (Data Noise): Since the model updates its weights frequently, a single bad or ""noisy"" data point can immediately skew the model's accuracy.

Monitoring Complexity: It is difficult to evaluate an online model. Since it is constantly changing, you need sophisticated monitoring to ensure its performance hasn't ""drifted"" into an unstable state.",
T020,A-f,f) Explain how explainable AI (XAI) methods help build trust in ML systems. Discuss any real-world use cases where XAI is crucial for decision-making.,8,"Explainable AI (XAI) refers to a set of processes and methods that allow human users to comprehend and trust the results and output created by machine learning algorithms. Many high-performing models (like Deep Neural Networks) are ""Black Boxes,"" meaning even their creators cannot easily explain why a specific decision was made. XAI aims to open this box.
+2

1. How XAI Builds Trust
Transparency and Accountability: XAI provides a clear ""audit trail."" If a model makes a mistake, XAI helps developers identify whether the error was due to biased data, a flawed feature, or an edge case.
+1

Bias Detection: By visualizing which features the model prioritizes, XAI can reveal hidden biases—such as a loan-approval model unfairly weighting a user's zip code over their financial history.

Regulatory Compliance: Laws like the GDPR include a ""right to explanation."" XAI allows organizations to provide customers with the specific reasons why an automated decision (like a credit denial) was reached.
+1

Model Debugging: It helps data scientists understand if a model is ""right for the wrong reasons"" (e.g., a model identifying a husky because of the snow in the background rather than the dog’s features).

2. Real-World Use Cases
Healthcare (Diagnostic Support): When a model identifies a tumor in an MRI scan, XAI methods (like Heatmaps) highlight the specific pixels that led to the diagnosis. This allows a doctor to verify the model's logic before proceeding with surgery.

Finance (Credit Scoring and Fraud): If a bank's AI rejects a mortgage application, XAI tools like SHAP (SHapley Additive exPlanations) or LIME can show exactly how much the applicant's ""Debt-to-Income Ratio"" vs. ""Credit History"" contributed to the rejection.

Autonomous Vehicles: After an accident or a ""near-miss,"" engineers use XAI to reconstruct the car's decision-making process. They can see if the sensors misidentified a pedestrian as a stationary object, which is crucial for safety improvements.

Criminal Justice: XAI is used to ensure that risk-assessment tools used by courts do not rely on protected characteristics like race or gender, ensuring the system remains impartial.",
T020,B-a,a) What is feature leakage (data leakage) in machine learning? Explain its causes and how it impacts model performance.,5,"Feature Leakage (or Data Leakage) occurs when information from outside the training dataset is used to create the model. This essentially means the model is ""cheating"" by having access to data during training that it wouldn't actually have in a real-world production scenario.
+1

Common Causes of Leakage
Inclusion of the Target in Features: Using a variable that is a direct result of the target. For example, using ""Number of Antiviral Meds Taken"" to predict if a patient has a virus. The meds are only taken after the diagnosis.

Temporal Leakage (Time-Series): Using ""future"" data to predict ""past"" events. If you use closing stock prices from Friday to train a model to predict Thursday's trends, the model will appear perfect but fail in real life.

Improper Preprocessing: Calculating the Mean or Standard Deviation on the entire dataset before splitting it into Training and Test sets. The training data ""leaks"" information about the distribution of the test data.

Impact on Model Performance
Illusory Superiority: The model shows incredibly high performance (e.g., 99.9% accuracy) during training and validation.

Production Failure: Once deployed, the model's performance collapses because the ""cheating"" info is no longer available. This leads to a total loss of trust in the ML system.
+1",
T020,B-b,"b) Explain the role of evaluation pipelines in ML workflows. Why is it important to separate validation, testing, and deployment evaluation?",5,"An Evaluation Pipeline is a systematic framework used to measure a model's performance at different stages of its lifecycle. It ensures that a model is not just ""memorizing"" data but is capable of generalizing to new, unseen information.

The Importance of Separation
To build a reliable system, the data must be partitioned into three distinct sets, each serving a unique role:

Validation (The Tuning Phase):
This data is used during the training process to compare different versions of the model. It helps in selecting the best hyperparameters (like the depth of a tree). Since the model is ""seen"" by the developer to make decisions, it cannot be used for the final honest assessment.

Testing (The Final Exam):
The Test set is held back until the very end. It represents ""unseen"" data. Separating this ensures we catch overfitting. If a model performs at 95% on validation but only 60% on testing, we know the evaluation pipeline has identified a failure in generalization.

Deployment Evaluation (The Real World):
Once a model is live, performance is measured against actual production data. This is crucial because real-world data can ""drift"" or change over time. Monitoring here ensures the model remains accurate as external conditions evolve.

Why It Matters
Without this separation, developers fall victim to Optimism Bias. If you test on the same data you used to tune the model, the results will be artificially high. Proper pipelines act as a ""safety check,"" preventing faulty models from reaching production and causing financial or operational damage.",
T020,B-c,c) Describe how transfer learning improves model development. Mention scenarios where transfer learning is especially useful.,5,"Transfer Learning is a machine learning technique where a model developed for one task is reused as the starting point for a model on a second, related task. Instead of training a model from scratch—which requires massive data and computation—you take the ""knowledge"" (weights and patterns) learned by a pre-trained model and ""fine-tune"" it for your specific needs.
+1

How It Improves Development
Faster Convergence: Since the model already understands basic features (like edges in images or grammar in text), it reaches the optimal solution much faster than a model starting with random weights.

Lower Data Requirements: You can build a high-performing model with only a few hundred samples because the heavy lifting of feature extraction was already done on millions of samples.

Cost Efficiency: It significantly reduces the need for expensive GPU/TPU computing resources.

Scenarios Where It Is Especially Useful
Medical Imaging: It is difficult to get 100,000 X-rays of a rare disease. Developers take a model trained on general images (like ImageNet) and fine-tune it to detect specific medical anomalies.

Natural Language Processing (NLP): Models like BERT or GPT are trained on almost the entire internet. Small businesses use these ""base models"" to build specific tools like sentiment analysis or chatbots without needing supercomputers.

Autonomous Driving: A model trained on driving data from sunny California can be ""transferred"" and fine-tuned with smaller datasets of snowy or rainy conditions to adapt quickly.",
T020,B-d,d) What is the purpose of hyperparameter search strategies like Grid Search and Random Search? Compare them briefly.,5,"The purpose of hyperparameter search strategies is to automate the process of finding the most effective configuration for a machine learning model. Since the performance of an algorithm (like a Neural Network or Random Forest) depends heavily on its settings, manual tuning is often slow and inefficient. These strategies navigate the ""parameter space"" to identify values that minimize error and maximize accuracy.
+1

1. Grid Search
Grid Search is an exhaustive approach. You define a discrete set of values for each hyperparameter, and the algorithm builds a model for every possible combination (a Cartesian product).
+1

Strength: It is systematic and guaranteed to find the best combination within the specified grid.

Weakness: It suffers from the ""curse of dimensionality."" If you add more parameters or values, the number of models to train grows exponentially, making it very slow for large datasets.

2. Random Search
Instead of checking every point, Random Search picks a fixed number of combinations at random from a specified distribution.

Strength: Research shows it is often more efficient than Grid Search. It doesn't waste time on ""unimportant"" parameters and can explore a wider range of values in the same amount of time.
+1

Weakness: There is a slight chance it might miss the absolute optimal point if the number of iterations is too low.

Key Differences
Computation: Grid Search is predictable but expensive; Random Search is flexible and allows you to set a specific ""budget"" for time.

Granularity: Grid Search only tests the specific values you list. Random Search can potentially test any value within a range (e.g., any value between 0.01 and 0.1).

Efficiency: In high-dimensional spaces, Random Search usually finds a ""good enough"" model much faster than Grid Search.",
T020,B-e,e) Explain the importance of reproducibility in machine learning experiments. What practices help ensure experiments can be repeated accurately?,5,"Reproducibility in machine learning is the ability for an independent researcher or another team member to take the same data, code, and environment and achieve the exact same results as the original experiment. In a field driven by empirical results, reproducibility is the foundation of scientific integrity and operational reliability.

Why Reproducibility is Important
Validation of Results: It ensures that a model’s high performance isn't just a ""fluke"" or a result of a specific random seed, but a genuine pattern learned from the data.

Collaboration: In professional teams, one data scientist must be able to hand off a project to another without the model’s behavior changing unexpectedly.

Regulatory Compliance: In industries like healthcare or finance, organizations must be able to prove why and how a model arrived at a specific decision.

Debugging and Auditing: If a model fails in production, the ability to reproduce that failure in a local environment is essential for fixing the root cause.

Practices to Ensure Reproducibility
Setting Random Seeds: Many algorithms use randomness (e.g., shuffling data or initializing weights). Hard-coding a ""seed"" (e.g., random_state = 42) ensures the ""random"" steps are identical every time.

Version Control (Code & Data): Use Git for code and tools like DVC (Data Version Control) for datasets. Knowing exactly which version of the data was used to train which version of the model is critical.

Environment Management: Use containers (like Docker) or environment files (like requirements.txt) to lock in the exact versions of libraries like Scikit-learn or TensorFlow.

Experiment Tracking: Use platforms like MLflow or Weights & Biases to log every hyperparameter, metric, and artifact (like the saved model file) during training.",
T021,A-1,1. Explain the concept of model drift. Discuss different types of drift and why continuous monitoring is required.,5,"Model Drift refers to the degradation of a model's predictive power over time due to changes in the environment. In the ""lab,"" a model is trained on a static snapshot of data, but in the real world, data is dynamic. When the patterns the model learned no longer match the reality of the incoming data, the model becomes ""stale"" or inaccurate.
+2

1. Types of Drift
Data Drift (Covariate Shift): This occurs when the distribution of the input features changes, even if the underlying relationship to the target remains the same.

Example: A facial recognition model trained on younger people may struggle as the population ages. The ""input"" (faces) has drifted statistically.

Concept Drift: This is the most dangerous type. It occurs when the relationship between the input and the output changes. The ""logic"" the model uses is no longer valid.

Example: An AI predicting housing prices based on ""square footage"" might fail if a new law suddenly makes ""proximity to public transit"" the primary value driver instead.

Upstream Data Changes: Sometimes drift isn't environmental but technical. This happens when a data pipeline changes—for example, a sensor starts reporting temperature in Fahrenheit instead of Celsius, or a ""null"" value is handled differently by a new software update.

2. Why Continuous Monitoring is Required
Silent Failure Detection: Unlike traditional software, a drifting model doesn't ""crash"" or throw an error code; it simply gives increasingly wrong answers. Continuous monitoring is the only way to detect this ""silent"" decay.

Maintaining Reliability: In high-stakes industries like medicine or autonomous driving, drift can lead to life-threatening errors. Monitoring ensures the model remains within safety thresholds.
+1

Retraining Triggers: Monitoring provides the data needed to decide when to retrain. Retraining too often is a waste of money; retraining too late leads to business loss.

Operational Integrity: It allows teams to identify if a performance drop is due to the model itself or an external ""Black Swan"" event (like a global pandemic) that requires a manual intervention rather than just an automated update.",
T021,A-2,2. What is the difference between online learning and batch learning? Explain with suitable real-world examples.,5,"The difference between Batch Learning and Online Learning lies in how the model ingests data and updates its knowledge. In the fast-paced world of machine learning, choosing the wrong method can lead to either wasted computing power or a model that is too slow to react to real-world changes.

1. Batch Learning (Offline Learning)
In Batch Learning, the model is trained using the entire dataset at once. The training process happens ""offline"" because it requires significant time and computing resources. Once the model is trained, its parameters are ""frozen"" and it is deployed to production.
+1

How it works: To update the model with new data, you must combine the old data with the new data and retrain a brand-new version from scratch.

Real-World Example: Credit Scoring Models. A bank might update its credit scoring model every six months. They gather all the loan data from the past half-year, combine it with their historical records, and run a massive training job overnight to produce a new model.

2. Online Learning (Incremental Learning)
Online Learning allows the model to learn incrementally by feeding it data instances one by one or in small sequences called ""mini-batches."" The system updates its parameters immediately as new data arrives.
+1

How it works: The model is ""live"" and continuously evolving. It does not need to be retrained from scratch; it simply ""nudges"" its current weights to account for the newest information.

Real-World Example: Stock Market Prediction. Because market conditions change by the second, a model must adapt instantly to new price movements. A batch model would be obsolete by the time it finished retraining, but an online model stays current.

Another Example: Recommendation Engines (e.g., YouTube or Netflix). If you start watching cooking videos today, the system updates your ""profile"" in real-time to suggest more recipes, rather than waiting for a weekly update.

3. Summary of Differences
Computing Power: Batch learning requires a lot of RAM and CPU at once; Online learning is ""light"" because it only looks at a few data points at a time.

Speed of Adaptation: Online learning is almost instantaneous; Batch learning has a ""lag"" because it waits for the next scheduled training cycle.

Data Storage: Batch learning requires keeping all historical data; Online learning can often ""discard"" data once it has been learned, saving storage space.",
T021,A-3,"3. Describe the function of an embedding in machine learning. Why are embeddings useful for text, images, or categorical data?",5,"An Embedding is a technique that transforms high-dimensional, discrete data into a low-dimensional, continuous vector of real numbers. Essentially, it takes ""concepts"" (like words, images, or categories) and maps them into a mathematical space where the distance between points reflects their similarity.

1. The Function of an Embedding
The primary goal is to create a Dense Representation. In a raw state, data is often ""sparse"" (mostly zeros). Embeddings compress this data into a smaller, ""dense"" vector (e.g., 100 or 300 dimensions) where every number carries information. This mapping is learned during training, meaning the model discovers the relationships itself.

2. Why They Are Useful for Different Data Types
Text Data: Computers cannot understand the meaning of ""Apple"" vs. ""Orange."" Without embeddings, they treat them as unrelated unique IDs. Text embeddings (like Word2Vec) ensure that words used in similar contexts are placed near each other. This allows a model to ""understand"" that ""King"" is to ""Queen"" as ""Man"" is to ""Woman.""
+1

Image Data: A raw image is just a grid of pixels. Embeddings (often generated by CNNs) extract the ""essence"" of the image—shapes, textures, and objects—and turn them into a feature vector. This is why a facial recognition system can tell two photos are of the same person: their embeddings are nearly identical, even if the lighting or background changed.

Categorical Data: For variables with thousands of categories (e.g., Product IDs on Amazon), ""One-Hot Encoding"" would create a table with thousands of empty columns. Embeddings map these categories into a small, meaningful space. It helps the model discover that ""User A"" and ""User B"" have similar tastes because the embeddings of the products they bought are clustered together.
+1

3. Key Advantages
Efficiency: They drastically reduce the memory and computational power needed by shrinking the input size.

Semantic Meaning: They capture ""intent"" and ""relationship"" rather than just looking for exact matches.

Generalization: Because similar items have similar vectors, a model trained on one item can generalize its behavior to similar items it hasn't seen as often.",
T021,A-4,4. What is concept learning in ML? Explain how hypothesis space and inductive bias influence concept learning.,5,"Concept Learning is the process of automatically inferring a general boolean-valued function (a ""concept"") from specific training examples. In simpler terms, it is the task of learning to distinguish between ""examples of a concept"" and ""non-examples."" For a machine, this means finding a rule that correctly classifies an object based on its attributes (e.g., learning what defines a ""Bird"" based on features like feathers, wings, and laying eggs).1. Hypothesis Space ($H$)The Hypothesis Space is the set of all possible rules or patterns that the learning algorithm considers. When an algorithm is ""learning,"" it is searching through this space to find the one hypothesis ($h$) that best fits the training data.Size and Complexity: If the space is too small, the model may not find a rule that fits the data (Underfitting). If the space is too large (containing every possible combination), the search becomes computationally impossible.The Search Task: Concept learning is essentially a search problem where the algorithm tries to locate the ""Target Concept.""2. Inductive BiasSince the number of possible hypotheses is often infinite or massive, an algorithm needs a set of ""prior assumptions"" to succeed. This is known as Inductive Bias. It is the policy the learner uses to prioritize one hypothesis over another when both are consistent with the data.Why it's necessary: Without bias, a learner would simply memorize the data (Rote Learning) and would be unable to classify any new, unseen examples. It would have no reason to prefer a ""simple"" rule over a ""complex"" one.Types of Bias:Preference Bias (Occam’s Razor): The algorithm prefers simpler hypotheses over complex ones.Restriction Bias: The algorithm only considers a specific type of hypothesis (e.g., only linear relationships).3. How They Influence LearningThe interaction between these two determines the model's success:Search Efficiency: Inductive bias limits the Hypothesis Space, making the search faster and more focused.Generalization: The bias allows the model to ""make a leap"" from the training data to unseen data. For example, if a model has an inductive bias that ""feathers"" are the most important feature for the concept ""Bird,"" it will correctly classify a new feathered creature even if it has never seen that specific species before.",
T021,A-5,"5. Explain the importance of data balancing techniques. Compare oversampling,undersampling, and synthetic balancing methods.",5,"In machine learning, data imbalance occurs when one class (the majority) significantly outnumbers the other (the minority). This is common in fraud detection, where 99% of transactions are legitimate and only 1% are fraudulent. Without balancing, a model will develop a Majority Class Bias, achieving high accuracy by simply ignoring the minority class entirely. Balancing ensures the model learns the unique patterns of the ""rare"" events it is actually designed to catch.
+1

Comparison of Balancing Methods
To handle this, three primary strategies are used. Instead of a table, here is an analysis of each:

1. Undersampling
This method involves removing examples from the majority class to match the size of the minority class.

Best for: Massive datasets where you have plenty of data to spare.

Pros: It reduces the size of the training set, making the training process faster and less memory-intensive.

Cons: It is risky because it throws away potentially valuable information, which can lead to Underfitting.

2. Oversampling
This involves duplicating existing examples from the minority class until the classes are balanced.

Best for: Smaller datasets where you cannot afford to lose any information.

Pros: No information from the majority class is lost.

Cons: Because it repeats exact data points, it often leads to Overfitting, where the model ""memorizes"" the specific minority samples instead of learning a general rule.

3. Synthetic Balancing (SMOTE)
The Synthetic Minority Over-sampling Technique (SMOTE) is a more advanced approach. Instead of duplicating data, it creates ""synthetic"" (fake but plausible) samples. It looks at the minority class, identifies ""neighbors,"" and draws new points between them.
+2

Best for: High-dimensional data where simple duplication isn't enough.

Pros: It provides the model with new ""information"" and forces the decision boundary to be more robust, reducing the risk of overfitting compared to basic oversampling.

Cons: It can introduce ""noise"" if the classes already overlap significantly, potentially confusing the model.",
T021,A-6,6. What is active learning? Describe how query strategies like uncertainty sampling help improve training efficiency.,5,"Active Learning is a specialized subfield of machine learning where the algorithm is allowed to proactively choose which data it wants to learn from. In traditional ""Passive Learning,"" a model is given a fixed, pre-labeled dataset. In Active Learning, the model starts with a small amount of labeled data and a large pool of unlabeled data. It then ""asks"" a human expert (an ""Oracle"") to label only the most informative data points.
+2

1. Why Active Learning is Essential
The primary goal is efficiency. In many industries, like medical imaging or legal document review, labeling data is incredibly expensive and time-consuming. Active Learning allows a model to achieve high accuracy using significantly fewer labeled examples—sometimes up to 90% less data than traditional methods.
+1

2. Uncertainty Sampling: The Core Query Strategy
The most common way a model decides which data to ""ask"" about is Uncertainty Sampling. Instead of picking random data points, the model looks for the ones it is most confused about.

There are three common ways to measure this uncertainty:

Least Confident: The model selects the point where its highest predicted probability is the lowest. (e.g., if it's only 40% sure of a classification, it needs help).

Margin Sampling: The model looks for points where the gap between the top two most likely classes is very small. This helps the model define the ""boundary"" between two similar categories.

Entropy: The model uses a mathematical formula to find points where the probability is spread out across all classes, representing total confusion.

3. Impact on Training Efficiency
Reduced Costs: By only labeling the ""hard"" cases, organizations avoid paying experts to label ""obvious"" data that the model already understands.

Faster Deployment: Because fewer labels are needed, the time from data collection to a working production model is drastically shortened.

Better Performance on Edge Cases: Active learning forces the model to focus on the difficult, ambiguous boundaries of a problem, which often leads to more robust performance in real-world scenarios.",
T021,B-1,"1. You are given a small dataset with missing values. Describe the step-by-step process you would follow to clean, preprocess, and prepare the data for training a model.",5,"To prepare a small dataset for a machine learning model, you must be surgical. With limited data, every row is precious, so the goal is to retain as much information as possible while ensuring the data is mathematically compatible with your algorithm.The Step-by-Step Preprocessing Pipeline1. Exploratory Data Analysis (EDA) & Missingness AuditBefore fixing anything, you must understand why data is missing.MCAR (Missing Completely at Random): The missingness has no pattern.MAR (Missing at Random): Missingness is related to other observed data (e.g., men being less likely to report their weight).MNAR (Missing Not at Random): The value itself is why it’s missing (e.g., high-income earners hiding their salary).2. Handling Missing Values (Imputation)For small datasets, do not drop rows. Instead, use imputation:Numerical Data: Use the Median (more robust to outliers than the mean). For a more advanced approach, use K-Nearest Neighbors (KNN) Imputation, which fills missing values based on similar rows.Categorical Data: Use the Mode (most frequent value) or create a new category called ""Missing"" to capture any potential pattern in the absence of data.3. Encoding Categorical VariablesModels only speak numbers.Ordinal Encoding: Use this for categories with a natural rank (e.g., ""Small,"" ""Medium,"" ""Large"" $\rightarrow$ 1, 2, 3).One-Hot Encoding: Use this for nominal categories (e.g., ""Red,"" ""Blue""). Note: With small datasets, be careful not to create too many columns, which can lead to the ""Curse of Dimensionality.""4. Feature ScalingAlgorithms that rely on distance (like KNN or SVM) or gradient descent (Neural Networks) require features to be on the same scale.Standardization ($Z$-score): Centers data around a mean of 0 and a standard deviation of 1.Normalization (Min-Max): Rescales data to a range between 0 and 1.5. Outlier Management & Final SplitCheck for extreme values that might skew a small dataset. You might choose to cap (winsorize) them rather than delete them. Finally, perform a Stratified Train-Test Split to ensure the distribution of your target variable remains consistent in both sets.",
T021,B-2,2. Assume you have trained a classification model that shows high accuracy but low recall. Explain the activities you would perform to diagnose and improve this issue.,5,"When a model shows high Accuracy but low Recall, it means the model is ""playing it safe."" It is excellent at identifying the majority class (usually the ""Negative"" class), but it is failing to catch the actual ""Positive"" cases (the ones we care about).

Here is the diagnostic and remedial plan to fix this:

1. Diagnostic Activities
Analyze the Confusion Matrix: Check the False Negatives (FN). High FN confirms the model is missing positive cases.

Inspect Probability Distributions: Plot the predicted probabilities for both classes. If the model is predicting 0.4 for most positive cases, it will be classified as ""Negative"" due to the default 0.5 threshold.

Review Feature Importance: Use SHAP or LIME to see if the features representing the minority class are being ignored or if they are too ""noisy"" for the model to learn.

2. Improvement Strategies
Threshold Adjustment: Lower the classification threshold (e.g., from 0.5 to 0.3). This forces the model to be more ""sensitive,"" picking up more positive cases at the expense of some precision.

Class Weighting: In your loss function, assign a higher penalty to misclassifying the minority class. In Scikit-Learn, you can set class_weight='balanced'.

Synthetic Data Generation: Use SMOTE or ADASYN to create synthetic examples of the minority class, providing the model with more patterns to learn from.

Feature Engineering: Create new features that specifically highlight the characteristics of the minority class.

Change the Algorithm: Switch to models that handle imbalance better, such as XGBoost (using scale_pos_weight) or EasyEnsemble.",
T021,B-3,3. You are tasked with building an ML model for predicting student performance. List and explain the activities involved from feature identification to model evaluation.,5,"Building an ML model for student performance requires a careful balance of academic data and behavioral insights. Here is the end-to-end workflow:

1. Feature Identification & Selection
The first step is identifying which data points actually influence academic outcomes.

Academic History: Previous grades, GPA, and standardized test scores.

Behavioral Data: Attendance rates, time spent on the Learning Management System (LMS), and participation in extracurriculars.

Demographic & Socio-economic Factors: Parental education level, study environment, and distance from school.

Target Variable: This could be a continuous score (Regression) or a pass/fail status (Classification).

2. Data Preprocessing
Raw school data is often messy and needs cleaning.

Handling Missing Values: Using median imputation for missing test scores or ""None"" for missing behavioral notes.

Encoding: Converting categorical data like ""School District"" into numbers using One-Hot Encoding.

Scaling: Using Standardization to ensure that a score out of 100 (Final Exam) doesn't mathematically overwhelm a score out of 5 (Participation).

3. Model Selection & Training
Choosing the right algorithm depends on the goal.

Random Forests/XGBoost: Excellent for capturing non-linear relationships (e.g., high attendance only matters if the student also studies).

Logistic Regression: Useful if you need a simple, interpretable baseline for pass/fail predictions.

Training: Splitting the data into Training and Validation sets to allow the model to learn patterns.

4. Model Evaluation
Because identifying ""at-risk"" students is critical, standard accuracy is rarely enough.

Recall: This is the most important metric here. We want to ensure we catch as many failing students as possible, even if we accidentally flag a few passing ones.

F1-Score: Used to balance the trade-off between Precision and Recall.

Confusion Matrix: To visualize how many students the model incorrectly predicted would pass (False Positives).

5. Explainability (XAI)
In education, ""why"" a student is failing is as important as the prediction. Using tools like SHAP helps teachers understand if a student is struggling due to attendance versus lack of prior knowledge, allowing for targeted intervention.",
T021,B-4,"4. You receive a trained model whose predictions are biased toward a specific class. Describe the activities you would conduct to detect, measure, and reduce bias.",5,"When a model is biased toward a specific class, it often stems from a ""representation gap"" in the training data or a loss function that prioritizes the majority group. To fix this, you need a rigorous audit and mitigation strategy.

1. Detection: Auditing the Data
Before looking at the model, examine the source. Bias often hides in the dataset:

Label Bias: Check if the human-assigned labels in the training data reflect historical prejudices.

Representation Analysis: Count the instances of each class. If one class comprises 90% of the data, the model will naturally favor it.

Feature Correlation: Use a correlation matrix to see if ""protected attributes"" (like gender or age) are unintentionally leaking into other features (like ""hobbies"" or ""zip code"").

2. Measurement: Quantifying Fairness
Accuracy is a poor metric for bias. Instead, use fairness-specific metrics:

Disparate Impact: Compare the ratio of positive outcomes between groups. If one group gets the ""positive"" result significantly less often, bias is present.

Equalized Odds: Check if the False Positive Rate and True Positive Rate are the same across different demographic groups.

Confusion Matrix per Group: Create separate matrices for each sub-group to see if the model is significantly more ""wrong"" for a specific class.

3. Reduction: Mitigation Strategies
Mitigation can happen at three different stages:

Pre-processing (Data Level): Use Re-weighting to give more importance to underrepresented samples or Oversampling the minority class to balance the scales.

In-processing (Model Level): Add a ""Fairness Constraint"" to the loss function. This penalizes the model not just for being wrong, but for being ""unfairly wrong"" across groups.

Post-processing (Output Level): Adjust the decision thresholds for different groups. For example, you might lower the threshold for a disadvantaged group to ensure Equality of Opportunity.",
T021,B-5,"5. During deployment, your ML model starts performing poorly after a few months. Explain the activities you would carry out to monitor, identify, and fix model drift.",5,"When a model’s performance decays in production, it is rarely due to a coding error; it is almost always due to the world changing while the model remains static. This is the hallmark of Model Drift.

Here is the operational plan to restore the system:

1. Monitoring & Detection
The first priority is to confirm that drift is actually happening and identify its type.

Statistical Distribution Tracking: Compare the summary statistics (mean, variance, distribution) of the live input features against the original training data. Significant changes indicate Data Drift.

Performance Metric Logging: If ground truth (the actual outcome) is available, track Precision, Recall, and F1-score in real-time. A steady decline confirms the model is losing its predictive power.

Prediction Drift Monitoring: If ground truth is delayed (e.g., predicting if a loan will default 2 years from now), monitor the model’s output distribution. If the model suddenly starts predicting ""High Risk"" for 50% of users instead of the usual 10%, it’s a red flag.

2. Identification of Root Cause
Once drift is detected, you must determine why it is happening:

Data Integrity Audit: Check if a sensor has failed or if an upstream software update changed how a feature (like ""Currency"") is formatted.

Concept Drift Analysis: Determine if the relationship between inputs and outputs has changed (e.g., consumer behavior shifted due to a new competitor or economic trend).

Segment Analysis: Break down performance by sub-groups (e.g., is the model failing only for new users or across all users?).

3. Fixing the Model
Once identified, you apply a tiered fix strategy:

Data Cleaning: If the drift was caused by a broken pipeline, fix the upstream data source.

Model Retraining: The most common fix. Re-train the model using a window of the most recent data. You can use Weighted Retraining, giving more importance to the newest samples.

Model Update (Challenger Model): If retraining the old architecture isn't enough, you may need to engineer new features that capture the current environment and deploy a ""Challenger"" model via A/B Testing.",
T021,B-6,"6. You are asked to compare three ML models and select the best one. Describe the activities you would performâ€”including metrics comparison, validation methods, and interpretability checks.",5,"Selecting the best machine learning model is a multi-dimensional task. High accuracy is rarely enough; you must also consider how the model handles uncertainty, how it generalizes, and whether its ""logic"" aligns with the real world.Here is the step-by-step framework for comparing and selecting the optimal model:1. Robust Validation MethodsTo ensure the comparison is fair, all models must be evaluated on the exact same data splits.K-Fold Cross-Validation: Instead of a single train-test split, use K-Fold (typically $K=5$ or $10$). This ensures that the performance of each model isn't just a result of a ""lucky"" data split and provides a mean and standard deviation for the performance metrics.Nested Cross-Validation: If you are also tuning hyperparameters for each model, use Nested CV to prevent ""information leakage"" from the validation set into the model selection process.2. Metrics ComparisonRather than looking at a single number, evaluate models across a ""Performance Profile"":Beyond Accuracy: Compare Precision, Recall, and F1-Score. For example, Model A might have 90% accuracy but 0% recall on the minority class, while Model B has 85% accuracy but 70% recall.ROC-AUC and PR-AUC: Use the Area Under the Receiver Operating Characteristic curve to see how well each model separates the classes regardless of the threshold.Log-Loss: If your application requires ""certainty,"" check the Log-Loss. It penalizes models that are confidently wrong, favoring models with well-calibrated probabilities.3. Computational & Operational EfficiencyA model that is 1% more accurate but 100 times slower might not be the ""best"" for production.Inference Latency: Measure how long each model takes to generate a single prediction.Training Time: Consider the cost and time required to retrain the model when data drifts.Model Size: Ensure the model fits within the memory constraints of your deployment environment (e.g., mobile devices vs. cloud servers).4. Interpretability & Fairness ChecksThis step ensures the model is ""right for the right reasons.""Feature Importance Alignment: Use SHAP (SHapley Additive exPlanations) or LIME to see which features each model prioritizes. If a model for ""Loan Approval"" is heavily weighting ""Zip Code"" (a proxy for race), it may be disqualified despite high accuracy.Global vs. Local Explanations: Verify if the model's global logic makes sense to domain experts and if individual ""edge case"" predictions can be explained.",
T022,A-1,1. Explain the complete workflow of Feature Engineering. Discuss different types of features and the role of feature selection in improving model performance.,8,"Feature engineering is the process of transforming raw data into meaningful inputs that enhance a machine learning model's predictive power. It is often considered more of an art than a science, as it requires a deep understanding of the problem domain.

1. The Feature Engineering Workflow
The process is typically iterative and follows these specific stages:

Data Cleaning & Preprocessing: Handling missing values through imputation and removing or capping outliers that could skew statistical distributions.

Feature Transformation: Modifying features to follow a specific distribution. This includes Scaling (Normalizing data to a range of 0-1) and Log Transformations to handle skewed data.

Feature Construction: Creating new variables from existing ones to capture complex relationships (e.g., extracting ""Day of the Week"" from a ""Timestamp"").

Feature Encoding: Converting categorical strings into numerical formats using techniques like One-Hot Encoding or Target Encoding.

2. Types of Features
Numerical: Quantitative data, either discrete (counts) or continuous (height, price).

Categorical: Qualitative data representing groups, either nominal (no order, e.g., ""Color"") or ordinal (ordered, e.g., ""Education Level"").

Temporal: Time-based data used for trend and seasonality analysis.

3. Role of Feature Selection
Feature selection involves choosing the most relevant subset of predictors. Its primary roles in improving performance include:

Reducing Overfitting: By removing ""noise"" or redundant variables, the model learns general patterns rather than memorizing specific data points.

Improving Accuracy: Concentrating on high-impact variables often leads to better predictive precision.

Computational Efficiency: Fewer features mean faster training times and lower memory usage.

Enhanced Interpretability: Simpler models with fewer variables are easier for stakeholders to understand",
T022,A-2,"2. Describe the architecture and working of Convolutional Neural Networks (CNNs).Explain how convolution, pooling, and feature maps help in image understanding.",8,"A Convolutional Neural Network (CNN) is a deep learning architecture specifically designed to process data with a grid-like topology, such as images. Unlike standard neural networks, CNNs automatically learn spatial hierarchies of features.
+1

1. CNN Architecture and Working
The architecture of a CNN typically consists of three main types of layers:

Convolutional Layers: These are the building blocks. They apply various filters (kernels) to the input to create feature maps.
+1

Pooling Layers: These layers reduce the spatial size of the representation to decrease the number of parameters and computation in the network.

Fully Connected (FC) Layers: Located at the end of the network, these layers map the extracted features to the final output classes (e.g., ""Cat"" or ""Dog"").

The process begins with an input image. As the image passes through successive layers, the network identifies low-level features (edges) in early layers and high-level features (shapes, objects) in deeper layers.
+1

2. Key Components in Image Understanding
Convolution (Feature Extraction)
The convolution operation involves sliding a small window (kernel) over the input image and performing element-wise multiplication. This helps the network achieve Translation Invariance, meaning it can recognize a feature regardless of where it appears in the frame.

Feature Maps
A feature map is the output of a convolution layer. Each map represents the activation of a specific filter across the image. For instance, one map might highlight horizontal edges, while another highlights circular shapes. By stacking multiple feature maps, the CNN gains a multi-dimensional ""understanding"" of the visual data.

Pooling (Downsampling)
Pooling (typically Max Pooling) selects the maximum value from a portion of the feature map. This serves two vital roles:

Dimensionality Reduction: It lowers the computational load.

Robustness: It makes the feature detection more robust to small distortions or shifts in the input image.",
T022,A-3,"3. Discuss the concept of Explainable AI (XAJ). Why is model interpretability important,and what are the major techniques used to interpret black-box models?",8,"Explainable AI (XAI) is a set of processes and methods that allows human users to comprehend and trust the results and output created by machine learning algorithms. It aims to shift AI from ""black-box"" systems—where only the input and output are visible—to ""glass-box"" systems where the internal logic is transparent.
+1

1. The Importance of Model Interpretability
Interpretability is not just a technical requirement; it is a fundamental necessity for deploying AI in sensitive industries.

Trust and Accountability: Stakeholders need to know why a decision was made, especially in high-stakes fields like healthcare (diagnosing a disease) or criminal justice.

Bias Detection: Interpretability allows developers to identify if a model is relying on ""protected attributes"" (like race or gender) rather than legitimate data, ensuring fairness.

Regulatory Compliance: Laws like the GDPR include a ""right to explanation,"" requiring companies to provide meaningful information about the logic involved in automated decision-making.

Model Debugging: Understanding how a model fails is the first step toward fixing it. Interpretability helps identify ""spurious correlations"" where a model learns the wrong patterns.
+1

2. Major Techniques for Interpreting Black-Box Models
When a model is too complex to be inherently interpretable (like Deep Learning or Gradient Boosting), we use Post-hoc interpretation techniques:

A. LIME (Local Interpretable Model-agnostic Explanations)
LIME explains individual predictions by perturbing the input data and seeing how the predictions change. it creates a simple, local linear model around a specific data point to approximate the complex model's behavior in that small neighborhood.

B. SHAP (SHapley Additive exPlanations)
Based on cooperative game theory, SHAP assigns each feature an importance value for a particular prediction. It fairly distributes the ""payout"" (the prediction) among the ""players"" (the input features), showing exactly how much each feature contributed to the final result",
T022,A-4,"4. Explain the importance of Data Pipelines in machine learning projects. Describe how automation, versioning, and data validation improve reliability.",8,"In machine learning, a Data Pipeline is the backbone that automates the flow of data from raw sources to a model-ready state. Without a robust pipeline, ML projects often suffer from ""technical debt,"" where manual data handling leads to inconsistencies, errors, and models that fail in production.

1. The Importance of Data Pipelines
Data pipelines ensure that the data used for training and inference is consistent, high-quality, and reproducible. Their primary roles include:

Data Integration: Consolidating data from disparate sources (APIs, SQL databases, Cloud buckets) into a unified stream.

Latency Reduction: Streamlining processing steps so that real-time models can provide predictions without significant delay.

Scalability: Allowing the system to handle increasing volumes of data without requiring proportional increases in manual labor.

2. Core Components for Reliability
Automation (Orchestration)
Manual data preparation is prone to human error and is impossible to scale. Automation tools (like Apache Airflow or Prefect) schedule and monitor tasks. If a step fails, the system can automatically retry or alert engineers, ensuring that the ""training data"" is always fresh and the model doesn't drift.
+2

Data Versioning
Just as we version code with Git, Data Versioning (using tools like DVC or LakeFS) tracks changes in datasets.

Reproducibility: If a model's performance drops, versioning allows you to revert to the exact dataset used for a previous ""good"" version.

Audit Trails: In regulated industries, it provides a record of what data influenced which decision.

Data Validation
This acts as a ""unit test"" for your data. Before data reaches the model, validation checks (using frameworks like Great Expectations) ensure:

Schema Consistency: Checking if a column that should be an integer suddenly contains strings.

Distribution Checks: Detecting ""Data Drift"" where the statistical properties of incoming data change significantly (e.g., a sudden spike in null values).

3. Improving Model Reliability
By combining these three elements, a pipeline transforms a fragile script into a resilient production system. Automation ensures the model stays updated, versioning ensures every experiment is repeatable, and validation prevents ""garbage in, garbage out"" by stopping corrupted data before it reaches the model.",
T022,A-5,"5. Discuss different types of Data Drift (concept drift, feature drift, target drift). Explain how ML engineers detect drift and handle it in real-world systems.",8,"Data drift is the phenomenon where the statistical properties of the data used to train a machine learning model change over time, leading to a decline in model accuracy. In a production environment, ""model decay"" is almost inevitable unless drift is actively managed.+11. Types of Data DriftFeature Drift (Covariate Shift): This occurs when the distribution of the input features ($P(X)$) changes, but the relationship between the features and the target remains the same.Example: A facial recognition model trained on young people starts seeing more elderly users as the app's demographic shifts.Concept Drift: This is the most critical type. It occurs when the relationship between the input features and the target variable ($P(Y|X)$) changes. The ""meaning"" of the data has shifted.Example: A fraud detection model trained before a global pandemic might fail because ""normal"" spending patterns (like sudden bulk buying) changed overnight.Target Drift (Prior Probability Shift): This happens when the distribution of the target variable ($P(Y)$) itself changes.Example: In a loan default prediction model, a sudden economic recession increases the overall percentage of people defaulting, regardless of their individual credit scores.2. Detection TechniquesML engineers use several statistical methods to identify when a model is no longer aligned with real-world data:Statistical Tests: Methods like the Kolmogorov-Smirnov (K-S) test, Kullback-Leibler (KL) Divergence, or Jensen-Shannon Divergence compare the distribution of live data against the original training baseline.Performance Monitoring: A sudden drop in key metrics like Precision, Recall, or F1-score is often a trailing indicator that drift has already occurred.Stability Indexes: The Population Stability Index (PSI) is a common industry metric used to quantify how much a variable has shifted between two snapshots in time.3. Handling Drift in Real-World SystemsOnce drift is detected, engineers take the following actions to restore model reliability:Retraining with Fresh Data: The most common solution is to update the model using the most recent data to capture the new patterns.Weighted Training: Assigning higher weights to more recent observations so the model prioritizes current trends over historical data.Data Transformation: If the drift is caused by a specific feature (like inflation affecting currency), transforming that feature into a relative value (e.g., using a ratio) can make the model more robust.Model Switching: In cases of extreme concept drift, the original model may need to be replaced entirely with a different architecture or a ""champion-challenger"" setup",
T022,A-6,"6. Explain Ensemble Learning in detail. Describe bagging, boosting, and stacking, and compare how each method improves model performance in different scenarios.",8,"Ensemble Learning is a machine learning paradigm where multiple models (often called ""weak learners"") are combined to solve a particular computational intelligence problem. The goal is to improve the overall performance, robustness, and generalization of the model compared to using a single constituent model.

1. Core Ensemble Techniques
Bagging (Bootstrap Aggregating)
Bagging focuses on reducing variance. It involves training multiple versions of the same model type on different subsets of the training data, chosen through random sampling with replacement (bootstrapping). The final prediction is typically an average (for regression) or a majority vote (for classification).
+1

Key Example: Random Forest.

Best Scenario: When you have a high-variance model (like an unpruned Decision Tree) that is prone to overfitting.

Boosting
Boosting is an iterative technique that focuses on reducing bias. It trains models sequentially, where each subsequent model attempts to correct the errors made by the previous ones. Data points that were misclassified in the previous round are given higher weights.
+2

Key Examples: AdaBoost, Gradient Boosting, XGBoost.

Best Scenario: When you have a ""weak"" model that underperforms, and you need to incrementally push for higher accuracy.

Stacking (Stacked Generalization)
Stacking involves training a ""Meta-Model"" to combine the predictions of several base models. Unlike bagging and boosting, stacking often uses different types of algorithms (e.g., a SVM, a KNN, and a Random Forest) as base learners. Their outputs are then fed as input features into a final estimator (the meta-learner) to make the ultimate prediction.
+2

Best Scenario: When different models capture different patterns in the data, and a meta-model can learn which model to trust for specific types of inputs.",
T022,B-1,1. Define supervised learning.,2,"Supervised learning is a machine learning paradigm where a model is trained on a labeled dataset. In this setup, the input data ($X$) is paired with the correct output ($Y$). The algorithm learns a mapping function to predict outcomes for new, unseen data. It is primarily used for Classification (predicting discrete labels) and Regression (predicting continuous values).",
T022,B-2,2. What is a feature in machine learning?,2,"A feature is an individual measurable property or characteristic of a phenomenon being observed. In a dataset, features are typically represented as columns, while each row is an observation. They serve as the numerical or categorical inputs that a model uses to identify patterns and make predictions.",
T022,B-3,3. State any two differences between training data and test data.,2,"Training data is the largest subset of a dataset used to train a model and help it learn patterns. In contrast, test data is a smaller, unseen subset used exclusively to evaluate the final model's performance and generalization.

Purpose: Training data is for ""learning,"" while test data is for ""validation"" and checking for overfitting.

Visibility: The model sees and adjusts to training data, but it must never see test data during the training phase.",
T022,B-4,4. What is overfitting?,2,"Overfitting occurs when a machine learning model learns the training data too well, capturing noise and random fluctuations rather than the underlying pattern. While the model shows extremely high accuracy on training data, it fails to generalize, leading to poor performance on new, unseen test data.

It typically happens when a model is too complex (e.g., too many parameters) relative to the amount of data available.",
T022,B-5,5. Define classification with an example.,2,"Classification is a type of Supervised Learning where the goal is to predict a discrete class label or category for a given input. The model learns a decision boundary from historical data to categorize new observations into predefined groups.

Example: A Spam Filter is a classic case. The input is an email, and the output is one of two classes: ""Spam"" or ""Not Spam.""",
T022,B-6,6. What is a confusion matrix?,2,"A confusion matrix is a $N \times N$ performance measurement table used for classification models, where $N$ is the number of target classes. It allows for the visualization of the model's performance by comparing Actual values against Predicted values.It identifies four key outcomes: True Positives (TP), True Negatives (TN), False Positives (FP), and False Negatives (FN). This helps calculate metrics like Precision, Recall, and Accuracy.",
T022,B-7,7. What do you mean by model accuracy?,2,"Model Accuracy is a performance metric that measures the proportion of correct predictions out of the total number of cases. It is the most intuitive way to evaluate a classification model, represented by the ratio of True Positives ($TP$) and True Negatives ($TN$) to the total dataset size.While useful for balanced datasets, accuracy can be misleading in imbalanced classes (e.g., if 99% of transactions are legitimate, a model that predicts ""legitimate"" for everything is 99% accurate but useless).",
T022,B-8,8. State one advantage of using decision trees.,2,"One major advantage of Decision Trees is their interpretability. They mimic human decision-making by using a tree-like structure of ""if-then"" rules, making them a ""white-box"" model. This allows users to easily visualize and understand exactly why a specific prediction was made without needing complex mathematical explanations.

Unlike neural networks, you can literally trace the path from the root to the leaf to explain the outcome.",
T022,B-9,9. What is data normalization?,2,"Data normalization is a preprocessing technique used to scale numerical features into a specific, uniform range—typically 0 to 1. It ensures that features with larger numeric values (like ""Income"") do not mathematically dominate features with smaller values (like ""Age"") during model training.
+1

It is particularly essential for algorithms that rely on distance calculations, such as k-Nearest Neighbors (k-NN) or Support Vector Machines (SVM).",
T022,B-10,10.Define regularization in simple words.,2,"Regularization is a technique used in machine learning to prevent a model from becoming too complex and overfitting the training data. It works by adding a ""penalty"" to the model's loss function based on the size of the coefficients (weights).

In simple words, it discourages the model from relying too heavily on any single feature or learning the noise in the data, forcing it to remain simple and generalize better to new, unseen information.",
T023,A-1,"1. Explain the role of validation sets in machine learning. Why is validation important,and how does it prevent model overfitting?",5,"In the machine learning workflow, a Validation Set serves as an intermediate dataset used to tune a model’s hyperparameters and monitor its performance during the training phase. It acts as a ""proxy"" for the final test data, providing a neutral ground to evaluate how well the model generalizes before it is finalized.

1. The Role of Validation Sets
While the Training Set is used to adjust the model's internal weights, the Validation Set is used to make high-level architectural decisions. This includes selecting the optimal learning rate, the number of layers in a neural network, or the maximum depth of a decision tree.

2. Why Validation is Important
Without a validation set, an engineer might tune hyperparameters based on the training accuracy. This creates a ""leakage"" where the model indirectly memorizes the training data's specific quirks rather than learning the broader underlying patterns. Validation provides a feedback loop that tells us when a model is beginning to lose its ability to handle new data.

3. Preventing Overfitting
Validation prevents overfitting through a process called Early Stopping. By monitoring the loss on the validation set, we can stop the training process the moment the validation error starts to rise, even if the training error is still decreasing. This ensures the model remains simple enough to generalize to the final Test Set, which remains completely untouched until the very end.
+2",
T023,A-2,2. Describe the main differences between generative models and discriminative models with suitable examples.,5,"In machine learning, models are broadly categorized into Generative and Discriminative based on how they learn to distinguish between classes and how they model the underlying data.1. Generative ModelsGenerative models aim to learn the underlying distribution of the data. They capture how the data is generated by modeling $P(X|Y)$ (the probability of features given a label) and $P(Y)$. By understanding the joint probability $P(X, Y)$, these models can not only classify data but also generate new examples that look like the training set.+2Logic: They learn what a ""Category A"" looks like in its entirety.Example: Naive Bayes. In a spam filter, it learns the distribution of words in ""Spam"" emails and ""Legitimate"" emails separately to decide where a new email fits.Other Examples: Generative Adversarial Networks (GANs), Hidden Markov Models (HMMs).2. Discriminative ModelsDiscriminative models focus on learning the boundary between classes. Instead of trying to understand the ""essence"" of the data, they model $P(Y|X)$ (the probability of a label given the features) directly. They care only about what differentiates one class from another.+1Logic: They learn the specific differences that separate ""Category A"" from ""Category B.""Example: Logistic Regression. It calculates the probability of a data point belonging to a class based on a weighted sum of inputs, essentially drawing a line in the sand.Other Examples: Support Vector Machines (SVMs), Neural Networks.",
T023,A-3,3. What is anomaly detection? Discuss its importance and common applications in real- world systems.,5,"Anomaly detection, also known as outlier detection, is the identification of rare items, events, or observations that raise suspicions by differing significantly from the majority of the data. Unlike standard classification, anomaly detection often deals with unbalanced data, where the ""normal"" instances vastly outnumber the ""anomalous"" ones.
+1

1. The Core Concept
Most anomaly detection algorithms establish a baseline of ""normal"" behavior using statistical modeling, clustering, or density estimation. When a data point falls outside this established boundary—either because it is a distant outlier or because it follows a pattern never seen before—it is flagged for review.
+1

2. Why It Is Important
In many real-world scenarios, the most critical data points are the rare ones. Anomaly detection is vital because:

Early Warning: It identifies issues (like equipment failure) before they become catastrophic.

Security: It catches malicious activity that doesn't follow a known ""signature"" but looks unusual.

Data Integrity: It helps clean datasets by identifying errors or noise introduced during data collection.

3. Common Real-World Applications
Fraud Detection: Banks monitor credit card transactions in real-time. A sudden large purchase in a foreign country is flagged as an anomaly relative to the user's typical spending habits.
+1

Industrial Maintenance: Sensors on factory machinery monitor vibrations and temperature. Anomaly detection predicts equipment failure by spotting slight deviations from normal operating heat.
+1

Cybersecurity: Network intrusion detection systems flag unusual traffic patterns or unauthorized access attempts that could indicate a hack or a data breach.

Healthcare: Monitoring heart rate (ECG) data to detect arrhythmias or unusual spikes that may indicate a medical emergency.",
T023,A-4,4. Explain the concept of model interpretability. Why do certain industries require highly interpretable ML models?,5,"Model interpretability is the degree to which a human can understand the cause of a decision made by a machine learning model. While some models like Deep Learning are often viewed as ""black boxes"" due to their millions of parameters, interpretable models provide a transparent ""white-box"" logic that explains why a specific output was generated.

1. The Core Concept
Interpretability isn't just about looking at the code; it’s about understanding the relationship between input features and the final prediction. This is often achieved through:

Global Interpretability: Understanding how the model works as a whole (e.g., ""Which features are most important across all predictions?"").

Local Interpretability: Explaining a single specific prediction (e.g., ""Why was this specific loan application denied?"").

2. Why High Interpretability is Required
Certain industries cannot afford the ""trust me"" approach of complex AI because the stakes involve human lives, legal rights, or massive financial stability.

Healthcare: When a model diagnoses a disease, doctors must understand the clinical features (like blood markers) that led to that conclusion to validate it against medical knowledge. An error here could lead to incorrect treatment.

Finance & Banking: Regulation (like the ""Right to Explanation"" in GDPR) requires banks to explain why a customer was denied credit. Models must prove they aren't using biased or discriminatory features like race or gender.

Legal & Justice: If AI is used to assist in sentencing or parole, the logic must be transparent to ensure constitutional fairness and to allow for legal appeals.

Autonomous Systems: In self-driving cars or aviation, engineers need to interpret failures to ensure that a ""corner case"" doesn't cause a systemic safety risk in the future.

3. The Trade-off
Often, there is a ""Performance-Interpretability Trade-off."" Highly accurate models (like Gradient Boosting or Neural Networks) are harder to interpret, while simpler models (like Linear Regression or Decision Trees) are easy to explain but may lack predictive power.",
T023,A-5,5. Describe the importance of proper dataset splitting. Explain trainâ€”validationâ€”test splits and their significance in reliable model evaluation.,5,"Proper dataset splitting is a fundamental practice in machine learning designed to ensure that a model can generalize to new data rather than simply memorizing the training set. Without a disciplined split, an engineer cannot objectively measure a model's performance, leading to ""optimism bias"" where a model appears successful in the lab but fails in the real world.

1. The Three-Way Split
A standard dataset is typically divided into three distinct subsets, each serving a unique purpose in the model development lifecycle:

Training Set (typically 60-80%): This is the primary data used by the algorithm to learn patterns, adjust weights, and minimize the loss function. The model ""sees"" this data repeatedly during the training process.

Validation Set (typically 10-20%): This set is used for Hyperparameter Tuning. It acts as a ""practice exam"" to help the engineer choose the best model architecture (e.g., the depth of a tree or the learning rate) without leaking information from the final test.

Test Set (typically 10-20%): This is the ""final exam."" It is kept entirely separate and only used once the model is fully trained. It provides an unbiased evaluation of how the model will perform on completely unseen data.
+1

2. Significance in Reliable Evaluation
The primary goal of this separation is to detect and prevent Overfitting. If a model performs significantly better on the training set than on the validation or test sets, it has likely memorized noise rather than learning the underlying signal.

Proper splitting also ensures:

Model Selection: It allows engineers to compare different algorithms (e.g., Random Forest vs. SVM) on a neutral ground.

Unbiased Metrics: By reserving a test set that the model has never encountered, we obtain realistic estimates of accuracy, precision, and recall.

Confidence in Deployment: A stable performance across all three splits gives stakeholders confidence that the model is robust enough for production.",
T023,B-1,"1. Explain the role of Data Preprocessing in building ML models. Discuss key steps such as data cleaning, encoding, transformation, and handling outliers.",8,"Data preprocessing is the process of transforming raw, ""messy"" data into a clean, structured format suitable for machine learning algorithms. Since models are essentially mathematical engines, they cannot process data that is inconsistent, missing, or improperly formatted. This stage is often considered the most critical, as the quality of the data directly determines the quality of the model’s predictions—a concept known as ""Garbage In, Garbage Out.""
+1

1. Key Steps in Data Preprocessing
Data Cleaning
This step involves handling missing values and noisy data. Engineers must decide whether to remove rows with missing info or perform imputation (filling gaps with the mean, median, or mode). Cleaning ensures that the model doesn't learn from incorrect or incomplete information.
+2

Encoding
Most machine learning models only understand numbers. Encoding converts categorical data (like ""Red,"" ""Green,"" ""Blue"") into numerical values. Common techniques include:

Label Encoding: Assigning a unique integer to each category (e.g., Red=1, Blue=2).

One-Hot Encoding: Creating separate binary columns for each category to avoid implying a false mathematical ranking.

Data Transformation (Scaling)
Features often have different scales (e.g., Age 0–100 vs. Salary 0–200,000). Transformation techniques like Normalization (scaling to a 0–1 range) or Standardization (scaling to a mean of 0 and variance of 1) ensure that no single feature dominates the model due to its magnitude.

Handling Outliers
Outliers are data points that differ significantly from the rest of the observations. They can skew the results of many algorithms, especially those based on distance (like k-NN). Engineers handle these by either removing them, transforming them (log transformation), or ""capping"" them to a certain percentile.
+1

2. Importance in the ML Pipeline
Effective preprocessing reduces the complexity of the model, speeds up training time, and significantly improves accuracy. By refining the features before they reach the algorithm, you ensure the model focuses on the true signal rather than the noise.","Imputation, One-Hot Encoding, Feature Scaling, Data Imbalance, Noise Reduction, Min-Max Scaling"
T023,B-2,"2. Describe the importance of Model Evaluation Metrics. Compare accuracy, precision,recall, and Fl-score, and explain when each metric should be used.",8,"Model evaluation metrics are the quantitative tools used to assess how well a machine learning model performs. Relying on a single metric can be dangerous, as a model might appear successful on paper while failing to meet the specific business or safety requirements of a real-world task.1. The Core MetricsWhile accuracy is the most common metric, it often fails to tell the whole story, especially in datasets where classes are not balanced.Accuracy: The ratio of correct predictions to total predictions.Formula: $Accuracy = \frac{TP + TN}{TP + TN + FP + FN}$Use Case: Best when classes are balanced (e.g., predicting ""Cat"" vs. ""Dog"" where you have 500 images of each).Precision (Positive Predictive Value): Measures how many of the predicted positive cases were actually positive. It focuses on the cost of False Positives.Formula: $Precision = \frac{TP}{TP + FP}$Use Case: When the goal is to be ""sure"" when you predict a positive (e.g., Spam Detection—you don't want to send an important work email to the spam folder).Recall (Sensitivity): Measures how many of the actual positive cases the model successfully identified. It focuses on the cost of False Negatives.Formula: $Recall = \frac{TP}{TP + FN}$Use Case: When missing a positive case is catastrophic (e.g., Cancer Diagnosis—it is better to have a false alarm than to tell a sick patient they are healthy).F1-Score: The harmonic mean of Precision and Recall. It provides a single score that balances both.Formula: $F1 = 2 \times \frac{Precision \times Recall}{Precision + Recall}$Use Case: When you need a balance between Precision and Recall, especially on imbalanced datasets.2. Strategic SelectionChoosing the right metric depends entirely on the consequences of error.In Fraud Detection, high Recall is prioritized because missing one fraudulent transaction (False Negative) is more expensive than occasionally flagging a legitimate one for review (False Positive).In YouTube Recommendations, high Precision is prioritized; it is better to suggest a few videos the user will definitely like than to flood their feed with ""correct"" categories that are irrelevant to their current mood.",
T023,B-3,"3. Explain how ML models are used in Natural Language Processing (NLP). Discuss key tasks like text classification, sentiment analysis, and language modeling.",8,"Natural Language Processing (NLP) is the branch of Artificial Intelligence that enables computers to understand, interpret, and generate human language. Because human language is inherently ambiguous and unstructured, ML models serve as the ""translation layer"" that converts text into numerical representations (vectors) to perform complex linguistic tasks.
+1

1. The Core Mechanism: Text to Numbers
Before any NLP task can be performed, ML models use techniques like Word Embeddings (e.g., Word2Vec) or Transformers (e.g., BERT) to map words into a multi-dimensional space. This allows the model to understand that ""king"" and ""queen"" are mathematically related in a way that ""king"" and ""apple"" are not.

2. Key NLP Tasks
Text Classification
This is the process of assigning predefined categories to a document. ML models like Support Vector Machines (SVM) or Random Forests analyze the frequency and context of words to categorize text.

Use Case: News applications that automatically sort articles into ""Politics,"" ""Sports,"" or ""Tech.""

Sentiment Analysis
A specialized form of classification, sentiment analysis determines the emotional tone behind a body of text. Models are trained to identify ""polarity"" (positive, negative, or neutral).
+1

Use Case: Brands monitoring social media to see if the ""vibe"" around a new product launch is generally happy or frustrated.

Language Modeling
This is the ""brain"" behind modern AI like ChatGPT. Language modeling involves predicting the probability of a sequence of words.

Autoregressive Models: Predict the next word in a sentence (e.g., ""The cat sat on the... [mat]"").

Masked Models: Predict missing words within a sentence to understand deep context.

Use Case: Autocomplete in your emails or the generative capabilities of Large Language Models (LLMs).

",
T023,B-4,4. Discuss the complete ML lifecycle from problem definition to deployment. Explain the purpose of each stage with appropriate examples.,8,"The Machine Learning (ML) lifecycle is an iterative process that converts a business problem into a functional, data-driven solution. Each stage is interconnected; a failure in an early stage, such as data collection, will inevitably compromise the final deployment.
+1

1. Problem Definition
Before writing a single line of code, you must define the goal. Is it a classification problem (Spam vs. Not Spam) or a regression problem (Predicting House Prices)?

Purpose: To align technical goals with business value and define success metrics (e.g., ""Reduce customer churn by 10%"").

Example: A bank wanting to automate loan approvals to reduce processing time.

2. Data Collection and Preparation
Data is the fuel of ML. This stage involves gathering raw data from databases, APIs, or sensors.

Purpose: To build a high-quality dataset. This includes Data Cleaning (removing duplicates), Handling Missing Values, and Feature Engineering (creating new variables like ""Debt-to-Income ratio"").

Example: Scraping historical house prices, square footage, and neighborhood data for a real estate app.

3. Model Selecting and Training
Here, you choose an algorithm (e.g., Random Forest, Neural Network) and feed it the Training Data.

Purpose: To let the model learn the mathematical relationships between inputs and outputs.

Example: Training a vision model on thousands of labeled images of ""Dogs"" and ""Cats.""

4. Model Evaluation and Tuning
Once trained, the model is tested on the Validation and Test sets to check for overfitting or underfitting.

Purpose: To ensure the model generalizes to new data. If performance is poor, you perform Hyperparameter Tuning to ""tweak"" the settings.

Example: Realizing a fraud detection model is missing too many cases (low recall) and adjusting the decision threshold.

5. Deployment and Monitoring
The final model is integrated into a production environment (like a cloud server or a mobile app) where it starts making real-time predictions.

Purpose: To make the model accessible to end-users. Monitoring is crucial because data changes over time (Data Drift), and a model that works today might become inaccurate next year.

Example: Integrating a recommendation engine into a streaming service like Netflix to suggest movies as users browse.",
T023,B-5,"5. What is Unsupervised Learning? Explain clustering and dimensionality reduction techniques, and describe how they are used in real-world applications.",8,"Unsupervised Learning is a branch of machine learning where the model is trained on data that has no predefined labels or categories. Unlike supervised learning, where the ""answer key"" is provided, unsupervised models must autonomously discover hidden structures, patterns, or groupings within the raw data.1. ClusteringClustering is the process of grouping similar data points together based on their features. The goal is to maximize the similarity within a group while maximizing the difference between separate groups.+1Common Technique (K-Means): This algorithm partitions data into $K$ number of clusters. It works by placing ""centroids"" and iteratively assigning points to the nearest center until the groups are stable.+1Real-World Application: Market Segmentation. Retailers use clustering to group customers with similar buying habits. Instead of treating everyone the same, they can create targeted marketing campaigns for ""Budget Shoppers"" vs. ""Luxury Buyers.""+22. Dimensionality ReductionDimensionality reduction is the process of reducing the number of input variables (features) in a dataset while retaining as much significant information as possible. It simplifies the data to make it easier to visualize or process.Common Technique (Principal Component Analysis - PCA): PCA identifies the directions (principal components) along which the variation in the data is maximal. It ""squashes"" many variables into a few essential ones.Real-World Application: Facial Recognition. A high-resolution photo has thousands of pixels (dimensions). PCA reduces these to the most essential facial features (eyes, nose, jawline), allowing the computer to compare faces rapidly without processing every single pixel.3. Importance in Real-World SystemsUnsupervised learning is essential because, in the real world, most data is unlabeled.Anomaly Detection: In cybersecurity, models learn ""normal"" network traffic patterns without being told what a hack looks like. Anything that doesn't fit the cluster is flagged as a threat.+1Recommendation Engines: Services like Spotify use unsupervised learning to find ""neighborhoods"" of similar songs. If you like a song in one cluster, the system recommends others from that same group.",
T023,B-6,"6. Explain the concept of Reinforcement Learning. Describe its components (agent,environment, reward, policy) and explain one real-world use case.",8,"Reinforcement Learning (RL) is a unique branch of Machine Learning inspired by behavioral psychology. Unlike supervised learning (which learns from a labeled ""teacher"") or unsupervised learning (which finds hidden patterns), RL learns through trial and error. An autonomous entity learns to make decisions by performing actions in an environment to maximize a long-term cumulative reward.
+2

1. The Core Components
To understand how RL works, we look at the interaction between four primary components:

Agent: The ""learner"" or decision-maker. It is the entity that observes the state and decides which action to take (e.g., a robot or a software program).
+1

Environment: Everything outside the agent. It is the world the agent interacts with (e.g., a game board, a stock market, or a physical maze).

Reward: A numerical feedback signal. If the agent performs a ""good"" action, it receives a positive reward; a ""bad"" action results in a negative reward (penalty).
+1

Policy: The agent’s strategy or ""brain."" It is a mapping that tells the agent which action to choose when it is in a specific state. The goal of RL is to find the Optimal Policy that yields the highest total reward over time.
+2

2. The Learning Process: Exploration vs. Exploitation
A key challenge in RL is the balance between:

Exploration: Trying new actions to see if they lead to better rewards.

Exploitation: Using known information to choose the action that has provided the highest reward in the past.

3. Real-World Use Case: Autonomous Robotics
A prominent example of RL is in industrial robotics or self-driving cars.

In a warehouse setting, a robot (the Agent) needs to navigate to a shelf (the Environment).

If it moves closer to the target without hitting an obstacle, it receives a Positive Reward (+1).

If it crashes into a wall, it receives a Negative Penalty (-10).
Initially, the robot moves randomly. However, after thousands of iterations, it develops a Policy that allows it to find the most efficient, collision-free path to its destination.",
T023,C-1,"1. Discuss the challenges of deploying ML models in real-world environments. Explain issues like data drift, model monitoring, scalability, hardware constraints, security risks, and continuous retraining .",10,"Deploying machine learning models in production is often described as the ""hard part"" of the lifecycle. Unlike traditional software, ML systems are ""living"" entities whose performance depends on external, constantly changing data.
+1

1. Data and Model Drift
The most significant challenge is that models are trained on static historical data, but operate in a dynamic real world.

Data Drift: Occurs when the statistical properties of the input data change. For example, a model trained to predict housing prices in 2020 may fail in 2026 because buyer demographics or economic conditions have shifted.

Concept Drift: Occurs when the relationship between input and output changes. For instance, what was considered ""spam"" five years ago has evolved, rendering old classification rules obsolete.
+1

2. Model Monitoring and Observability
Once a model is ""in the wild,"" you cannot simply walk away. Continuous monitoring is required to track:

Performance Metrics: Real-time accuracy, precision, or recall.

Health Metrics: System latency (how long a prediction takes) and throughput (how many requests it handles).

Data Integrity: Checking for missing features or ""garbage"" inputs that could break the model.

3. Scalability and Hardware Constraints
Models that work on a data scientist's laptop often struggle when serving millions of users.

Scalability: Systems must handle spikes in traffic (e.g., a shopping recommender during Black Friday). This usually requires Containerization (Docker) and Orchestration (Kubernetes).

Hardware Constraints: Deep learning models require significant GPU/CPU power. For ""Edge AI"" (like face ID on a phone), models must be compressed via Quantization or Pruning to run on limited hardware without draining battery or causing lag.
+1

4. Security Risks
ML models introduce unique ""attack vectors"" that traditional firewalls can't stop:

Adversarial Attacks: Malicious actors can feed a model slightly altered ""noisy"" data to trick it (e.g., putting a sticker on a stop sign to make a self-driving car see it as a speed limit sign).

Model Inversion: Attackers query a model repeatedly to reverse-engineer and ""leak"" the sensitive training data used to build it.

5. Continuous Retraining (MLOps)
To fight drift, models need a feedback loop. Continuous retraining involves:

Automated Pipelines: Setting up systems that automatically trigger a new training run when performance drops below a certain threshold.

Champion-Challenger Testing: Running the new model (Challenger) ""in the shadow"" of the old one (Champion) to verify it actually performs better before fully replacing it.",
T023,C-2,"2. Explain in detail how machine learning is used in healthcare. Describe applications (diagnosis, prediction, medical imaging, drug discovery), challenges (data quality, privacy, bias), and the steps involved in developing an ML-based healthcare system.",10,"In 2026, machine learning (ML) has transitioned from a research novelty to the foundational architecture of modern medicine. It acts as a digital ""consultant,"" processing clinical data at a scale impossible for human clinicians, leading to earlier interventions and highly personalized care.

1. Key Applications in Healthcare
Diagnosis & Medical Imaging: Convolutional Neural Networks (CNNs) analyze X-rays, MRIs, and CT scans to detect abnormalities like early-stage tumors or micro-fractures. In many cases, ML systems now achieve 94% accuracy in detecting breast cancer, often identifying patterns invisible to the human eye.
+1

Predictive Analytics: By analyzing Electronic Health Records (EHRs) and real-time vitals from wearables, ML models can predict life-threatening events—such as sepsis or cardiac arrest—hours before symptoms appear.

Drug Discovery: Traditionally, developing a new drug took over a decade. ML accelerates this by simulating how billions of chemical compounds interact with biological targets, identifying ""lead compounds"" in weeks rather than years.
+1

Personalized Medicine: ML models integrate a patient’s genetic profile, lifestyle data, and medical history to recommend the exact dosage and type of medication most likely to work for their unique biology, reducing the ""trial-and-error"" approach to treatment.

2. Major Challenges
Despite its potential, healthcare ML faces significant ""guardrail"" challenges:

Data Quality & Interoperability: Medical data is often fragmented across different hospitals and formats. ""Garbage in, garbage out"" is a high-stakes risk here; if data is messy, the diagnosis will be wrong.

Privacy & Security: Health data is extremely sensitive. Systems must comply with strict regulations (like HIPAA or GDPR). Modern solutions use Federated Learning, where models learn from hospital data without the data ever leaving the facility's secure servers.
+2

Algorithmic Bias: If a model is trained primarily on data from one demographic, it may perform poorly or provide incorrect diagnoses for underrepresented ethnic or age groups.

3. Developing an ML Healthcare System
The development process is more rigorous than in other industries due to the need for clinical validation:

Problem Definition: Identifying a specific clinical need (e.g., ""Reduce hospital readmissions by 15%"").

Data Acquisition: Gathering de-identified patient records, imaging, and genomic data.

Preprocessing: Cleaning and normalizing data (e.g., standardizing different MRI machine outputs).

Model Training & Validation: Using a Train-Validation-Test split to ensure the model generalizes across different patient populations.

Clinical Integration & Monitoring: Deploying the model into the doctor's workflow and continuously monitoring for ""Data Drift"" to ensure accuracy remains high over time.",
T024,A-1,1. Explain the difference between supervised and unsupervised learning with suitable real-world examples.,5,"The fundamental difference between Supervised and Unsupervised Learning lies in the presence of a ""ground truth"" or labels during the training process. Think of it as the difference between a student learning with a teacher versus a student exploring a new environment alone.1. Supervised Learning: ""The Guided Student""In supervised learning, the model is trained on a labeled dataset. This means for every input ($X$), the corresponding correct output ($Y$) is provided. The model learns to map inputs to outputs by minimizing the error between its predictions and the actual labels.+2Logic: It learns from past examples to predict future outcomes.Real-World Example: Email Spam Detection. The model is fed thousands of emails already marked as ""Spam"" or ""Not Spam."" It learns the patterns (keywords, sender info) that define each category so it can accurately classify a new, incoming email.Common Tasks: Classification (Discrete labels) and Regression (Continuous values).2. Unsupervised Learning: ""The Self-Learner""In unsupervised learning, the model is given unlabeled data. There is no ""correct answer"" provided. Instead, the model acts as a pattern-finder, analyzing the inherent structure of the data to find hidden groupings or relationships.+1Logic: It organizes data based on similarities and differences.Real-World Example: Customer Segmentation. An e-commerce company provides a model with data on customer spending habits, browsing history, and location. The model groups these customers into clusters—such as ""Frugal Shoppers"" or ""Impulse Buyers""—without being told beforehand what those groups should be.Common Tasks: Clustering (Grouping) and Dimensionality Reduction (Simplifying).",
T024,A-2,2. What is data preprocessing? Describe any four common preprocessing steps used before training an ML model.,5,"Data preprocessing is the process of cleaning and transforming raw data into a structured, machine-usable format. Real-world data is often incomplete, inconsistent, and filled with noise; preprocessing acts as a ""refinery"" that ensures the data is high-quality. In machine learning, the performance of the model is heavily dependent on this stage—a concept known as ""Garbage In, Garbage Out.""

Four Common Preprocessing Steps
1. Data Cleaning (Handling Missing Values)
Raw datasets often have missing entries due to human error or technical glitches. You can either remove these rows or use Imputation to fill them with the mean, median, or mode.

Why: Models cannot mathematically process ""NaN"" or ""Null"" values.

2. Feature Scaling (Normalization/Standardization)
Features often have different ranges (e.g., Age 0–100 vs. Annual Income 0–200,000). Scaling brings them to a uniform range, typically 0 to 1 or a mean of 0.

Why: Prevents features with larger magnitudes from dominating the model's learning process.

3. Categorical Encoding
ML algorithms require numerical input. Encoding converts text-based categories (like ""Country"" or ""Gender"") into numbers using techniques like One-Hot Encoding (creating binary columns) or Label Encoding.

Why: It allows the model to perform mathematical operations on non-numeric data.

4. Outlier Handling
Outliers are extreme values that deviate significantly from the rest of the data. These are handled by ""clipping"" them to a certain percentile or removing them if they represent errors.

Why: Outliers can skew the mean and variance, leading the model to learn incorrect patterns.",
T024,A-3,3. Explain classification and regression problems in machine learning. Give one example of each.,5,"In supervised learning, tasks are primarily divided into Classification and Regression based on the nature of the output you are trying to predict. The distinction depends on whether the target variable is a discrete category or a continuous number.

1. Classification Problems
In a classification problem, the output variable is a category or a label. The goal is to predict which ""class"" a new observation belongs to based on patterns learned from training data. These can be binary (two classes) or multi-class (more than two).

Logic: The model draws a ""decision boundary"" to separate different groups.

Example: Email Spam Detection. The model analyzes the features of an email (sender, keywords, links) and assigns it to one of two discrete categories: ""Spam"" or ""Not Spam.""

2. Regression Problems
In a regression problem, the output variable is a continuous numeric value. Instead of choosing between categories, the model predicts a specific quantity. The goal is to find the mathematical relationship between the input features and the target value.

Logic: The model fits a ""best-fit line"" (or curve) through the data points to minimize the distance between the actual values and the predicted ones.

Example: House Price Prediction. Based on features like square footage, number of bedrooms, and location, the model predicts a specific price, such as $452,500. Unlike classification, the output can be any number within a range.",
T024,A-4,4. What is overfitting? Explain its causes and mention any two techniques to reduce overfitting.,5,"Overfitting occurs when a machine learning model learns the training data ""too well."" Instead of capturing the underlying patterns, the model memorizes the noise, outliers, and random fluctuations in the dataset.
+1

As a result, an overfitted model shows excellent performance on the training data but fails to generalize, leading to poor accuracy when it encounters new, unseen data.

1. Causes of Overfitting
Model Complexity: Using a model that is too powerful for the task—such as a very deep decision tree or a neural network with too many parameters—allowing it to ""connect the dots"" of noise rather than identifying the trend.

Small Dataset: If the training set is too small, the model may incorrectly assume that the limited examples it sees represent the only possible reality.

Noisy Data: If the data contains errors or irrelevant information, a complex model will try to incorporate these ""glitches"" into its logic.

2. Techniques to Reduce Overfitting
A. Regularization
Regularization adds a penalty to the model’s loss function based on the size of its weights. Techniques like L1 (Lasso) and L2 (Ridge) discourage the model from relying too heavily on any single feature or becoming overly complex.
+1

How it works: It ""shrinks"" the coefficients toward zero, forcing the model to remain simple.

B. Cross-Validation
Instead of a single train-test split, K-Fold Cross-Validation involves splitting the data into multiple subsets. The model is trained and validated several times, ensuring that its performance isn't dependent on one specific ""lucky"" slice of data.

How it works: It provides a more robust estimate of how the model will perform in the real world.",
T024,A-5,5. Define model evaluation. Explain any two evaluation metrics used for classification models.,5,"Model evaluation is the process of assessing how well a machine learning model performs on a specific task using a set of quantitative metrics. It is the final ""sanity check"" that determines if a model is ready for real-world use or if it needs further refinement.+1To ensure the evaluation is unbiased, it is always performed on a test set—data the model has never seen during its training phase.Two Evaluation Metrics for Classification1. AccuracyAccuracy is the most intuitive metric; it measures the proportion of total predictions that the model got correct (both true positives and true negatives).Formula: $Accuracy = \frac{\text{Correct Predictions}}{\text{Total Predictions}}$When to use: It is best used when your classes are balanced (e.g., you have an equal number of ""Spam"" and ""Not Spam"" emails).The Trap: Accuracy can be misleading if data is imbalanced. For example, if 99% of people are healthy, a model that predicts ""Healthy"" for everyone will have 99% accuracy but will fail to identify the 1% who are actually sick.2. F1-ScoreThe F1-Score is the ""harmonic mean"" of two other metrics: Precision (how many of our positive predictions were actually correct) and Recall (how many of the actual positive cases we caught).Formula: $F1 = 2 \times \frac{Precision \times Recall}{Precision + Recall}$When to use: This is the go-to metric for imbalanced datasets. It provides a single score that balances the trade-off between being ""exact"" (Precision) and ""complete"" (Recall).+1Example: In credit card fraud detection, where fraudulent transactions are very rare, the F1-Score ensures the model is both catching the thieves and not accidentally blocking legitimate customers too often.",
T024,A-6,"6. Explain the basic steps involved in building a machine learning model, from data collection to model testing.",5,"Building a machine learning model is a structured, iterative process. It is rarely a straight line; often, findings in the testing phase will send you back to the data collection or preprocessing stages to refine your approach.

Here are the five essential steps involved in the pipeline:

1. Data Collection
Everything starts with gathering the right information. Data can be sourced from databases, sensors, web scraping, or public datasets.

Goal: To acquire a high-quality, representative dataset that contains both the features (inputs) and, in the case of supervised learning, the labels (outputs).

Example: If building a weather predictor, you would collect historical data on temperature, humidity, and wind speed.

2. Data Preprocessing & Cleaning
Raw data is almost always ""dirty."" This stage involves fixing errors so the model can process the information mathematically.

Key Actions: Handling missing values (imputation), removing duplicates, and Feature Scaling (ensuring all numbers are on a similar scale).

Encoding: Converting text categories (like ""Sunny"" or ""Rainy"") into numbers that an algorithm can understand.

3. Splitting the Dataset
Before training, the data is divided into two (or three) parts.

Training Set: Used to teach the model.

Test Set: Kept hidden from the model during training. It acts as a ""final exam"" to see how the model handles data it has never seen before.

Significance: This prevents overfitting, ensuring the model isn't just memorizing the training data.

4. Model Selection & Training
Now, you choose an algorithm (like a Decision Tree or a Neural Network) based on the problem type (Classification or Regression).

The Process: The algorithm looks at the training data and adjusts its internal parameters to find patterns. The goal is to minimize the ""loss"" or error between its guesses and the actual results.

Example: A ""Best Fit Line"" is drawn through data points in a linear regression model.

5. Model Evaluation & Testing
Finally, the model is evaluated using the Test Set.

Goal: To see if the model can generalize to new information.

Metrics: Engineers use specific scores like Accuracy (for categories) or Mean Squared Error (for numbers) to decide if the model is good enough to be used in the real world.",
T025,A-1,1. Explain the concept of data preprocessing in machine learning. Discuss various preprocessing tasks and explain how they influence model performance.,8,"Data preprocessing is the essential process of refining raw, ""messy"" data into a clean, structured format that a machine learning algorithm can interpret. In the world of AI, data is rarely ready for consumption right out of the source. It often contains errors, missing values, or inconsistent scales that can mislead an algorithm.

The primary goal of preprocessing is to improve data quality, which in turn directly increases model performance—a concept often summarized as ""Garbage In, Garbage Out.""

Key Preprocessing Tasks
1. Data Cleaning
Raw data is frequently incomplete or noisy. This step involves:

Handling Missing Values: You can either remove rows with missing data or use imputation (filling gaps with the mean, median, or a predicted value).

Noise Reduction: Removing ""garbage"" data or outliers that could skew the model's understanding of the ""normal"" trend.

2. Data Transformation (Scaling)
Most ML models are sensitive to the magnitude of numbers. For example, if one feature is ""Age"" (0–100) and another is ""Annual Income"" (0–1,000,000), the model might incorrectly assume income is 10,000 times more important simply because the numbers are larger.

Normalization: Scaling data to a range between 0 and 1.

Standardization: Centering data around a mean of 0 with a standard deviation of 1.

3. Data Encoding
Machine learning models are essentially mathematical equations; they cannot ""read"" text. Categorical data (like ""City"" or ""Color"") must be converted into numbers.

One-Hot Encoding: Creates separate binary columns for each category (e.g., a ""Red"" column with a 1 or 0).

Label Encoding: Assigns a unique integer to each category (e.g., Red=1, Blue=2).

4. Feature Selection and Engineering
Sometimes, having too much data is a problem (the ""Curse of Dimensionality"").

Feature Selection: Dropping irrelevant or redundant features that add noise without adding value.

Feature Engineering: Creating new, more meaningful features from existing ones (e.g., calculating ""BMI"" from ""Height"" and ""Weight"").

Influence on Model Performance
Proper preprocessing influences the model in several critical ways:

Faster Convergence: Scaled data allows gradient-based algorithms (like Neural Networks) to find the optimal solution much faster.

Improved Accuracy: By removing outliers and noise, the model focuses on the true underlying patterns rather than random fluctuations.

Prevention of Bias: Encoding and cleaning help ensure the model doesn't inherit mathematical biases caused by skewed data scales or missing information.

Generalization: Good preprocessing ensures the model performs well on new, unseen data, not just the training set.",
T025,A-2,2. Describe the working of a Decision Tree algorithm. Explain how decisions are made and discuss its advantages and limitations.,8,"A Decision Tree is a supervised learning algorithm used for both classification and regression. It functions like a flowchart, where each internal node represents a ""test"" on an attribute, each branch represents the outcome of the test, and each leaf node represents a final decision or class label.

1. How Decisions are Made
The algorithm builds the tree by recursively splitting the data into subsets. The goal is to create branches that are as ""pure"" as possible (meaning they contain data points primarily from one class).

The Root Node: The process starts at the top with the entire dataset.

Splitting Criteria: To decide which feature to split on, the algorithm uses mathematical metrics to measure ""impurity"" or ""disorder.""

Gini Impurity: Measures how often a randomly chosen element would be incorrectly labeled. A Gini score of 0 means the node is perfectly pure.

Information Gain (Entropy): Based on Information Theory, it measures the reduction in uncertainty after a split.

Leaf Nodes: The splitting continues until a stopping criterion is met (e.g., reaching a maximum depth or a node becoming perfectly pure).

2. Advantages of Decision Trees
Interpretability: They are ""white-box"" models. You can easily follow the logic (e.g., ""If Age > 30 and Income > $50k, then Approve Loan"").

No Scaling Required: Unlike many algorithms, Decision Trees do not require data normalization or standardization.

Handles Mixed Data: They can process both numerical and categorical data without extensive preprocessing.

Non-Linearity: They can capture non-linear relationships between features effectively.

3. Limitations
Overfitting: This is the most common issue. A tree can become overly complex, capturing noise in the training data rather than the actual trend. This is often solved by pruning (cutting back unnecessary branches).

Instability: Small variations in the data can result in a completely different tree structure.

Bias toward Dominant Classes: If some classes dominate the dataset, the tree may create biased nodes.

Greedy Approach: The algorithm makes the best choice at each step (local optimum) but does not guarantee the globally optimal tree.

4. Real-World Example: Loan Approval
A bank uses a Decision Tree to decide if a customer gets a loan.

First Split: Is the Credit Score > 700? (Yes/No)

Second Split (if Yes): Is the Annual Income > $40,000? (Yes/No)

Result: If both are Yes, the leaf node says ""Approve."" If Income is No, the leaf node says ""Reject.""",
T025,A-3,3. Explain the biasâ€”variance tradeoff. Discuss its impact on underfitting and overfitting with practical illustrations.,8,"The Bias-Variance Tradeoff is a central challenge in machine learning. It represents the struggle to find the ""sweet spot"" where a model is complex enough to capture the underlying patterns in data but simple enough to ignore the random noise.1. Understanding the ComponentsTo understand the tradeoff, we have to look at the two types of errors that affect model performance:Bias (Error from simplified assumptions)Bias is the difference between the average prediction of our model and the correct value which we are trying to predict.High Bias: The model is too simple and ignores the data's complexity. It makes the same mistakes repeatedly.Analogy: A student who only studies one chapter of a book and tries to answer questions from the whole exam.Variance (Error from sensitivity to small fluctuations)Variance refers to the model's sensitivity to specific fluctuations in the training set.High Variance: The model pays too much attention to individual data points and noise. It performs great on training data but fails on new data.Analogy: A student who memorizes the exact wording of practice questions but cannot answer the same question if the phrasing changes slightly.2. The Impact: Underfitting vs. OverfittingThe tradeoff directly dictates how well a model generalizes to the real world.Underfitting (High Bias, Low Variance)This occurs when the model is too ""stiff"" to learn the data. It performs poorly on both the training data and the test data.Illustration: Using a straight line (Linear Regression) to model data that clearly follows a curved, wavy pattern.Result: The model misses the trend entirely.Overfitting (Low Bias, High Variance)This occurs when the model is too ""flexible."" It follows every data point, including the random errors or outliers. It performs perfectly on training data but poorly on test data.Illustration: Using a highly complex, jagged polynomial curve to connect every single dot in a scatter plot.Result: The model captures ""noise"" as if it were a real pattern.3. Finding the ""Sweet Spot""The goal of a machine learning engineer is to minimize Total Error, which is the sum of $(Bias)^2 + Variance + Irreducible Noise$.As you increase model complexity (e.g., adding more layers to a neural network or more branches to a decision tree):Bias decreases because the model can represent more complex relationships.Variance increases because the model starts ""memorizing"" specific data points.The optimal model is found at the point where the increase in variance is equal to the decrease in bias, resulting in the lowest total error on unseen data.",
T025,A-4,4. Discuss the importance of model evaluation in machine learning. Explain why accuracy alone is not sufficient and describe other evaluation measures.,8,"Model evaluation is the process of testing a model's predictive power on data it has never seen before. It is the only way to ensure that a model has actually learned the underlying patterns of a problem rather than just memorizing the training set. Without rigorous evaluation, a model might appear successful in development but fail catastrophically when deployed in the real world.1. The Trap: Why Accuracy is Not EnoughAccuracy—the ratio of correct predictions to total predictions—is the most common metric, but it is often the most misleading. The primary reason is Class Imbalance.Imagine a model designed to detect a rare disease that only affects 1% of the population.If the model simply predicts ""Healthy"" for every single patient, it will achieve 99% accuracy.Despite the high score, the model is completely useless because it failed to identify the 1% of people who actually need treatment.2. Key Evaluation Measures for ClassificationTo get a full picture of performance, we use metrics derived from the Confusion Matrix, which breaks down predictions into True Positives (TP), True Negatives (TN), False Positives (FP), and False Negatives (FN).Precision (Quality)Precision answers: ""Of all the instances the model predicted as positive, how many were actually positive?""Formula: $Precision = \frac{TP}{TP + FP}$Use Case: High precision is vital in Spam Detection. You don't want an important work email (False Positive) being sent to the spam folder.Recall / Sensitivity (Quantity)Recall answers: ""Of all the actual positive instances, how many did the model catch?""Formula: $Recall = \frac{TP}{TP + FN}$Use Case: High recall is vital in Cancer Diagnosis. Missing a single case (False Negative) can be fatal.F1-Score (The Balance)The F1-Score is the harmonic mean of Precision and Recall. It provides a single score that balances the two.Use Case: It is the best metric when you have an imbalanced dataset and need a compromise between catching all cases and being accurate with the ones you catch.3. Evaluation Measures for RegressionWhen predicting continuous numbers (like stock prices or temperature), we don't use ""correct or incorrect"" labels. Instead, we measure the error (distance) between the prediction and the reality.Mean Absolute Error (MAE): The average of the absolute differences between predictions and actual values. It gives a linear sense of the error.Mean Squared Error (MSE): Squares the errors before averaging them. This penalizes large errors more heavily.R-Squared ($R^2$): Indicates how well the independent variables explain the variability of the dependent variable. A score of 1.0 indicates a perfect fit.",
T025,A-5,5. Explain the role of feature selection and dimensionality reduction. Discuss how these techniques help in building efficient ML models.,8,"In modern machine learning, datasets often contain hundreds or even thousands of variables (features). However, not all features are useful. Including irrelevant or redundant data can lead to slower training times, high computational costs, and poor model accuracy—a phenomenon known as the ""Curse of Dimensionality.""

Feature selection and dimensionality reduction are the two primary strategies used to streamline data and build more efficient models.

1. Feature Selection
Feature selection is the process of picking a subset of the original variables. You keep the most important features and discard the rest without changing them.
+1

How it works: It uses statistical tests or model-based importance scores to rank features. For example, if you are predicting house prices, ""Square Footage"" is highly relevant, while ""Color of the Front Door"" likely is not.

Common Techniques:

Filter Methods: Uses statistical measures (like Correlation or Chi-Square) to rank features independently of any ML algorithm.

Wrapper Methods: Trains a model on different subsets of features and selects the one that performs best (e.g., Recursive Feature Elimination).

Embedded Methods: Features are selected during the model training process (e.g., LASSO regression, which penalizes and zeros out less important coefficients).

2. Dimensionality Reduction
Unlike feature selection, dimensionality reduction transforms the data. it compresses many features into a smaller number of ""new"" features that still capture the essential information of the original set.
+1

How it works: It projects high-dimensional data into a lower-dimensional space.

Key Technique (Principal Component Analysis - PCA): PCA identifies the directions (Principal Components) along which the data varies the most. It combines multiple correlated variables into a single component.

Example: If you have data on ""Height"" and ""Leg Length,"" these are highly correlated. Dimensionality reduction might combine them into a single ""Size"" variable.

3. How These Techniques Improve Efficiency
Building a ""leaner"" model provides several critical benefits:

Prevents Overfitting: By removing ""noise"" (irrelevant data), the model is less likely to memorize random fluctuations and more likely to learn the actual underlying patterns.

Reduces Training Time: Fewer features mean fewer mathematical operations. This allows models to train and make predictions (inference) much faster.

Improved Accuracy: Removing redundant features (multicollinearity) can actually improve the performance of algorithms like Linear Regression or Naive Bayes.

Lower Storage and Hardware Costs: Compressed data requires less memory and disk space, making it easier to deploy models on mobile devices or ""Edge"" hardware.

Better Visualization: Humans can only visualize data in 2D or 3D. Reducing 100 features down to 2 or 3 allows data scientists to graph the data and identify clusters or trends manually.",
T025,A-6,"6. Describe how machine learning models are deployed and maintained in real-world systems. Explain issues such as monitoring, retraining, and performance degradation.",8,"Real-world machine learning deployment transitions a model from a static development environment to a dynamic production system. This process ensures the model remains functional, accurate, and scalable as it interacts with live data.

Model Deployment
Deployment involves integrating the trained model into an existing production infrastructure so it can serve predictions to end-users.

Containerization: Models are often packaged using tools like Docker. This ensures the model has all the specific libraries and environment settings it needs to run consistently across different servers.
+1

Web Services/APIs: Models are typically exposed via an API (Application Programming Interface). When a user provides input, the application sends a request to the model server, which processes the data and returns a prediction in real-time.

Scalability: Orchestration tools like Kubernetes are used to manage multiple instances of the model, allowing the system to handle thousands of simultaneous requests by distributing the load.

Performance Degradation
Once a model is live, its predictive power often declines over time. This is rarely due to software bugs, but rather changes in the external world.

Data Drift: This occurs when the statistical properties of the incoming live data change compared to the data used during training. For example, a recommendation engine might degrade if user trends shift rapidly.

Concept Drift: This happens when the relationship between the input features and the target prediction changes. A model predicting house prices might become inaccurate if a sudden economic shift changes how buyers value specific features like ""location"" versus ""square footage.""

Monitoring
Continuous monitoring is essential to detect degradation before it impacts the business or user experience.

Operational Metrics: Tracking technical performance, such as latency (how long a prediction takes) and system uptime.

Model Metrics: Tracking ""silent failures"" by monitoring the distribution of predictions. If a model that usually predicts ""Yes"" 50% of the time suddenly starts predicting ""Yes"" 95% of the time, it indicates a potential issue with the input data.

Retraining
To combat performance degradation, a maintenance cycle of retraining is established.

Automated Retraining: Systems are often set up to automatically retrain the model on the most recent data (e.g., daily or weekly) to ensure it stays current with new trends.

Champion-Challenger Testing: Before a newly retrained model is fully deployed, it is compared against the current live model (the ""Champion""). The new model (the ""Challenger"") is tested on live traffic in a controlled ""shadow"" mode to verify it performs better before the old model is decommissioned.",
T025,B-1,"1. An e-commerce company wants to reduce product returns.Explain how machine learning can be used to analyze customer behavior, product data, and past returns to reduce return rates.",8,"To reduce product returns, machine learning (ML) acts as a predictive layer that identifies the mismatch between customer expectations and the actual product. By analyzing the three specific pillars you mentioned, the system can intervene before the return happens.

1. Analyzing Customer Behavior
ML models identify patterns in how users shop to predict the likelihood of a return.

Bracketing Identification: Algorithms detect when a customer is ""bracketing""—buying the same item in multiple sizes or colors with the intent of returning the ones that don't fit.

Engagement Scoring: By tracking how much time a user spends on the size chart, zoomed-in photos, or customer reviews, the model assigns a ""Risk Score."" If a user buys a high-value item without looking at the fit guide, the ML system can trigger a real-time prompt suggesting they double-check their measurements.

2. Analyzing Product Data
ML is used to find ""problem products"" that have discrepancies in their descriptions or images.

Review Mining (NLP): Natural Language Processing (NLP) analyzes thousands of customer reviews to find specific reasons for returns. It can identify that a specific dress is frequently returned because the ""fabric is too thin"" or it ""runs small in the shoulders.""

Visual Discrepancy Detection: Computer vision models compare customer-uploaded photos from return labels with official catalog images to see if the color or texture in the professional photo is misleading.

3. Analyzing Past Returns
The company uses historical return data to create a feedback loop that informs future sales.

Personalized Size Recommendations: Using Collaborative Filtering, the system looks at past returns from thousands of other users. It identifies that ""Customers who have your measurements typically returned the Medium but kept the Large,"" allowing for a more accurate recommendation than a generic size chart.

Propensity Modeling: By analyzing the history of both the customer and the product, a Classification Model calculates the probability of a return at the checkout stage. This allows the company to offer targeted incentives, such as a small discount in exchange for a ""Final Sale"" (no-return) agreement.",
T025,B-2,"2. A bank wants to detect fraudulent transactions in real time.Describe how machine learning can be applied for fraud detection, including data sources, model behavior, and challenges involved.",8,"To detect fraud in real-time, banks utilize machine learning to transition from static, ""if-then"" rules to dynamic systems that can identify evolving criminal patterns in milliseconds.

1. Data Sources
The effectiveness of a fraud detection model depends on its ability to cross-reference multiple data streams instantly:

Transaction Metadata: Amount, currency, time of day, and type of transaction (online vs. in-person).

Customer History: Typical spending velocity, average transaction size, and frequently visited merchants.

Geospatial Data: The physical distance between the current transaction and the last known location (e.g., a card used in New York and London within an hour).

Device Fingerprinting: IP address, device ID, operating system, and browser type used for the transaction.

Behavioral Biometrics: How the user interacts with the app, such as typing speed or mouse movement patterns.

2. Model Behavior
In a real-time environment, the model acts as a high-speed gatekeeper:

Feature Engineering: Raw data is converted into behavioral features, such as ""number of transactions in the last 10 minutes"" or ""deviation from average spend.""

Classification (Supervised): Models like Random Forest or XGBoost are trained on historical data of known ""fraud"" vs. ""legitimate"" cases. When a new transaction occurs, the model assigns a probability score (0 to 1).

Anomaly Detection (Unsupervised): If a transaction looks unlike anything the user has done before (even if not explicitly marked as fraud in the past), the system flags it as an outlier.

Real-Time Decisioning: If the score exceeds a threshold (e.g., 0.95), the transaction is automatically blocked. If it is borderline (0.70), it may trigger a Multi-Factor Authentication (MFA) request.

3. Challenges Involved
Building and maintaining these systems involves several high-stakes hurdles:

Imbalanced Data: Fraudulent transactions are extremely rare (e.g., 1 in 10,000). If a model isn't tuned correctly, it might achieve high accuracy by simply predicting ""not fraud"" for everything, which is useless for protection.

The ""False Positive"" Problem: Blocking a legitimate transaction (e.g., a customer traveling abroad) causes significant user frustration and ""churn.""

Concept Drift (Adapting Tactics): Fraudsters constantly change their methods. A model that worked last month may fail this month if criminals shift from ""identity theft"" to ""authorized push payment"" scams.

Latency Requirements: The entire analysis must happen in under 200 milliseconds to avoid slowing down the payment process at the point of sale.",
T025,B-3,"3. A hospital plans to predict patient readmission rates.Explain how machine learning can support this task, from data collection to using predictions for better healthcare decisions.",8,"To predict patient readmission rates, machine learning transforms historical medical data into a proactive tool that identifies high-risk patients before they are even discharged. This allows hospitals to allocate resources more effectively and improve long-term patient outcomes.

1. Data Collection and Integration
The process begins by gathering diverse data points from the hospital’s Electronic Health Records (EHR) and other systems:

Clinical Data: Vital signs, lab results, current diagnoses, and the length of the current hospital stay.

Demographic Data: Age, gender, and socio-economic factors (often called Social Determinants of Health).

Past Medical History: Previous admissions, chronic conditions (like diabetes or heart failure), and medication adherence.

Administrative Data: Discharge destination (e.g., home vs. skilled nursing facility) and the timing of follow-up appointments.

2. Preprocessing and Feature Engineering
Raw medical data is often messy and needs preparation:

Handling Missing Data: Using statistical methods to fill in missing lab results or vitals.

Feature Engineering: Creating high-value indicators, such as a ""Comorbidity Index"" (a score based on the number of existing health issues) or ""Admission Frequency"" over the last 12 months.

Normalizing Data: Ensuring that different measurements (like heart rate vs. blood pressure) are on a scale the model can process mathematically.

3. Model Development and Behavior
The hospital typically uses a Supervised Learning approach, specifically a Binary Classification model (Predicting ""Will be readmitted"" vs. ""Will not be readmitted"").

Algorithm Choice: Models like Logistic Regression, Random Forest, or Gradient Boosting (XGBoost) are common because they provide high accuracy and can rank which features (e.g., age or specific lab values) are most influential in the prediction.

Training and Validation: The model is trained on years of past data where the outcome is already known. It is then tested on a ""hold-out"" set to ensure it can accurately predict readmissions for new patients it hasn't seen before.

4. Using Predictions for Healthcare Decisions
Once the model generates a ""Risk Score"" for a patient, clinicians use that information to change the care plan:

Targeted Discharge Planning: Patients with a high risk score receive more intensive discharge education and more frequent follow-up phone calls.

Medication Reconciliation: Pharmacists may perform a deeper review of a high-risk patient's prescriptions to prevent adverse drug reactions that could lead back to the hospital.

Home Health Referrals: The hospital can proactively schedule home health visits or remote monitoring for those the model identifies as most vulnerable.

Resource Allocation: Administrators can use aggregate predictions to ensure the hospital has enough staff and beds available for expected return cases.",
T025,B-4,4. A social media platform wants to control the spread of fake news.Discuss how machine learning can help identify and limit misinformation while considering ethical challenges.,8,"Social media platforms utilize machine learning as a frontline defense to analyze massive volumes of content in real-time, identifying patterns of misinformation that would be impossible for human moderators to track manually.

How Machine Learning Identifies Misinformation
Natural Language Processing (NLP): Algorithms analyze the linguistic patterns of a post. Fake news often uses ""clickbait"" styling, high-arousal emotional language, and excessive punctuation. Advanced models like Transformers (e.g., BERT) can evaluate the context and semantic meaning to see if a headline contradicts the actual body of the article.

Source and Metadata Analysis: ML models evaluate the reputation of the source. They check the account’s age, previous ""strikes"" for misinformation, and whether the account exhibits bot-like behavior (e.g., posting 50 times an hour).

Propagation Patterns: Misinformation often spreads differently than organic news. ML tracks the ""viral curve""—fake news typically spreads in rapid, dense bursts through bot networks rather than steady, branching shares among real friends.

Multimodal Analysis: Modern systems use Computer Vision to detect ""Deepfakes"" or ""cheapfakes"" (images taken out of context). For example, a model can detect if a photo of a protest from 2012 is being recirculated as if it were happening today.

Strategies to Limit Spread
Once content is flagged with a high ""misinformation score,"" platforms take several automated actions:

Downranking: The algorithm reduces the post’s visibility in newsfeeds (shadow-demotion), ensuring it doesn't reach a wide audience.

Informational Overlays: The system automatically attaches labels or links to verified fact-checking articles from third-party sources.

Friction Points: If a user tries to share a flagged post, the platform may trigger a pop-up asking, ""Are you sure? This has been disputed by fact-checkers.""

Ethical Challenges
The use of ML in this space is controversial because it intersects with fundamental human rights:

Freedom of Speech vs. Censorship: There is a fine line between ""filtering fake news"" and ""suppressing dissent."" If an algorithm is too aggressive, it may accidentally silence legitimate political discourse or minority opinions.

Algorithmic Bias: If the training data is biased toward one political or cultural perspective, the model may disproportionately flag content from opposing groups as ""misinformation.""

The ""Black Box"" Problem: It is often difficult to explain why an AI flagged a specific post. Without transparency, users may feel the platform is acting unfairly or with hidden motives.

Adversarial Evolution: As ML gets better at detection, bad actors use ML to create even more convincing fake news, leading to a ""digital arms race"" that is difficult to sustain.",
T025,B-5,5. A manufacturing company is facing frequent machine breakdowns.Explain how predictive maintenance using machine learning can reduce downtime and improve operational efficiency.,8,"Predictive maintenance uses machine learning to shift a factory from a ""fix-it-when-it-breaks"" (reactive) model to a ""fix-it-before-it-breaks"" (proactive) model. By analyzing data from industrial equipment, ML models can forecast exactly when a machine is likely to fail.
+1

How Predictive Maintenance Works
The process relies on a continuous flow of data and intelligent pattern recognition:

Data Acquisition (IoT Sensors): Machines are equipped with Internet of Things (IoT) sensors that monitor physical variables in real-time, such as vibration, temperature, pressure, acoustic noise, and power consumption.

Feature Extraction: The ML model doesn't just look at raw numbers; it looks for trends. For example, a slight increase in vibration frequency over two weeks might be a ""feature"" that indicates a bearing is starting to wear out.

Anomaly Detection: The system learns the ""fingerprint"" of a healthy machine. When sensor readings deviate from this baseline—even in ways invisible to a human operator—the model flags it as an anomaly.

Remaining Useful Life (RUL) Prediction: Using Regression models, the AI estimates how many hours or cycles a component has left before a critical failure occurs.

Reducing Downtime
Predictive maintenance eliminates the two biggest causes of downtime:

Unplanned Downtime: When a machine breaks unexpectedly, production stops entirely. Predictive maintenance provides an early warning system (often weeks in advance), allowing repairs to be scheduled during natural breaks in production.

Over-Maintenance: In traditional ""preventative"" maintenance, parts are replaced on a fixed schedule (e.g., every 6 months) regardless of their condition. This results in unnecessary downtime and wasted money on perfectly good parts. ML ensures maintenance only happens when actually necessary.

Improving Operational Efficiency
Optimized Spare Parts Inventory: Companies no longer need to stockpile every possible replacement part. ML predictions allow them to order specific parts just in time for the scheduled repair.

Extended Equipment Lifespan: By identifying and fixing small issues (like a lack of lubrication) before they cause a major engine seizure, the overall lifespan of expensive factory assets is significantly extended.

Safety and Quality: Failing machines often produce defective products before they fully break down. Predictive maintenance ensures machines operate within optimal parameters, reducing waste and improving worker safety.",
T025,B-6,"6. An online education platform wants to personalize learning for students.Describe how machine learning can be used to recommend content, track performance, and improve learning outcomes.",8,"To personalize education, machine learning transitions a ""one-size-fits-all"" curriculum into an adaptive learning path that evolves based on each student's unique strengths, weaknesses, and learning pace.

1. Recommending Personalized Content
Machine learning ensures students receive the right material at the right time to keep them in the ""optimal challenge zone.""

Collaborative Filtering: Similar to how Netflix recommends movies, this algorithm identifies students with similar learning profiles. If ""Student A"" and ""Student B"" both excelled at Algebra but ""Student A"" found a specific Geometry video helpful, the system will recommend that same video to ""Student B.""

Content-Based Filtering: The system analyzes the attributes of lessons (e.g., difficulty level, format like video vs. text, or topic). If a student consistently performs better after watching interactive simulations rather than reading long articles, the ML model prioritizes interactive content for them.

2. Tracking and Analyzing Performance
ML provides a deeper level of insight than traditional grading by analyzing the ""micro-behaviors"" of learning.

Knowledge Tracing: Algorithms track a student’s mastery of specific concepts over time. It doesn't just look at a final test score; it analyzes which specific types of questions a student misses.

Engagement Monitoring: By analyzing data such as time spent on a page, video pause/rewind patterns, and forum participation, ML can identify when a student is likely ""bored"" (content is too easy) or ""frustrated"" (content is too hard).

3. Improving Learning Outcomes
The ultimate goal of these insights is to trigger interventions that prevent failure and accelerate growth.

Early Warning Systems: Predictive models can identify ""at-risk"" students who are likely to drop out or fail a course weeks before it happens. This allows teachers or automated systems to intervene with extra tutoring or simplified bridge material.

Spaced Repetition: ML algorithms calculate the ""forgetting curve"" for each student. The system will automatically re-introduce a difficult concept just as the student is about to forget it, ensuring long-term retention.

Automated Feedback: Natural Language Processing (NLP) can be used to provide instant, constructive feedback on essays or open-ended questions, allowing students to learn from mistakes immediately rather than waiting days for a human grade.",
T026,A-a,a. Explain the concept of learning bias in machine learning.Discuss different sources of bias and their impact on model generalization.,8,"Learning bias in machine learning refers to the set of assumptions a model makes to simplify the learning process and predict results for data it hasn't seen before. While ""bias"" often carries a negative social connotation, in a technical sense, it is a necessary component that allows an algorithm to generalize from a limited training set to a broader reality.1. The Core Concept: Inductive BiasWithout bias, a model would simply memorize every data point it was given (overfitting) and would be unable to make any logical guesses about new data. This is known as Inductive Bias.Example: In a Linear Regression model, the ""bias"" is the assumption that the relationship between variables is a straight line ($y = mx + c$). Even if the data is slightly scattered, the model ""forces"" it into a linear pattern to make future predictions easier.2. Sources of BiasBias can enter the machine learning pipeline at various stages, often stemming from human decisions or data limitations.Data/Sampling Bias: Occurs when the training data is not representative of the real-world population. For example, if a facial recognition system is trained primarily on images of one ethnicity, it will have a ""bias"" and perform poorly on others.Measurement Bias: Arises when the tools or methods used to collect data are faulty or inconsistent. If a sensor is incorrectly calibrated, the model will learn a skewed version of reality.Algorithmic Bias (Inductive Bias): This is inherent to the math. Some algorithms are naturally ""stiff"" (High Bias). For instance, a simple Decision Tree with a depth of 1 (a ""stump"") makes very broad assumptions and ignores nuances in the data.Prejudicial/Societal Bias: If the historical data used to train a model contains human prejudices (such as biased hiring or lending practices), the model will identify these as ""patterns"" and automate those same prejudices.3. Impact on Model GeneralizationThe relationship between bias and a model's ability to generalize is best understood through the Bias-Variance Tradeoff.High Bias (Underfitting): If a model has too much bias, it is too simple. It fails to capture the underlying trends in the training data and, consequently, performs poorly on new data. It ""generalizes"" too much by ignoring important details.Low Bias (Overfitting): If a model has very low bias, it makes almost no assumptions and follows the training data perfectly. While it seems accurate, it fails to generalize because it has ""memorized"" the noise and random fluctuations of the training set rather than the actual pattern.",
T026,A-b,b. Describe the role of assumptions in machine learning algorithms.Explain how assumptions influence model selection and performance.,8,"In machine learning, assumptions are the ""prior beliefs"" or mathematical constraints an algorithm uses to make sense of data. Because it is impossible for a model to account for every single possibility in the universe, it must assume a specific structure or pattern to function. This is formally known as Inductive Bias.1. The Role of AssumptionsAssumptions act as a framework that allows an algorithm to move from simply ""seeing"" data to ""predicting"" outcomes.Simplification: Assumptions reduce the complexity of the problem. For example, Linear Regression assumes a linear relationship between input and output ($y = \beta_0 + \beta_1x$). This makes the math solvable and efficient.Filling the Gaps: When a model encounters data it has never seen, it relies on its assumptions to ""fill in the blanks."" Without assumptions, a model would have no basis for choosing one prediction over another.Noise Filtering: By assuming a specific shape (like a smooth curve), the model can ignore ""outliers"" (random noise) that don't fit that shape, preventing the model from becoming too distracted by errors in the data.2. Influence on Model SelectionThe assumptions of an algorithm determine whether it is the ""right tool for the job."" Choosing a model is essentially choosing which set of assumptions best matches your data.Parametric vs. Non-Parametric:Parametric Models (e.g., Logistic Regression, Naive Bayes) make strong assumptions about the shape of the data. You select these when you have a clear idea of the data distribution or have limited data.Non-Parametric Models (e.g., K-Nearest Neighbors, Decision Trees) make fewer assumptions. You select these when the data is complex, non-linear, or when you have very large datasets where the pattern is not obvious.Feature Independence: The Naive Bayes algorithm assumes all features are independent of each other. If your features are highly related (e.g., ""Height"" and ""Weight""), this assumption is violated, leading you to select a different model like a Neural Network.3. Influence on Model PerformanceA model’s performance is heavily dictated by how well its internal assumptions align with the reality of the data.Underfitting (Assumption too strong): If you use a linear model for data that is actually circular or wavy, the model’s ""straight line"" assumption is too rigid. The performance will be poor because the model is too biased toward its assumption to see the actual pattern.Overfitting (Assumption too weak): If a model makes almost no assumptions (like a deep Decision Tree), it might follow every tiny wiggle in the data. Performance on the training set will be perfect, but it will fail on new data because it assumed the ""noise"" was part of the real pattern.Computational Efficiency: Models with strong assumptions are generally much faster to train and require less data. Models with weak assumptions require significantly more data and computing power to ""discover"" the patterns themselves.",
T026,A-c,c. Explain the concept of generalization in machine learning.Discuss why a model that performs well on training data may fail on unseen data.,8,"Generalization is the ability of a machine learning model to accurately predict outcomes for new, unseen data that was not part of its original training set. In essence, it is the measure of how well a model has learned the underlying ""concepts"" rather than just memorizing the ""examples.""

A model that generalizes well has successfully captured the true signal of the data while ignoring the random noise.

Why Models Fail on Unseen Data
It is common for a model to achieve nearly 100% accuracy on training data but perform poorly in the real world. This failure usually stems from two main issues:

1. Overfitting (The Memorization Trap)
Overfitting occurs when a model is too complex relative to the amount and noisiness of the data. Instead of learning the general trend, the model learns the specific ""noise"" or random fluctuations unique to the training set.

The Result: The model creates a ""perfect"" map for the training data, but because that noise doesn't exist in the new data, the model's predictions fail.

Analogy: A student who memorizes the answers to a specific practice test but doesn't understand the actual math formulas; they will fail the final exam if the numbers change.

2. Data Mismatch (Distribution Shift)
A model assumes that the data it will see in the future will look like the data it saw in the past. If the ""Unseen Data"" comes from a different environment or time period, the model will fail.

Example: A model trained to predict housing prices in 2020 will fail on 2026 data if there has been significant inflation or a change in buyer behavior.

Technical term: This is often called Data Drift.

3. High Variance
If a model is highly sensitive to small changes in the input, it is said to have High Variance. This means that even a tiny difference between a training example and a real-world example causes the model to jump to a completely different (and often wrong) conclusion.

How to Ensure Better Generalization
To prevent a model from failing on unseen data, data scientists use several techniques:

Train-Test Split: Always keeping a portion of the data hidden during training to act as a ""final exam.""

Cross-Validation: Rotating which parts of the data are used for training and which are used for testing to ensure the model's success isn't just a fluke.

Regularization: Adding a ""penalty"" to the model for being too complex, which forces it to stay simple and focus on the most important patterns.

Pruning: In decision trees, cutting away branches that are based on very small amounts of data and are likely just noise.",
T026,A-d,"d. Discuss the importance of data quality in machine learning systems.Explain how noise, missing values, and inconsistencies affect learning outcomes.",8,"In machine learning, there is a fundamental principle: ""Garbage In, Garbage Out"" (GIGO). The quality of the data used to train a model is often more important than the complexity of the algorithm itself. High-quality data ensures that the patterns the model learns are actually representative of reality.
+1

1. The Impact of Noise
Noise refers to random errors or ""unwanted fluctuations"" in the data. This could be a sensor glitching, a typo in a form, or irrelevant background information in an image.

How it affects learning: If a dataset is noisy, the model may struggle to distinguish the true ""signal"" from the random errors.

Overfitting to Noise: A complex model might mistake noise for a meaningful pattern. For example, if a ""7"" in a zip code is smudged and looks like a ""1,"" the model might incorrectly learn that specific smudges are a defining characteristic of the number one.

2. The Problem of Missing Values
Missing values occur when data points for certain features are simply absent (e.g., a patient skipping a question on a medical survey).

Reduced Statistical Power: If too many values are missing, the model has less information to learn from, making the resulting predictions less reliable.

Algorithmic Failure: Most ML algorithms (like Linear Regression or Support Vector Machines) cannot process data with ""NaN"" (Not a Number) or null values. They will either crash or produce an error.

Introduction of Bias: If values are ""Missing Not At Random"" (e.g., only high-income individuals refuse to answer a salary question), simply deleting those rows will bias the model toward a specific demographic, leading to skewed outcomes.

3. Data Inconsistencies
Inconsistencies happen when the same information is represented in different ways or contradicts itself across the dataset. Common examples include different units (Celsius vs. Fahrenheit) or variations in text (e.g., ""NY"", ""N.Y."", and ""New York"").

Feature Dilution: The model treats ""NY"" and ""New York"" as two completely different categories. This splits the data into smaller, less significant groups, preventing the model from realizing they all represent the same location.

Contradictory Learning: If one row says a 2,000 sq. ft. house costs $300k and another identical row says it costs $800k due to an error, the model will become ""confused"" and produce high-error predictions because it cannot find a logical rule to satisfy both points.

4. Summary of Learning Outcomes
Poor data quality leads to three major failures:

Poor Generalization: The model works in the lab but fails in the real world because it learned ""junk"" patterns.

Increased Training Time: Algorithms take longer to converge (reach a solution) when they have to navigate through noise and inconsistencies.

Untrustworthy Results: Decisions made by the model (like loan approvals or medical diagnoses) become unreliable, potentially leading to ethical or financial disasters.",
T026,A-e,"e. Explain the difference between shallow learning and deep learning approaches.Discuss their characteristics, strengths, and limitations in theory.",8,"The distinction between shallow and deep learning primarily centers on how the models extract features from raw data. While shallow learning relies on human intervention to define what is important, deep learning attempts to learn those features automatically through multiple layers of abstraction.

1. Shallow Learning
Shallow learning refers to traditional machine learning algorithms that typically have one or no ""hidden"" layers. These models require feature engineering, a process where a human expert identifies and extracts the most relevant variables before the data is fed into the model.

Characteristics: Relies on structured data; uses mathematical techniques like linear algebra and statistics; requires less computational power.

Strengths:

Interpretability: It is easy to see why a model made a decision (e.g., in a Decision Tree).

Efficiency: They train very quickly on standard CPUs and require relatively small datasets to reach peak performance.

Robustness: They are less prone to ""overfitting"" on small datasets compared to deep models.

Limitations:

Manual Labor: They are only as good as the features a human provides. If a data scientist misses an important variable, the model cannot ""discover"" it.

Performance Ceiling: As you add more data, the accuracy of shallow models tends to plateau rather than continue improving.

2. Deep Learning
Deep learning is a subset of machine learning based on Artificial Neural Networks with many layers (hence ""deep""). These models perform feature learning, meaning they automatically discover the best way to represent the data for the task at hand.

Characteristics: Utilizes hierarchical layers; mimics the structure of the human brain (to a limited extent); handles unstructured data (images, audio, text) exceptionally well.

Strengths:

Feature Discovery: It can take raw pixels of a cat and ""learn"" that edges, then ears, then faces are the important features without being told.

Scalability: Performance generally continues to improve as you add more data and more layers.

Versatility: A single architecture (like a Transformer) can be adapted for translation, image generation, or medical diagnosis.

Limitations:

The ""Black Box"" Problem: It is often impossible to explain exactly why a deep neural network arrived at a specific conclusion.

Data Hunger: They typically require massive amounts of labeled data to avoid memorizing noise.

High Cost: They require specialized hardware (GPUs/TPUs) and significant electricity for training.",
T026,A-f,"f. Describe the ethical considerations involved in developing machine learning systems.Explain issues such as fairness, transparency, accountability, and privacy.",8,"Developing machine learning systems is no longer just a technical challenge; it is a social one. Because these models influence everything from who gets a loan to how patients are treated in hospitals, ethical guardrails are necessary to prevent unintended harm.

1. Fairness and Bias
Fairness in ML ensures that a model’s predictions do not disproportionately disadvantage specific groups based on protected characteristics like race, gender, or age.

Algorithmic Bias: If the training data contains historical human prejudices (e.g., biased hiring decisions from the 1990s), the model will learn these as ""rules"" and automate discrimination.

The Impact: An unfair model can create a ""feedback loop."" For example, if a predictive policing tool targets a specific neighborhood due to biased historical data, it leads to more arrests there, which in turn ""confirms"" the model's bias.

2. Transparency (The ""Black Box"" Problem)
Transparency refers to the ability to understand how and why a model arrives at a specific decision.

Explainability: Many deep learning models are ""black boxes""—they are so complex that even their creators cannot explain a single prediction. In high-stakes fields like medicine or law, a ""correct"" prediction is not enough; doctors and judges need to know the logic behind it to trust the result.

Openness: Transparency also involves being clear with users about when they are interacting with an AI and what data is being used to influence their experience.

3. Accountability
Accountability addresses the question: ""When an AI makes a mistake, who is responsible?""

Traceability: Developers must maintain rigorous logs of data sources, training parameters, and testing results so that if a system fails (e.g., a self-driving car accident), the cause can be traced.

Human-in-the-loop: Ethical systems often require a human to review high-stakes automated decisions, ensuring that the machine is a ""tool"" and not the final authority.

4. Privacy and Data Protection
Since ML models require massive amounts of data, they pose a significant risk to individual privacy.

Data Minimization: Developers should only collect the data absolutely necessary for the task, rather than ""hoarding"" personal information.

Anonymization: Techniques like Differential Privacy or Federated Learning allow models to learn from data without ever actually ""seeing"" or storing the private details of individual users.

Informed Consent: Users should be aware of how their data is being used to train models and have the right to opt-out or have their data deleted.",
T027,A-a,a. Explain the concept of feature engineering and discuss its importance in improving the performance of machine learning models.,5,"Feature engineering is the process of using domain knowledge to transform raw data into informative variables (features) that help machine learning algorithms learn more effectively. It is the act of refining the ""input"" so the model can better understand the underlying patterns of the problem.

The Concept of Feature Engineering
At its core, feature engineering is about bridging the gap between raw data and the requirements of a mathematical model. Algorithms do not ""perceive"" the world; they only see numbers. Feature engineering ensures those numbers represent the problem in a way that is structured and meaningful.

For example, a raw timestamp (like ""2026-02-26 14:00"") is just a string of characters to a model. Through feature engineering, this is transformed into useful indicators like ""Is it a holiday?"" or ""Is it during business hours?"" which are far more predictive of human behavior.

Importance in Improving Model Performance
Feature engineering is often considered the most critical step in the machine learning pipeline because it directly dictates the ceiling of a model's accuracy.

Simplifying Model Learning: By providing high-quality features, you reduce the complexity the model has to solve. Instead of the model trying to ""calculate"" a relationship between two variables, you can provide that relationship directly (e.g., providing ""Body Mass Index"" instead of making the model learn the complex ratio between ""Height"" and ""Weight"").

Isolating the Signal from Noise: Raw data is often cluttered with irrelevant information. Feature engineering highlights the ""signal"" (the parts that matter) and suppresses the ""noise"" (random fluctuations), preventing the model from becoming confused and making errors.

Enabling Linear Models for Non-Linear Problems: Many powerful but simple models (like Linear Regression) can only understand straight-line relationships. Feature engineering can transform non-linear data into a linear format, allowing these efficient models to achieve high performance on complex problems.

Handling Small Datasets: While deep learning can sometimes ""discover"" features automatically, it requires millions of data points. On smaller, real-world datasets, human-led feature engineering is the only way to achieve high accuracy because the model does not have enough data to learn the nuances on its own.

Improving Generalization: Properly engineered features focus on universal truths within the data rather than coincidences in the training set. This helps the model perform better on new, unseen data, which is the ultimate goal of any machine learning system.",
T027,A-b,"b. Describe the Machine Learning model training process. Explain how data is used to train, validate, and test a model.",5,"The machine learning model training process is a structured workflow where an algorithm ""learns"" to make predictions by identifying patterns in data. This process is iterative, involving the adjustment of internal parameters to minimize the difference between the model's predictions and the actual outcomes.

The Model Training Process
The core of training involves feeding data into an algorithm. The model makes a prediction, compares it to the ground truth (the actual answer), and calculates an Error or Loss. Using an optimization technique (like Gradient Descent), the model then updates its internal weights to reduce that error in the next round. This cycle continues until the model's performance reaches a satisfactory level or stops improving.

How Data is Split for Training, Validation, and Testing
To ensure a model is reliable and can generalize to the real world, data is typically split into three distinct sets. Each serves a specific role in the ""learning"" and ""evaluation"" lifecycle:

1. Training Set (The ""Textbook"")
This is the largest portion of the data (often 70-80%).

Role: The algorithm uses this data to learn patterns and build its internal logic.

Analogy: This is like a student studying a textbook to learn the core concepts of a subject.

2. Validation Set (The ""Practice Quiz"")
This is a smaller subset used during the training phase.

Role: It is used to fine-tune the model's hyperparameters (settings like learning rate or the depth of a tree). Since the model hasn't ""seen"" this data during the weight-adjustment phase, its performance here tells the developer if the model is starting to overfit (memorizing) or if the settings need adjustment.

Analogy: This is like a student taking a practice quiz to see which chapters they need to restudy before the final exam.

3. Test Set (The ""Final Exam"")
This data is kept completely separate and is only used once the model is fully trained.

Role: It provides an unbiased evaluation of the final model's performance on completely new, unseen data. It simulates how the model will perform in the real world. Once the test set is used, the model shouldn't be adjusted further to avoid ""cheating"" by learning the test patterns.

Analogy: This is the final exam that determines the student's actual grade and readiness for the real world.",
T027,A-c,c. What is the biasâ€”variance tradeoff? Explain how it affects model performance and generalization.,5,"The bias—variance tradeoff is a central problem in machine learning that describes the tension between a model's ability to minimize errors from overly simple assumptions (bias) and its sensitivity to random fluctuations in the training data (variance).The goal of any machine learning practitioner is to find the ""sweet spot"" where both bias and variance are low, resulting in the lowest possible total error.1. Understanding the Two ComponentsBias (Error from Underfitting)Bias refers to the error introduced by approximating a real-life problem with a model that is too simple.High Bias: The model makes strong assumptions about the data. For example, using a straight line to fit data that is clearly curved.Performance Impact: A high-bias model consistently misses the relevant relations between features and target outputs, leading to underfitting. It performs poorly on both training and test data.Variance (Error from Overfitting)Variance refers to the error introduced by the model’s sensitivity to small fluctuations in the training set.High Variance: The model is overly complex and treats random ""noise"" as if it were a legitimate pattern.Performance Impact: A high-variance model fits the training data perfectly but fails to generalize to new data. This is known as overfitting.2. How the Tradeoff Affects PerformanceAs you increase the complexity of a model (e.g., adding more layers to a neural network or increasing the depth of a decision tree), the following occurs:Bias decreases: The model becomes flexible enough to represent the complex patterns in the data.Variance increases: The model starts to ""memorize"" the specific quirks and errors of the training samples.The Total Error of a model is the sum of (Bias)$^2$ + Variance + Irreducible Noise. Because reducing one usually increases the other, the total error follows a U-shaped curve.3. Impact on GeneralizationGeneralization is the ability of a model to perform well on data it has never seen before. The tradeoff determines the success of this ability:If the model has high bias: It fails to generalize because it hasn't learned the true underlying pattern at all. It is too ""stubborn"" to see the data for what it is.If the model has high variance: It fails to generalize because it has learned a version of the pattern that only exists in the training set. It is too ""distractable"" by random noise.The Optimal Model: The best generalization occurs at the point on the tradeoff curve where the combined influence of bias and variance is at its minimum. This is where the model is complex enough to capture the ""signal"" but simple enough to ignore the ""noise.""",
T027,A-d,"d. Explain different types of learning in Machine Learning, such as batch learning, online learning, and incremental learning.",5,"In machine learning, models can be categorized by how they ingest data and update their internal parameters. The choice between batch, online, and incremental learning depends on the speed of incoming data and the available computing power.

1. Batch Learning
In batch learning (also called ""offline learning""), the model is trained using the entire available dataset all at once.

The Process: The model is trained in a controlled environment. Once training is complete, the model's parameters are ""frozen,"" and it is deployed to production. If you want the model to learn about new data, you must stop the system, combine the old data with the new data, and retrain a completely new version of the model from scratch.

When to Use: When data does not change rapidly and you have significant computing resources (CPUs/GPUs) available for intensive training sessions.

Limitations: It is time-consuming and expensive. As the dataset grows, retraining becomes increasingly difficult and slow.

2. Online Learning
Online learning is a method where the model is trained incrementally by feeding it data instances sequentially, either individually or in small groups called ""mini-batches.""

The Process: The model updates its parameters as each new piece of data arrives. This allows the model to learn ""on the fly"" and adapt to changes in real-time. Once the model has learned from a data point, it can usually discard that data, saving significant storage space.

When to Use: Ideal for systems where data arrives as a continuous stream (like stock market prices or sensor data) and for systems that need to adapt rapidly to changing patterns.

Limitations: If the incoming data is ""garbage"" or noisy, the model can quickly learn bad patterns, potentially leading to a decline in performance if not monitored closely.

3. Incremental Learning
Incremental learning is often used interchangeably with online learning, but it specifically refers to the model's ability to extend its existing knowledge without ""forgetting"" what it previously learned.

The Process: This approach focuses on the stability-plasticity dilemma. A model must be ""plastic"" enough to learn new information but ""stable"" enough so that new information doesn't overwrite or corrupt the old knowledge (a problem known as Catastrophic Forgetting).

When to Use: Useful in scenarios where you have limited storage and cannot keep the entire historical dataset, yet you need the model to continuously evolve its intelligence over months or years.

Characteristics: It is particularly valuable for ""Big Data"" applications where the total volume of data is too large to fit into a computer's memory at once.",
T027,A-e,e. Discuss the role of hyperparameters in machine learning models. Explain why hyperparameter tuning is necessary.,5,"In machine learning, hyperparameters are the external configuration settings that you, as the developer, set before the training process begins. Unlike standard parameters (the internal weights and biases that the model learns automatically from the data), hyperparameters cannot be learned by the model; they must be tuned manually or via search algorithms.

The Role of Hyperparameters
Hyperparameters act as the ""control knobs"" that dictate the behavior of the learning algorithm. They determine how the model structure is built and how the optimization process should occur.

Common examples include:

Learning Rate: Controls how much the model changes its internal weights in response to the error it calculates each time.

Number of Epochs: Defines how many times the learning algorithm will work through the entire training dataset.

Max Depth (in Decision Trees): Limits how complex the tree can become, preventing it from branching out too far.

Number of Hidden Layers (in Neural Networks): Determines the ""depth"" and capacity of the model to learn complex abstractions.

Why Hyperparameter Tuning is Necessary
Finding the right combination of hyperparameters—a process called Hyperparameter Tuning—is essential for several critical reasons:

1. Balancing the Bias-Variance Tradeoff
Hyperparameters are the primary tools used to prevent Underfitting and Overfitting.

If a hyperparameter like ""Max Depth"" is set too low, the model will be too simple (High Bias).

If it is set too high, the model will become too complex and memorize the noise in the data (High Variance). Tuning finds the point where the model generalizes best.

2. Accelerating Convergence
The Learning Rate hyperparameter is a perfect example of how tuning affects efficiency.

If the learning rate is too high, the model may overshoot the optimal solution and never ""converge"" (reach the best answer).

If it is too low, the model will take an incredibly long time to learn, wasting computational power and time.

3. Maximizing Model Performance
Every dataset is unique. A set of hyperparameters that worked perfectly for a ""Stock Price Prediction"" model might fail completely for a ""Facial Recognition"" model. Tuning ensures that the algorithm is specifically calibrated to the nuances, scale, and distribution of the specific data you are using.

4. Managing Resource Constraints
Tuning also allows you to find a balance between performance and cost. By adjusting hyperparameters related to model size (like the number of neurons or trees), you can find a model that is ""accurate enough"" but still fast and small enough to run on a mobile device or a low-cost server.

Common Tuning Methods
Grid Search: Manually defining a list of values for each hyperparameter and testing every possible combination.

Random Search: Randomly selecting values from a defined range, which is often faster and more effective than Grid Search for finding optimal values.",
T027,A-f,f. Explain the concept of model deployment. Discuss the challenges faced while deploying ML models in real-world applications.,5,"Model deployment is the final stage of the machine learning lifecycle, where a trained model is integrated into an existing production environment to provide actionable insights or predictions for real users. A model is only valuable when it moves out of the ""lab"" (the researcher's computer) and begins processing live data.

The Concept of Model Deployment
Deployment involves taking the finalized model artifact (the mathematical weights and code) and making it accessible via an interface, typically an API (Application Programming Interface). When an application sends data to this API, the model processes it and returns a prediction in milliseconds.

For example, a deployment might turn a ""fraud detection model"" into a live service that approves or denies credit card transactions at a grocery store checkout in real-time.

Challenges in Real-World Deployment
Transitioning from a prototype to a reliable production service involves several significant hurdles:

1. Environmental Consistency (Dependency Management)
A model might work perfectly on a data scientist's laptop but fail in production because the server has a different version of a library (like Scikit-learn or TensorFlow). This is often solved using Containerization (e.g., Docker) to ensure the environment is identical across all stages.

2. Scaling and Latency
In a research setting, a model taking 2 seconds to generate a prediction is acceptable. In the real world, if a search engine or recommendation system takes 2 seconds to load, users will leave. Deploying models requires optimizing them for low latency and ensuring the infrastructure can handle thousands of simultaneous requests.

3. Data Drift and Model Decay
The real world is dynamic. A model trained on 2024 consumer behavior may become inaccurate in 2026 because trends have shifted. This is known as Model Decay. Unlike traditional software, ML models require continuous monitoring to detect when their accuracy begins to drop, triggering a need for retraining.

4. Monitoring and Logging
Traditional software monitoring tracks ""Is the server up?"" ML monitoring must track ""Is the model's answer still correct?"" Establishing systems to log predictions and compare them with actual outcomes is complex and requires significant infrastructure (MLOps).

5. Security and Privacy Risks
Deployed models can be vulnerable to Adversarial Attacks, where bad actors feed the model specific data designed to ""trick"" it. Furthermore, ensuring that the model does not leak sensitive training data (Privacy Leakage) when queried by the public is a major security concern.

6. Organizational Silos
Deployment often requires collaboration between Data Scientists (who build models) and DevOps Engineers (who maintain servers). If these teams use different tools or have different priorities, the deployment process can become a bottleneck.",
T028,A-1,1. You are given a dataset with missing and inconsistent values.Explain the steps you would follow to clean and prepare the data for a machine learning model.,5,"Data cleaning and preparation is arguably the most critical stage of the machine learning pipeline. To turn ""dirty"" data into a reliable training set, I would follow these structured steps:1. Data Exploration and ProfilingBefore fixing anything, I must understand the extent of the damage. I would use statistical summaries and visualizations to identify:Missingness Patterns: Are values missing at random, or is there a systematic reason (e.g., a specific sensor failing)?Outliers: Data points that fall far outside the expected range (e.g., a human age of 250).Cardinality: How many unique values exist in categorical columns.2. Handling Missing ValuesThere are three primary strategies depending on the nature of the data:Deletion: If a row or column has more than 50–60% missing data and isn't critical, I might drop it.Imputation: Filling in the blanks. For numerical data, I'd use the mean (for normal distributions) or median (if outliers exist). For categorical data, I'd use the mode.Advanced Imputation: Using algorithms like K-Nearest Neighbors (KNN) to predict the missing value based on other similar rows.3. Fixing InconsistenciesThis involves standardizing the format so the model recognizes identical concepts:String Normalization: Converting all text to lowercase and removing leading/trailing whitespaces.Standardizing Labels: Using ""fuzzy matching"" or mapping dictionaries to turn ""N.Y."", ""ny"", and ""New York"" into a single uniform label.Unit Conversion: Ensuring all measurements use the same scale (e.g., converting all weights to kilograms).4. Handling OutliersOutliers can skew the model's perception of ""normal.""Trimming: Removing the extreme values if they are likely data entry errors.Winsorizing: Capping the values at a certain percentile (e.g., making all values above the 99th percentile equal to the 99th percentile value).5. Data Transformation and ScalingOnce the data is clean, it must be formatted for mathematical processing:Encoding: Converting categorical strings into numbers using One-Hot Encoding (for un-ordered categories) or Label Encoding (for ordered categories).Feature Scaling: Using Standardization ($Z$-score) or Normalization (Min-Max) to ensure features with large numbers (like salary) don't overpower features with small numbers (like age).6. Final Validation (The Sanity Check)The last step is to ensure that the cleaning process didn't introduce bias. I would re-check the distributions of the cleaned data against the original raw data to ensure the ""essence"" of the information remains intact.",
T028,A-2,2. A trained ML model is giving inaccurate predictions on new data.Describe the steps you would take to analyze and improve the modelâ€™s performance.,5,"When a model performs well in training but fails on new data, it is usually a sign of generalization failure. To diagnose and fix this, I would follow a systematic ""Debug and Refine"" workflow.1. Diagnose the Failure (Root Cause Analysis)First, I need to determine why the predictions are inaccurate.Check for Overfitting: I would compare the training error to the validation/test error. If the training error is very low but the test error is high, the model has memorized the data rather than learned it (High Variance).Identify Data Drift: I would compare the statistical properties (mean, variance, distribution) of the ""new data"" with the original ""training data."" If they differ significantly, the model is being asked to predict on a world it doesn't recognize.Analyze the Error Residuals: By plotting the difference between actual and predicted values, I can see if the model is failing on specific segments (e.g., failing only on high-income users or only on night-time photos).2. Improve the Data QualityA model is only as good as the information it consumes.Increase Training Diversity: If the model failed because it hadn't seen enough varied examples, I would collect more diverse data or use Data Augmentation (e.g., flipping images or adding synthetic noise) to broaden its ""experience.""Refine Feature Engineering: I would look for new features that might better explain the target. Sometimes removing irrelevant or highly correlated features (""noise"") can also improve performance by simplifying the problem.3. Adjust Model ComplexityDepending on the diagnosis in Step 1, I would adjust the model's ""stiffness.""If Overfitting (High Variance):Apply Regularization: Use $L1$ (Lasso) or $L2$ (Ridge) penalties to discourage the model from relying too heavily on any single feature.Simplify the Architecture: Reduce the number of layers in a neural network or the depth of a decision tree.Add Dropout: In deep learning, randomly ""turning off"" neurons during training forces the network to become more robust.If Underfitting (High Bias):Increase Complexity: Use a more powerful algorithm (e.g., moving from a Linear Regression to a Random Forest or Gradient Boosted Tree).Extend Training: Allow the model more ""epochs"" or iterations to learn the patterns.4. Hyperparameter TuningI would perform a structured search to find the optimal configuration for the model. Using Random Search or Bayesian Optimization, I would test different combinations of learning rates, batch sizes, and architectural settings to find the one that yields the lowest error on the validation set.5. Ensembling MethodsIf a single model isn't accurate enough, I would combine multiple models.Bagging: Training multiple versions of the same model on different subsets of data (e.g., Random Forest).Boosting: Training models sequentially, where each new model focuses on correcting the errors made by the previous one (e.g., XGBoost).",
T028,A-3,3. You are asked to choose an ML algorithm for a new problem.Explain the factors you would consider before selecting the algorithm.,5,"Selecting the right machine learning algorithm is a strategic decision that balances mathematical suitability with practical business constraints. Rather than picking the most ""powerful"" model, I would evaluate the following five factors:

1. The Nature of the Target Variable (Task Type)
The first filter is determining the goal of the prediction:

Supervised vs. Unsupervised: Do I have labeled outcomes (Regression/Classification) or am I looking for hidden patterns (Clustering)?

Output Format: If the target is a continuous number (e.g., stock price), I’d lean toward Linear Regression or XGBoost. If it’s a category (e.g., Spam vs. Not Spam), I’d consider Logistic Regression, Random Forests, or Support Vector Machines (SVM).

2. Data Size and Quality
The characteristics of the dataset often dictate the model's success:

Dataset Volume: Deep Learning models require massive datasets. If I only have a few hundred rows, I would choose simpler, ""stiffer"" models like Naive Bayes or K-Nearest Neighbors (KNN) to avoid overfitting.

Dimensionality (Number of Features): For high-dimensional data (more features than rows), regularized models like Lasso or Ridge Regression are essential to prevent the ""curse of dimensionality.""

Linearity: If the relationship between variables is linear, a simple linear model will suffice. If the data has complex, non-linear interactions, I would opt for Neural Networks or Kernel-based SVMs.

3. Interpretability vs. Predictive Power
This is often a business-driven trade-off:

White-Box Models: In highly regulated industries like healthcare or finance, I might choose a Decision Tree or Logistic Regression because humans can easily explain why the model made a specific decision.

Black-Box Models: If absolute accuracy is the only priority (e.g., image recognition or ad-targeting), I would choose complex ensembles or Deep Neural Networks, even if their internal logic is difficult to interpret.

4. Computational Constraints (Training and Latency)
I must consider where the model will live:

Training Time: Some algorithms (like Random Forests) can be trained in parallel, while others (like Boosting) are sequential and take longer.

Prediction Speed (Latency): If the model needs to provide millisecond responses on a mobile device, a lightweight model like Logistic Regression is better than a massive, slow-moving Neural Network.

5. Robustness to Noise and Outliers
The ""cleanliness"" of the data impacts model performance:

Outlier Sensitivity: Linear Regression is highly sensitive to outliers. If the data is messy, I would choose Tree-based models, which are naturally more robust to extreme values and don't require extensive feature scaling.",
T028,A-4,"4. After deployment, an ML modelâ€™s performance starts degrading over time.Explain how you would identify the cause and what actions you would take.",5,"When a model’s performance drops after deployment, it is rarely due to a ""bug"" in the code. Instead, it is usually because the relationship between the input data and the target prediction has changed. This phenomenon is known as Model Drift.

Here is the systematic approach to identifying the cause and taking corrective action:

1. Identify the Cause (The Diagnosis)
I would first analyze the data and the predictions to distinguish between two primary types of drift:

Data Drift (Feature Drift): This happens when the statistical properties of the input data change.

How to detect: I would compare the distribution of incoming production data against the original training data using statistical tests (like the Kolmogorov-Smirnov test). For example, if a credit scoring model was trained on people aged 30–50, but the new users are aged 18–25, the model is in ""uncharted territory.""

Concept Drift: This is more critical. It occurs when the relationship between the input and the output changes, even if the input data looks the same.

How to detect: I would monitor performance metrics (Accuracy, Precision, Recall) over time. For example, a ""Housing Price"" model will fail if interest rates suddenly double; the house features (size, location) haven't changed, but their value in the market has.

Upstream Data Pipeline Issues: Sometimes ""drift"" is actually a technical failure. I would check if a sensor is broken, a database schema changed, or a specific feature is suddenly missing (returning nulls).

2. Immediate Actions and Mitigation
Once the cause is identified, I would execute the following steps:

A. Re-training the Model
The most common fix is to update the model’s knowledge.

Sliding Window Re-training: I would re-train the model using the most recent data (e.g., the last 3 months) while dropping the oldest, now-irrelevant data.

Incremental Learning: If the model supports it, I would update the existing model with new data points rather than starting from scratch.

B. Data Quality Correction
If the issue is an upstream pipeline failure:

Fix the broken sensor or revert the database change.

Implement ""Data Validation"" checks at the API gateway to catch inconsistent data before it reaches the model.

C. Model Fallback and Threshold Adjustment
Business Rules: If the model is highly uncertain, I would implement a ""fallback"" where a human-in-the-loop or a simple heuristic (rule-based system) takes over the decision.

Threshold Tuning: If a classification model is becoming too ""aggressive,"" I might adjust the probability threshold (e.g., moving it from 0.5 to 0.7) to maintain precision at the cost of recall.

3. Long-term Prevention (MLOps Strategy)
To prevent this from becoming a crisis in the future, I would implement:

Automated Alerting: Set up monitors that trigger an email or Slack alert the moment the data distribution shifts beyond a specific threshold.

Champion-Challenger Testing: I would run a ""Shadow Model"" (a new version) in the background alongside the ""Champion"" (the live version). I can then compare their performance on live data before deciding to switch.

Standardized Data Versioning: Using tools like DVC (Data Version Control) to track exactly which version of the data produced which version of the model.",
T028,A-5,5. You need to evaluate and compare two machine learning models.Explain how you would decide which model is better without using mathematicalmetrics.,5,"Deciding which machine learning model is ""better"" often involves practical, real-world constraints that numbers like accuracy or error rates don't fully capture. To evaluate models without relying on mathematical metrics, I would focus on operational utility, reliability, and business alignment.

1. Interpretability and ""The Why""
I would evaluate which model provides more transparency into its decision-making process. In many industries, a model that is slightly less accurate but can be easily explained is superior to a high-performing ""black box.""

Logic Check: Can a human look at the model's logic (e.g., a Decision Tree's branches) and agree that it makes sense?

Trust: If the model predicts a loan denial, can we identify which specific features (income, credit history) triggered that result? A model that aligns with human domain expertise is often ""better"" for long-term use.

2. Computational Efficiency and Speed
A model's performance is irrelevant if it is too slow or expensive to run in a production environment.

Latency: How quickly does the model produce a result? For a self-driving car or a high-frequency trading bot, a ""faster"" model is better than a ""perfect"" one that takes too long to think.

Resource Usage: Does the model require massive amounts of memory or expensive GPUs? A lightweight model that runs on a standard smartphone is better for consumer-facing apps than one requiring a massive server farm.

3. Robustness to ""Messy"" Data
I would test how the models handle unexpected or low-quality data that wasn't present during their training.

Handling Outliers: If I feed the model a clearly ""weird"" data point, does it produce a sensible prediction or does it crash/output nonsense?

Missing Information: How does the model behave when some input fields are empty? A model that remains stable despite missing data is practically better for real-world applications where data is rarely perfect.

4. Qualitative Error Analysis
Instead of looking at a total error score, I would look at the types of mistakes each model makes.

The Cost of Failure: In a medical setting, a model that misses a disease (False Negative) is much worse than a model that triggers a false alarm (False Positive). I would choose the model whose mistakes are the ""safest"" or ""cheapest"" for the specific use case.

Consistency: Does the model give consistent answers for similar inputs, or do tiny changes in the data cause wild swings in the prediction?

5. Ease of Maintenance and Deployment
I would consider the long-term ""lifecycle"" of the model.

Training Simplicity: How difficult is it to update the model with new data? A model that requires weeks of manual ""feature engineering"" is often less desirable than one that can be retrained automatically.

Scalability: Is the model architecture flexible enough to handle a 10x increase in data or users without breaking?

6. Fairness and Ethical Alignment
Finally, I would inspect the models for unintended biases.

Demographic Parity: Does one model show a pattern of failing more often for a specific group of people (e.g., gender or age)? Even if both models have the same overall accuracy, the one that treats all subgroups more equitably is the better choice.",
T029,A-a,a. Explain the concept of model robustness in machine learning.Discuss why robustness is important and how it can be improved in learning systems.,5,"Model robustness refers to a machine learning model's ability to maintain its performance and produce reliable predictions even when faced with ""perturbed"" data. This includes handling noise, outliers, or deliberate attempts to trick the model, such as adversarial attacks.+1A robust model doesn't just work on the clean data it saw in the ""lab""; it holds up against the messy, unpredictable reality of the real world.Why Robustness is ImportantWithout robustness, a model is fragile. Its importance is highlighted in three main areas:Safety in Critical Systems: In applications like self-driving cars or medical diagnosis, a small amount of noise (like a sticker on a stop sign or a smudge on an X-ray) shouldn't cause the model to make a catastrophic error.Defense Against Adversarial Attacks: In cybersecurity, hackers may use ""adversarial examples""—input data with slight, invisible modifications designed to force the model into making a wrong prediction (e.g., tricking a facial recognition system with a specific pattern on glasses).Generalization to New Environments: Data ""drifts"" over time. A robust model is less likely to fail when the environment changes slightly from the original training conditions.+1How to Improve Model RobustnessImproving robustness involves making the model ""sturdier"" during the training phase so it isn't easily swayed by anomalies.Adversarial Training: This involves intentionally including adversarial examples in the training dataset. By ""showing"" the model these tricks during training, it learns to ignore the noise and focus on the true features.Data Augmentation: By adding random noise, rotations, or color shifts to the training data, you force the model to learn patterns that are invariant to these changes.Regularization: Techniques like $L1$ and $L2$ regularization prevent the model from becoming too sensitive to any single input feature, which reduces the impact that one ""noisy"" variable can have on the final result.Ensemble Methods: Combining multiple models (like a Random Forest) often improves robustness because a single outlier is less likely to influence the majority vote of the entire group.Denoising Autoencoders: These are specific neural network architectures designed to take noisy input and ""clean"" it before making a prediction, essentially acting as a filter for the model.",
T029,A-b,b. Describe the role of data representation in machine learning.Explain how different ways of representing data can affect learning outcomes.,5,"Data representation—often called feature encoding or data modeling—is the way raw information is structured and presented to a machine learning algorithm. Computers cannot ""see"" a photograph or ""read"" a contract; they can only process tensors (multidimensional arrays of numbers).

How you choose to map real-world concepts into these numbers determines whether a model can find a solution or if it will be hopelessly lost in the data.

The Role of Data Representation
Data representation acts as the ""language"" through which the model perceives the world. Its primary roles include:

Exposing Patterns: A good representation makes the underlying relationship between features and the target variable obvious.

Dimensionality Management: It determines how much space the data occupies. Too many dimensions (features) can lead to the ""Curse of Dimensionality,"" where data becomes too sparse for the model to learn.

Information Density: It ensures that the model receives the most important information while filtering out irrelevant noise.

How Different Representations Affect Learning Outcomes
The way you represent data can drastically change a model's performance, even if the underlying information is identical.

1. Numeric vs. Categorical Representation
Machine learning models (especially those based on linear algebra) expect numbers.

Ordinal Encoding: Assigning numbers based on rank (e.g., Small=1, Medium=2, Large=3). This tells the model there is a logical order.

One-Hot Encoding: Creating separate columns for categories (e.g., Is_Red, Is_Blue). If you use Ordinal encoding for colors (Red=1, Blue=2), the model might mistakenly think Blue is ""greater than"" or ""twice as much as"" Red, leading to incorrect mathematical assumptions.

2. Raw vs. Transformed Continuous Data
The scale and distribution of numbers affect how models ""weight"" information.

Unscaled Data: If one feature is ""Annual Salary"" ($50,000–$200,000) and another is ""Age"" (18–80), the model will assume the salary is much more important simply because the numbers are larger.

Normalized Representation: By scaling all values to a range between 0 and 1, you ensure the model treats all features with equal importance during the learning process.

3. Structured vs. Latent (Embedded) Representations
Bag-of-Words: Representing text by counting how many times each word appears. This is simple but loses the context and meaning of sentences.

Embeddings: Representing words as high-dimensional vectors (e.g., Word2Vec). This allows the model to understand that ""King"" and ""Queen"" are related in a way that ""King"" and ""Toaster"" are not. This representation is the foundation of modern Large Language Models (LLMs).

4. Time-Series Representation
Absolute vs. Relative: If you represent time as a specific date, the model may struggle to generalize. If you represent it as ""Days since last purchase,"" the model can more easily identify cycles and behavioral patterns.",
T029,A-c,"c. Discuss the challenges involved in scaling machine learning systems.Explain issues related to data size, model complexity, infrastructure, and maintenance.",5,"Scaling a machine learning system is the process of transitioning from a successful experimental model to a high-capacity system capable of serving millions of users. This transition introduces a series of bottlenecks that are rarely present during the initial development phase.

1. Data Size and Management
As the volume of data grows from gigabytes to petabytes, traditional data handling methods become unusable.

Storage and Retrieval: Standard databases may not be able to fetch data fast enough for real-time predictions. This requires the use of distributed storage systems (like HDFS) and specialized data formats (like Parquet).

Data Pipelines: Scaling requires robust ETL (Extract, Transform, Load) pipelines. If the data cleaning process takes longer than the interval between new data arrivals, the system will eventually lag or crash.

Data Versioning: Keeping track of which specific version of a massive dataset was used to train a specific model is incredibly difficult but necessary for auditing and debugging.

2. Model Complexity
More complex models (like Deep Neural Networks) are harder to scale because they require more ""math"" per prediction.

Training Time: Large models can take weeks to train on a single machine. Scaling requires Distributed Training, where the model is split across multiple GPUs or TPUs.

Inference Latency: A complex model might be highly accurate but too slow for a live application. Scaling often involves ""Model Compression"" techniques like Pruning (removing unnecessary neurons) or Quantization (reducing the precision of the numbers) to speed up response times.

3. Infrastructure Challenges
Moving to production at scale requires a shift from a ""research"" environment to a ""software engineering"" environment.

Compute Resources: Scaling requires elastic infrastructure (Cloud services like AWS or GCP) that can automatically add more servers during peak traffic and remove them during quiet periods to save costs.

Orchestration: Managing hundreds of different model versions and services requires tools like Kubernetes to ensure that if one server fails, another takes its place instantly without the user noticing.

Cost Management: The electricity and hardware costs for running massive ML models can scale exponentially. Efficiency becomes a primary design goal rather than an afterthought.

4. Maintenance and Monitoring (MLOps)
A scaled system is a ""living"" entity that requires constant oversight.

Model Decay and Monitoring: At scale, you must monitor for ""Concept Drift"" across different regions or demographics. A model might be failing in Europe but working fine in Asia; identifying these localized failures is a massive monitoring challenge.

Continuous Integration/Continuous Deployment (CI/CD): Updating a live model without taking the service offline is complex. It requires ""Blue-Green"" or ""Canary"" deployments, where the new model is slowly rolled out to a small percentage of users first.

Feedback Loops: At scale, the model's own predictions can influence future data. For example, if a recommendation engine only shows certain products, the model will only receive data about those products, creating a biased ""echo chamber"" that must be managed.",
T029,A-d,d. Explain the concept of transfer of knowledge in machine learning.Discuss how previously learned information can improve learning in new tasks.,5,"Transfer of Knowledge, commonly known in the industry as Transfer Learning, is a machine learning technique where a model developed for one task is reused as the starting point for a model on a second, related task.

Instead of starting the learning process from a ""blank slate"" (random initialization), the model leverages the features, patterns, and hierarchies it already mastered during its initial training.

How Previously Learned Information Improves New Tasks
In traditional machine learning, every task is isolated. If you want to train a model to recognize skin cancer, you start from scratch. In Transfer Learning, you might take a model already trained on millions of general images (like dogs, cars, and trees) and ""transfer"" its understanding of visual structures to the medical task.

1. Feature Extraction (The ""Basics"")
In deep learning, the early layers of a neural network usually learn universal features—such as edges, shapes, and textures. These ""building blocks"" are the same whether the model is looking at a cat or a chest X-ray. By reusing these layers, the new model doesn't have to waste time relearning what an ""edge"" is.

2. Lower Data Requirements
One of the biggest hurdles in ML is the need for massive datasets. Transfer learning allows you to achieve high accuracy with a very small amount of data for the new task because the model already understands the ""language"" of the data (be it pixels or words).

3. Faster Convergence (Speed)
Because the model starts with weights that are already optimized for a similar problem, it reaches a high level of performance much faster than a model starting from scratch. This significantly reduces the computational cost and time required for training.

Common Applications of Knowledge Transfer
Computer Vision: Models pre-trained on the ImageNet dataset are frequently used as the foundation for specialized tasks like identifying rare plant diseases or autonomous vehicle navigation.

Natural Language Processing (NLP): Large models like BERT or GPT are trained on nearly the entire internet. Developers then ""fine-tune"" these models for specific tasks, such as sentiment analysis for a particular brand or legal document summarization.",
T029,A-e,"e. Describe the responsibilities of an ML engineer after model deployment.Explain tasks related to monitoring, updating, documentation, and ethical compliance.",5,"In the machine learning lifecycle, deployment is not the finish line—it is the starting line for a model's real-world impact. Once a model is live, the ML Engineer transitions from a ""creator"" to a ""guardian,"" ensuring the system remains accurate, safe, and efficient.

1. Monitoring and Performance Tracking
A model's performance in the lab rarely stays the same in the real world. The ML Engineer must build and maintain monitoring systems to track:

Model Health: Monitoring metrics like Latency (how long a prediction takes) and Throughput (how many requests the system handles).

Predictive Quality: Tracking real-world accuracy. If a model predicts a user will click an ad but they don't, the engineer logs this ""ground truth"" to measure the Precision/Recall decay.

Data and Concept Drift: Detecting if the incoming data has changed (e.g., a new slang term in a sentiment analysis model) or if the relationship between features has shifted.

2. Iterative Updating and Retraining
When monitoring detects a drop in performance, the engineer must intervene to refresh the model’s knowledge.

Automated Retraining Pipelines: Setting up ""triggers"" that automatically kick off a new training job when performance dips below a certain threshold.

Champion-Challenger Testing: Before replacing a live model, the engineer deploys the new version in ""Shadow Mode"" to see if it actually performs better on live data than the current version.

Version Control: Managing the Model Registry, ensuring that every update is logged so the team can ""roll back"" to a previous version if the new update causes errors.

3. Documentation and Reproducibility
Post-deployment documentation is critical for the long-term survival of the project, especially when team members change.

Model Cards: Creating standardized documents that detail the model's intended use, the datasets used for training, and its known limitations.

System Architecture: Documenting the deployment pipeline, including how data flows from the user to the model and back.

Reproducibility Logs: Keeping track of the exact environment (library versions, hardware specs) and hyperparameters used so the model can be perfectly recreated if needed.

4. Ethical Compliance and Auditing
The ML Engineer is responsible for ensuring the model continues to operate within ethical and legal boundaries.

Bias Auditing: Regularly testing the live model to ensure it isn't developing ""algorithmic bias"" against specific demographic groups over time.

Privacy Protection: Ensuring that the deployment environment complies with regulations like GDPR or CCPA, specifically regarding how user data is stored and whether it is being used to retrain models without consent.

Explainability Requests: Building ""Explainability APIs"" that allow the company to provide a reason for a specific model decision if a customer or regulator asks (e.g., ""Why was my loan denied?"").",
T029,B-a,a. What is model generalization in machine learning?,2,"Model generalization is a model's ability to accurately predict outcomes for new, unseen data that was not part of its training set. A well-generalized model learns the underlying ""signal"" or patterns of the data rather than just memorizing the ""noise"" (specific quirks and errors).
+1

If a model generalizes poorly, it either underfits (is too simple to see patterns) or overfits (memorizes the training data too closely). Achieving high generalization is the ultimate goal of machine learning, ensuring the system remains reliable and useful in real-world applications.
+1",
T029,B-b,b. Define training dataset.,2,"A training dataset is the initial set of data used to teach a machine learning algorithm how to identify patterns and make decisions. It consists of input-output pairs where the model processes the ""features"" and compares its predictions against the ""ground truth"" labels.

By iteratively adjusting its internal parameters to minimize error on this specific set, the model develops its predictive logic. It serves as the model’s primary ""knowledge base,"" directly influencing its final accuracy and behavior",
T029,B-c,c. What is unsupervised learning?,2,"Unsupervised learning is a type of machine learning where the algorithm is trained on data that has no predefined labels or categorized outcomes. Unlike supervised learning, there is no ""teacher"" providing the correct answers; instead, the model explores the data to discover hidden patterns, structures, or anomalies on its own.

It is primarily used for:

Clustering: Grouping similar data points together (e.g., customer segmentation).

Association: Finding rules that describe large portions of data (e.g., people who buy coffee also buy sugar).

Dimensionality Reduction: Simplifying data while keeping its essential information.",
T029,B-d,d. What do you mean by features in ML?,2,"In machine learning, features are the individual, independent variables that act as input signals for a model. They represent the measurable properties or characteristics of the data being analyzed.

For example, if you are building a model to predict house prices, the features would be the square footage, number of bedrooms, and neighborhood. The model uses these specific data points to learn how they correlate with the final price. Choosing the right features—a process called feature engineering—is often the most important step in determining a model's success, as it provides the essential ""clues"" the algorithm needs to make a prediction.",
T029,B-e,e. What is a machine learning algorithm?,2,"A machine learning algorithm is a mathematical procedure or set of rules that allows a computer to ""learn"" from data without being explicitly programmed for a specific task. It acts as the engine that explores datasets to identify patterns and build a logic-based model.

The algorithm processes inputs, calculates the error between its prediction and the reality, and automatically adjusts its internal settings to improve over time. Essentially, while traditional programming requires a human to provide the rules, a machine learning algorithm uses data to create its own rules.",
T029,B-f,f. Define overfitting.,2,"Overfitting occurs when a machine learning model learns the training data ""too well,"" capturing not only the underlying patterns but also the random noise and fluctuations. This results in a model that performs exceptionally on training data but fails to predict accurately on new, unseen data.

Essentially, the model has memorized the specific examples it was shown instead of learning to generalize. It treats unique outliers as universal rules, leading to high variance. Overfitting is often caused by using a model that is too complex for the amount of data available.",
T029,B-g,g. What is data preprocessing?,2,"Data preprocessing is the process of transforming raw, ""messy"" data into a clean and structured format suitable for a machine learning model. Raw data is often incomplete, inconsistent, and contains errors; preprocessing ensures the model receives high-quality information to produce accurate results.

Key steps include:

Cleaning: Handling missing values and removing noise/outliers.

Transformation: Scaling numbers (normalization) and converting text into numbers (encoding).

Reduction: Removing redundant or irrelevant features to simplify the dataset.

Without this stage, the model follows the ""Garbage In, Garbage Out"" rule, leading to poor performance regardless of how complex the algorithm is.",
T029,B-h,h. What is a prediction in machine learning?,2,"In machine learning, a prediction is the output generated by a trained model when it is given a new set of input data. It represents the model’s ""best guess"" or probabilistic estimate of an outcome based on the patterns it learned during its training phase.

Predictions generally fall into two categories:

Discrete Labels: In classification, the prediction is a category (e.g., ""Spam"" or ""Not Spam"").

Continuous Values: In regression, the prediction is a specific number (e.g., a house price of $350,000).

The accuracy of a prediction depends on how well the model has generalized the relationship between features and targets.",
T029,B-i,i. Define model evaluation.,2,"Model evaluation is the process of using different metrics and techniques to measure how well a machine learning model performs, typically on a dataset it has never seen before (the test set). Its primary goal is to determine the model's accuracy, reliability, and its ability to generalize to real-world data.

By evaluating a model, engineers can identify issues like overfitting or underfitting and decide if the model is ready for deployment. Common evaluation tools include:

Confusion Matrices for classification tasks.

Mean Squared Error (MSE) for regression tasks.

Cross-Validation to ensure the results are consistent across different data samples.",
T029,B-j,j. What is learning from experience in ML?,2,"Learning from experience in machine learning is the process by which an algorithm improves its performance on a specific task through exposure to data, rather than through manual reprogramming. In this context, ""experience"" ($E$) is represented by the historical data or interactions the system processes.As the algorithm analyzes more examples, it identifies patterns and correlations, adjusting its internal parameters to reduce errors. According to Tom Mitchell's classic definition, a computer program is said to learn from experience ($E$) with respect to a task ($T$) and performance measure ($P$), if its performance at task $T$, as measured by $P$, improves with experience $E$.",
T030,A-1,1. Explain the concept of hypothesis space in machine learning.,3,"In machine learning, the hypothesis space (denoted as $\mathcal{H}$) is the set of all possible functions or ""rules"" that an algorithm can consider to map inputs to outputs. When you choose a specific model—like a linear regression or a decision tree—you are defining the boundaries of this space.The learning process is essentially a search through this space to find the single hypothesis ($h$) that best fits the training data. If the hypothesis space is too small, the model may be too simple to capture the data's complexity (underfitting). If it is too large or complex, the model might find a rule that fits the noise perfectly but fails on new data (overfitting).",
T030,A-2,2. Describe the importance of trainingâ€”testing separation in ML experiments.,3,"The training–testing separation is a fundamental principle in machine learning that ensures the validity of an experiment. It involves splitting your data into two distinct sets: the training set, used to build the model, and the test set, used exclusively to evaluate it.

Why This Separation is Vital
Measuring Generalization: The primary goal of ML is to predict outcomes for data the model has never seen. Using a separate test set provides an unbiased estimate of how the model will perform in the real world.

Detecting Overfitting: If a model performs perfectly on the training data but poorly on the test data, it has ""memorized"" the training noise rather than learning general patterns. Without a test set, this failure would go unnoticed until the model is deployed.

Unbiased Evaluation: If you evaluate a model on the same data used to train it, the results will be deceptively high. This is known as data leakage, which leads to ""optimism bias"" where you believe your model is much better than it actually is.

Standard Practice
Typically, researchers use a 70/30 or 80/20 split. To ensure even higher reliability, they may also use a validation set during the tuning phase to prevent the model from ""accidentally"" learning the characteristics of the test set through repeated adjustments.",
T030,A-3,3. Explain how assumptions affect learning algorithms.,3,"Assumptions in machine learning, known as Inductive Bias, are necessary shortcuts that allow an algorithm to generalize from limited data. Without them, a model could not predict unseen outcomes because it would consider every possible mathematical relationship equally likely.

Assumptions affect the Bias-Variance Tradeoff:

Strong Assumptions (High Bias): Models like Linear Regression assume a specific structure (e.g., linearity). This simplifies learning and prevents overfitting but may lead to underfitting if the data is complex.

Weak Assumptions (Low Bias): Models like Decision Trees make fewer assumptions, allowing them to fit complex data, but they risk overfitting by treating random noise as a rule.

The effectiveness of an algorithm depends entirely on whether its internal assumptions align with the actual ""ground truth"" of the data.",
T030,A-4,4. What is the role of validation in model development?,3,"Validation is a crucial step in model development used to tune hyperparameters and select the best version of a model before final testing. It involves a ""validation set""—a portion of data hidden from the training process but used to evaluate performance during the development phase.

Its primary roles include:

Hyperparameter Tuning: It helps engineers decide settings like learning rates or tree depth without ""contaminating"" the final test data.

Early Stopping: By monitoring validation error, developers can stop training the moment the model starts to overfit.

Model Selection: It allows for a fair comparison between different algorithms (e.g., comparing a Random Forest to a Neural Network) to see which generalizes better.",
T030,A-5,5. Describe the concept of inductive learning in machine learning.,3,"Inductive learning is the process of reaching general conclusions from specific examples. In machine learning, an inductive algorithm analyzes a training dataset to find patterns and creates a generalized ""rule"" or function that can be applied to new, unseen data.

It operates on the Inductive Learning Hypothesis, which assumes that a hypothesis that fits the training data well will also perform accurately on future data. Instead of being given explicit rules (like traditional programming), the system ""inducts"" its own logic.

The success of inductive learning depends on the quality of the data and the inductive bias, which helps the model choose the most likely rule from many possible options.",
T030,A-6,6. Explain the impact of noisy data on machine learning models.,3,"Noisy data refers to corrupted, distorted, or irrelevant information within a dataset, such as incorrect labels, missing values, or ""outliers"" that don't follow the general trend. Its impact on machine learning models is primarily negative, leading to poor performance and unreliable predictions.

The key impacts include:

Overfitting: A complex model may mistake noise for a real pattern, ""memorizing"" errors instead of learning the true underlying signal.

Reduced Accuracy: Noise obscures the relationship between features and targets, making it difficult for the algorithm to find the optimal mathematical function.

Increased Training Time: Algorithms may struggle to converge or reach a stable state as they try to account for contradictory data points.

To mitigate this, data cleaning and robust algorithms (like Random Forests) are used to filter out or ignore these inconsistencies.",
T030,A-7,7. What is the difference between model fitting and model selection?,3,"Model fitting and model selection are distinct stages in the machine learning pipeline, though both are essential for creating a reliable system.

Model fitting is the process of training a specific algorithm on a dataset to find the best internal parameters (like weights in a neural network). The goal is to minimize error on the training data. It is essentially the ""learning"" phase where a single model adapts its shape to follow the data points.

Model selection, on the other hand, is the higher-level process of choosing which type of model or architecture to use in the first place. This involves comparing different algorithms (e.g., a Decision Tree vs. a Support Vector Machine) or different configurations (hyperparameters) to see which one generalizes best to validation data.

While fitting focuses on optimization, selection focuses on evaluation and choosing the best overall strategy.",
T030,A-8,8. Explain the concept of ensemble diversity and why it matters.,3,"Ensemble diversity refers to the degree of difference between the individual models (base learners) that make up an ensemble. For an ensemble to be effective, its members must make different types of errors. If every model in the group is identical, the collective prediction will simply repeat the same mistakes.

Diversity matters because:

Error Cancellation: When diverse models disagree, their individual errors often average out, leading to a more stable and accurate final output.

Improved Generalization: A diverse set of models captures different ""views"" of the data, reducing the risk of overfitting to a specific pattern.

Robustness: It makes the system less sensitive to noise or outliers in the training set.

Techniques like Bagging (using different data subsets) and Boosting (focusing on different errors) are specifically designed to force this diversity.",
T030,A-9,9. Describe the lifecycle of a machine learning model from creation to retirement.,3,"The lifecycle of a machine learning model, often called MLOps, is a continuous loop of development, deployment, and monitoring. It ensures a model remains accurate as real-world data changes.

1. Discovery and Data Preparation
The process begins by defining the problem and gathering data. This data is then cleaned and transformed during data preprocessing to ensure the model receives high-quality inputs.
+1

2. Model Building and Validation
In this stage, developers select an algorithm and perform model fitting. The model is tuned using a validation set to optimize hyperparameters and prevent overfitting before it is finalized.

3. Deployment and Monitoring
Once ready, the model is integrated into a production environment to make real-time predictions. However, performance often drops over time due to data drift (changes in real-world patterns), requiring constant monitoring.

4. Retraining and Retirement
If performance falls below a threshold, the model is retrained with fresh data. Eventually, if the underlying problem changes fundamentally or a superior architecture emerges, the model is retired and replaced.",
T030,A-10,10.Explain the importance of documentation in ML projects.,3,"Documentation in machine learning is the ""source of truth"" that ensures a project is reproducible, transparent, and maintainable. Unlike traditional software, ML systems are defined by code, data, and model parameters, making documentation even more critical.

Why Documentation is Vital
Reproducibility: ML experiments involve many moving parts. Documenting the specific data preprocessing steps and hyperparameters used allows others to recreate the exact same results.

Transparency and Ethics: ""Model Cards"" document a model's limitations, intended use cases, and potential biases. This is essential for ensuring fairness and safety in deployment.

Knowledge Transfer: In team environments, documentation prevents ""silos."" It explains the inductive bias and reasoning behind choosing one algorithm over another, helping new members understand the system.

Auditability and Compliance: In regulated industries (like finance or healthcare), documentation provides a trail of how predictions are made, which is necessary for legal and safety audits.",
T030,A-11,11.What is meant by reproducibility in machine learning experiments?,3,"Reproducibility in machine learning is the ability for an independent researcher to achieve the exact same results (model performance, weights, and predictions) using the same data, code, and experimental setup. Unlike traditional software, ML is inherently stochastic (random), making consistency a significant challenge.

Why it is Difficult
ML models often rely on random initializations, such as:

Weight Initialization: Starting values for neural networks.

Data Shuffling: The order in which data is fed into the model.

Train-Test Splits: Which specific rows end up in which set.

How it is Achieved
To ensure reproducibility, practitioners must document and ""fix"" these variables. This involves:

Setting a Random Seed: Forcing the computer to generate the same ""random"" numbers every time.

Version Control: Using tools like Git for code and DVC (Data Version Control) for datasets.

Environment Locking: Using Docker or virtual environments to ensure the same software versions (e.g., Python 3.10, Scikit-learn 1.2) are used.",
T030,A-12,12.Explain how ethical considerations influence ML system design.,3,"Ethical considerations act as a set of constraints that guide how an ML system is built, moving the focus from pure accuracy to fairness, accountability, and transparency.

Key Influences on Design:
Bias Mitigation: Ethics force developers to audit data preprocessing for historical biases. If a dataset is unrepresentative, the system must be redesigned using techniques like oversampling or synthetic data to ensure fair treatment of all groups.

Explainability: In high-stakes areas like medicine, designers choose ""interpretable"" models (like Decision Trees) over ""black-box"" ones (like Deep Learning) so that predictions can be explained and justified.

Privacy by Design: Ethical design incorporates ""Differential Privacy"" or ""Federated Learning,"" ensuring that the model learns patterns without compromising the sensitive personal data of individuals.",
T031,A-1,1. Explain the concept of concept learning in machine learning.,5,"Concept learning is a foundational form of inductive learning where an algorithm infers a boolean-valued function—a ""concept""—from a set of training examples. It is essentially the process of searching through a predefined hypothesis space ($\mathcal{H}$) to find a hypothesis ($h$) that best distinguishes between positive and negative instances of a specific category.Key Components of Concept LearningTarget Concept ($c$): The actual, hidden rule we want the machine to learn (e.g., ""Days suitable for water sports"").Instances ($X$): The set of items being classified, defined by attributes like ""Weather,"" ""Temperature,"" or ""Humidity.""Hypothesis Space ($\mathcal{H}$): The set of all possible rules the learner considers.Training Examples: Data points labeled as positive (+) or negative (-) for the concept.The Search and Version SpaceConcept learning is viewed as a search problem. The learner moves through the hypothesis space using a General-to-Specific ordering.Most Specific Hypothesis ($S$): Constraints are as tight as possible (e.g., ""Only a sunny, warm, low-humidity day is a sport day"").Most General Hypothesis ($G$): Constraints are loose (e.g., ""Any day is a sport day"").The set of all hypotheses that are consistent with the training data is called the Version Space. As the model processes more ""Experience,"" it narrows this space until it finds the most accurate rule. This process relies on the Inductive Learning Hypothesis, which assumes that a rule that fits the training data well will also accurately predict future instances.",
T031,A-2,2. Describe the importance of data consistency in training ML models.,5,"Data consistency refers to the uniformity and reliability of information across a dataset. In machine learning, it ensures that the same real-world entity or event is represented in the same way every time it appears. Without consistency, an algorithm receives conflicting signals, leading to a degraded hypothesis space and poor performance.

1. Reliable Pattern Recognition
Machine learning models learn by identifying statistical relationships between features and targets. If data is inconsistent—for example, if a ""City"" feature contains ""New York,"" ""NY,"" and ""N.Y.C.""—the model treats these as three distinct categories. This splits the signal, making it harder for the model to ""see"" the true pattern associated with that location, leading to underfitting.

2. Preventing ""Garbage In, Garbage Out""
The quality of a model's predictions is strictly limited by the quality of its training data. Inconsistent data acts as a form of noise. When a model is trained on ""garbage"" (contradictory or messy data), it produces unreliable outputs. Maintaining consistency during data preprocessing ensures that the mathematical function the model learns is based on facts rather than formatting errors.

3. Model Generalization and Stability
Consistency between the training set and the test set is vital. If the training data uses one unit of measurement (e.g., Celsius) and the test data uses another (e.g., Fahrenheit) without a consistent standard, the model will fail completely. Uniform data allows the model to develop a stable inductive bias, ensuring that the rules learned during training remain valid when applied to new, real-world instances.",
T031,A-3,3. What is the role of constraints in machine learning algorithms?,5,"n machine learning, constraints are the formal boundaries or ""rules of the game"" that limit the search for a solution. They act as a guide, preventing the algorithm from choosing an overly complex or physically impossible function within the hypothesis space.1. Defining the Search SpaceWithout constraints, an algorithm would have an infinite number of ways to map inputs to outputs. Constraints help define the Inductive Bias, narrowing down the possible functions to those that are useful and computationally feasible. For example, a linear constraint forces the model to only look for straight-line relationships, significantly speeding up the learning process.2. Preventing OverfittingOne of the most common roles of constraints is Regularization. By adding a mathematical penalty to the size of the model's weights (such as $L1$ or $L2$ regularization), we constrain the model's complexity. This prevents the model from ""memorizing"" noise in the training set, ensuring that the resulting hypothesis is smooth and generalizes well to new, unseen data.3. Incorporating Domain KnowledgeConstraints allow human experts to ""inject"" logic into a machine. For instance, in a physics-informed neural network, constraints might ensure that the model’s predictions never violate the laws of thermodynamics or gravity. This ensures that even if the data is messy, the model's output remains physically plausible.4. Ensuring Fairness and SafetyIn modern ML, constraints are used to enforce ethical boundaries. Developers can add ""fairness constraints"" to ensure that the model’s error rate is equal across different demographic groups, preventing the algorithm from learning biased patterns found in historical data.",
T031,A-4,4. Explain the difference between model performance and model reliability.,5,"While the terms are often used interchangeably, model performance and model reliability represent two distinct dimensions of a machine learning system's success. Performance tells us how well a model can do, while reliability tells us if we can trust it to keep doing it.

1. Model Performance: The ""Snapshot"" Metric
Performance is a quantitative measure of how accurately a model maps inputs to outputs on a specific dataset. It is typically calculated using static metrics like Accuracy, Precision, Recall, or F1-Score.

Focus: Accuracy and error minimization.

Measurement: Performance is usually measured during the testing phase using a fixed test set.

Context: It answers the question: ""How many correct predictions did the model make on this specific data?""

2. Model Reliability: The ""Consistency"" Factor
Reliability refers to the stability and consistency of the model’s performance over time and across different conditions. A reliable model behaves predictably even when faced with minor fluctuations in input data or environmental changes.

Focus: Robustness and trust.

Measurement: Reliability is assessed through stress testing, uncertainty estimation, and monitoring for data drift.

Context: It answers the question: ""Will the model still work if the lighting changes, or if the user's behavior shifts slightly tomorrow?""

The Core Difference
A model can have high performance but low reliability. For example, a medical AI might be 99% accurate on high-resolution scans (high performance) but fail completely on slightly blurry images from a different hospital (low reliability).

In professional ML development, achieving high performance is the first step, but ensuring reliability is what makes a model ready for the real world.",
T031,A-5,5. Describe how feedback is used to improve machine learning systems.,5,"Feedback serves as the ""corrective signal"" that allows a machine learning system to evolve from a static mathematical function into an adaptive intelligence. It is the mechanism through which a model learns from its mistakes and aligns its outputs with human or environmental expectations.

1. Training Phase: Error Feedback
During model fitting, feedback is purely mathematical. An optimization algorithm (like Gradient Descent) uses a loss function to measure the ""distance"" between the model's prediction and the actual ground truth. This feedback is sent backward through the system (Backpropagation) to adjust internal weights, effectively telling the model, ""Your prediction was too high; lower your weights next time.""

2. Development Phase: Validation Feedback
During the validation stage, feedback helps in model selection. Performance on a validation set tells developers if the current architecture is failing due to overfitting or underfitting. This feedback loop results in hyperparameter tuning—adjusting settings like learning rates or tree depth—to optimize the model before it ever reaches a user.

3. Production Phase: Human-in-the-Loop
In the real world, feedback often comes from users. For example, when you mark an email as ""Not Spam,"" you provide a direct feedback signal. Techniques like Reinforcement Learning from Human Feedback (RLHF) use these signals to fine-tune complex models (like LLMs), ensuring their behavior remains helpful and safe.

4. Continuous Improvement and Retraining
Feedback loops also monitor for data drift. If a model's real-world accuracy drops, this performance feedback triggers a ""retraining"" cycle. Fresh data is collected, often including the cases where the model previously failed, ensuring the system remains relevant as environmental conditions change.",
T032,A-a,"a. Explain the complete machine learning lifecycle, from problem definition to model maintenance.",5,"The machine learning lifecycle, often referred to as MLOps, is an iterative process that ensures a model remains accurate and relevant in a changing real-world environment. It is not a linear path but a continuous loop of improvement.

1. Problem Definition and Data Collection
The lifecycle begins by identifying a business or scientific problem and defining the specific target concept to be predicted. Once the goal is set, data is gathered from various sources. This is the most critical stage, as the quality of the data determines the model's potential.

2. Data Preprocessing and Exploration
Raw data is rarely ready for an algorithm. It must be cleaned to handle noisy data (outliers, missing values) and transformed into a consistent format. Exploratory Data Analysis (EDA) is performed to understand underlying patterns and correlations.

3. Model Building (Fitting and Selection)
During this stage, developers choose an algorithm and perform model fitting on the training set. They use a validation set for model selection, comparing different architectures and tuning hyperparameters to find the best balance in the bias-variance tradeoff.

4. Evaluation and Testing
Before deployment, the final model is evaluated on a ""hold-out"" test set it has never seen before. This provides an unbiased measure of its generalization capabilities and ensures it hasn't overfitted to the training noise.

5. Deployment and Monitoring
The model is integrated into a production system to provide real-time predictions. However, its work isn't done; engineers must monitor it for data drift, where changes in real-world data cause the model's performance to decay over time.

6. Maintenance and Retraining
If monitoring reveals a drop in model reliability, the lifecycle loops back. The model is retrained with fresh data or replaced with a new version that incorporates updated assumptions or architectures.",
T032,A-b,b. Discuss the importance of feature representation and how it influences learning outcomes in ML systems.,5,"Feature representation, or feature engineering, is the process of transforming raw data into a numerical format that a machine learning algorithm can understand. In ML, the ""representation"" of data is often more important than the algorithm itself, as it defines the hypothesis space the model can explore.

1. Shaping the Learning Surface
Algorithms do not ""see"" objects; they see coordinates in a multi-dimensional space. How features are represented determines whether a pattern is easy or impossible to find. For example, representing a date as a raw string is useless, but converting it into ""Day of the Week"" or ""Is Holiday"" allows the model to capture seasonal trends.

2. Reducing Noise and Dimensionality
Good representation filters out noisy data and focuses on the ""signal."" Techniques like Principal Component Analysis (PCA) or feature selection remove irrelevant information that could lead to overfitting. By reducing the number of input variables, we simplify the model's task, improving both training speed and model performance.
+1

3. Handling Non-Linearity
Many simple algorithms (like Linear Regression) can only find straight-line relationships. However, through clever feature representation—such as creating polynomial features or using the ""Kernel Trick""—we can represent complex, curving relationships in a way that linear models can solve.
+1

4. Influence on Learning Outcomes
The choice of representation directly impacts generalization. If features are too specific, the model memorizes the training set; if they are too vague, the model suffers from underfitting. Ultimately, high-quality feature representation ensures that the inductive bias of the algorithm aligns with the actual logic of the real-world problem.",
T032,A-c,c. Explain the concept of biasâ€”variance trade-off and its practical significance in real-world ML applications.,5,"The bias-variance tradeoff is a central challenge in machine learning that describes the relationship between a model's complexity and its ability to generalize to new data. It represents the struggle to minimize two types of errors that prevent supervised learning algorithms from generalizing beyond their training sets.1. Understanding Bias and VarianceBias (Error from Underfitting): Bias occurs when an algorithm is too simple to capture the underlying patterns of the data. High-bias models (like linear regression on non-linear data) consistently miss the target, leading to underfitting.Variance (Error from Overfitting): Variance occurs when a model is overly sensitive to the specific noise in the training set. High-variance models (like deep decision trees) ""memorize"" the data rather than learning the signal, leading to overfitting.2. The Tradeoff DynamicsAs you increase the complexity of a model (adding more features or parameters), bias typically decreases because the model becomes more flexible. However, variance simultaneously increases because the model starts fitting to random fluctuations. The ""sweet spot"" is the point where the Total Error—the sum of bias squared, variance, and irreducible noise—is at its minimum.3. Practical Significance in Real-World ApplicationsIn the real world, this tradeoff dictates how we build and maintain ML systems:Model Selection: It guides the choice of architecture. For small datasets, practitioners often choose high-bias/low-variance models (like Naive Bayes) because there isn't enough data to ""train out"" the variance of a complex model.Regularization: In production, we use $L1$ or $L2$ regularization to intentionally add a small amount of bias to a model to significantly reduce its variance, making the system more reliable.Ensemble Methods: Techniques like Bagging (Random Forests) are designed specifically to reduce variance, while Boosting is used to reduce bias, allowing developers to balance these forces based on the specific needs of the application.",
T032,A-d,d. Describe how machine learning models handle noisy and incomplete data during training.,5,"Machine learning models handle noisy and incomplete data through a combination of robust algorithmic design and rigorous data preprocessing. Because real-world data is rarely perfect, a model must distinguish between the ""true signal"" and the ""random noise"" to maintain high model performance.1. Handling Noisy Data (Corrupted or Irrelevant Information)Noise consists of errors, such as incorrect labels or outliers. Models handle this using:Regularization: Techniques like $L1$ (Lasso) or $L2$ (Ridge) add a penalty for complexity. This prevents the model from ""chasing"" noisy data points and keeps the hypothesis space focused on the general trend.Robust Algorithms: Some models, like Random Forests, are naturally resistant to noise. By averaging many trees, the errors caused by a few noisy points in one tree are canceled out by the others, increasing ensemble diversity.Pruning: In decision trees, pruning removes branches that are based on very few data points, as these are often the result of noise rather than actual patterns.2. Handling Incomplete Data (Missing Values)When data points are missing, models cannot perform mathematical operations. They handle this through:Imputation: This involves filling in the gaps. Mean/Median imputation replaces missing values with the average, while KNN Imputation uses the ""nearest neighbors"" to predict what the missing value should be.Category Creation: For categorical data, a ""Missing"" or ""Unknown"" label can be created. This allows the model to learn if the absence of information is itself a predictive pattern.Deletion: If a row or column has too much missing data (e.g., >50%), it may be dropped entirely to prevent the model from learning from a biased or empty subset.3. Practical SignificanceIn production, handling these issues is vital for model reliability. If a model is not trained to handle ""missingness,"" it may crash or provide wildly inaccurate predictions when a sensor fails in the real world. By building ""noise-aware"" systems, developers ensure that the inductive bias remains stable even when the input data is messy.",
T032,A-e,e. Explain the role of evaluation strategies in ensuring the robustness of ML models.,5,"Evaluation strategies are the rigorous testing frameworks used to determine if a machine learning model has truly learned the underlying target concept or has simply memorized the training data. These strategies are the primary defense against overfitting and are essential for guaranteeing model reliability in real-world applications.1. Cross-Validation: Testing StabilityThe most common strategy is k-fold cross-validation. Instead of a single test, the data is split into $k$ subsets. The model is trained $k$ times, each time using a different subset as the ""test set"" and the rest for training. This ensures that the model's performance isn't an artifact of a ""lucky"" data split and provides a more stable estimate of how the model will behave on unseen data.+32. Generalization and Hold-out SetsA robust evaluation requires a strict separation between data used for model fitting and data used for evaluation. A ""Hold-out"" test set acts as a final exam. If a model performs significantly better on the training data than on the test set, it indicates high variance, signaling that the model is not robust and will likely fail in production.3. Stress Testing and Edge CasesTo ensure robustness, evaluation must go beyond standard accuracy. A/B Testing and Sensitivity Analysis involve feeding the model slightly corrupted or ""noisy"" data to see if the output remains stable. This identifies the model's breaking points—for instance, how a self-driving car's vision model handles heavy rain or lens flares.4. Metric Selection and Bias DetectionChoosing the right metric is a strategy in itself. In imbalanced datasets, ""Accuracy"" is misleading. Robust evaluation uses Precision-Recall curves or F1-scores to ensure the model isn't biased toward the majority class. This identifies if the inductive bias of the system is truly aligned with the desired outcome.",
T032,A-f,f. Discuss the ethical challenges associated with large-scale deployment of machine learning systems.,5,"The large-scale deployment of machine learning (ML) systems introduces ethical challenges that extend far beyond simple technical errors. When a model moves from a controlled laboratory to a global population, its inductive bias can impact millions of lives, necessitating a shift from optimizing for accuracy to optimizing for fairness, accountability, and transparency.

1. Algorithmic Bias and Discrimination
The most significant ethical hurdle is the replication of human bias. ML models learn from historical data; if that data contains systemic prejudices (e.g., in hiring or lending), the model will ""induct"" these biases as rules. At scale, this can automate discrimination against specific demographic groups, often hidden behind the ""objectivity"" of an algorithm.

2. The ""Black Box"" Problem (Transparency)
Large-scale systems, particularly Deep Learning models, often lack explainability. When a model denies a loan or a medical treatment, it is often impossible for a human to explain why that specific decision was made. This lack of transparency undermines the right to an explanation and makes it difficult to contest unfair outcomes.

3. Accountability and Liability
In a complex ML lifecycle, it is often unclear who is responsible when a system fails. If an autonomous vehicle causes an accident or a diagnostic tool misidentifies a disease, does the fault lie with the data engineers, the model developers, or the end-users? Establishing clear lines of accountability is vital for public trust.

4. Privacy and Data Surveillance
Large-scale deployment requires massive amounts of data, often collected without explicit, informed consent. Even when data is ""anonymized,"" ML models can sometimes perform ""re-identification,"" uncovering sensitive personal information. This creates a tension between the need for high-quality training data and the fundamental right to privacy.

5. Socio-Economic Impact and Automation
Rapid deployment can lead to significant job displacement as tasks are automated. Ethically, developers and policymakers must consider the ""human cost"" of these systems, ensuring that the benefits of AI are distributed equitably and do not simply widen the wealth gap.",
T032,A-g,g. Explain how machine learning systems adapt to changing data patterns over time.,5,"Machine learning systems adapt to changing data patterns through a process of continuous monitoring and iterative updating. In a real-world environment, the statistical properties of the data the model was trained on—the training distribution—often diverge from the data it sees in production. This phenomenon is known as Model Drift.

1. Detecting Change: Data and Concept Drift
Before a system can adapt, it must first recognize that the world has changed.

Data Drift: Occurs when the input features change (e.g., a new generation of users with different buying habits).

Concept Drift: Occurs when the relationship between the input and the target concept changes (e.g., what was considered ""spam"" five years ago is different from what is considered ""spam"" today).

2. Adaptation Through Retraining
The most common way a system adapts is through scheduled or triggered retraining.

Sliding Window Approach: The model is retrained using only the most recent data (e.g., the last 3 months), effectively ""forgetting"" outdated patterns that no longer apply.

Weighted Training: Newer data points are given a higher ""weight"" in the loss function, forcing the model to prioritize current trends over historical ones.

3. Online Learning and Incremental Updates
In high-velocity environments, such as high-frequency trading or social media feeds, models use Online Learning. Instead of retraining from scratch, the model updates its weights incrementally as each new data point arrives. This allows for near-instantaneous adaptation to shifting patterns without the computational cost of a full retraining cycle.

4. Human-in-the-Loop Feedback
When automated systems encounter completely new patterns (e.g., a global pandemic changing travel behavior), automated adaptation may fail. In these cases, human experts provide new labels for the drifted data. This feedback is then used to refine the model's inductive bias, ensuring the system remains reliable despite the volatility of the real world.

5. Deployment Strategies (A/B Testing)
To ensure the ""adapted"" model is actually better, developers use Champion-Challenger testing. The current model (Champion) remains active while the new, adapted model (Challenger) is tested on a small percentage of live traffic. Only if the Challenger shows superior model performance is it fully deployed.",
T032,B-a,a. What is model training in machine learning?,2,"Model training is the iterative process of ""fitting"" a mathematical function to a dataset. During this phase, an algorithm examines training examples to find patterns between input features and target outputs. It uses a loss function to measure errors and an optimizer (like Gradient Descent) to adjust internal weights. The goal is to minimize error and develop an inductive bias that allows the model to make accurate predictions on new data.",
T032,B-b,b. Define feature selection.,2,"Feature selection is the process of identifying and keeping only the most relevant input variables for a machine learning model. By removing redundant or noisy data, it simplifies the hypothesis space, which reduces the risk of overfitting and speeds up training. Unlike feature extraction (which creates new variables), selection maintains the original data's meaning, making the final model performance easier for humans to interpret and audit.",
T032,B-c,c. What is meant by ground truth in ML?,2,"Ground truth represents the ""objective reality"" or the definitive, correct answer for each training example in a dataset. It is the gold standard used to calculate the loss function during model training and to measure model performance during testing.

In supervised learning, the ground truth is provided by human annotators or reliable sensors. If the ground truth contains errors (known as label noise), the model's inductive bias will be flawed, leading to inaccurate real-world predictions.",
T032,B-d,d. What is model deployment?,2,"Model deployment is the final stage of the ML lifecycle, where a trained model is integrated into a production environment to provide real-time predictions to end-users. It involves moving the model from a local development setup (like a Jupyter Notebook) to a server or cloud infrastructure.

During deployment, engineers focus on model reliability, ensuring the system can handle high traffic and low latency. It often involves creating an API (Application Programming Interface) that allows other software to send data to the model and receive a result instantly.",
T032,B-e,e. Define learning from data.,2,"Learning from data is the process by which an algorithm uses statistical techniques to identify patterns and structures within a dataset without being explicitly programmed for every specific scenario. By analyzing examples, the system develops a generalized hypothesis that maps inputs to outputs.

The goal is to move beyond simple memorization of training data to achieve generalization, allowing the model to make accurate predictions on new, unseen information.",
T033,A-1,1. Explain the role of assumptions in machine learning models and analyze how incorrect assumptions can affect model behavior and decision-making.,5,"In machine learning, assumptions—formally known as Inductive Bias—are the prerequisite beliefs an algorithm holds about the nature of the data before it begins learning. Because a model cannot examine every possible function in an infinite hypothesis space, it must assume a specific structure. For example, Linear Regression assumes a straight-line relationship, while Decision Trees assume the data can be organized into hierarchical clusters.

Impact of Incorrect Assumptions
When these foundational assumptions fail to align with real-world complexity, the model’s behavior degrades significantly:

Underfitting: If a model assumes a simple linear relationship for highly complex, non-linear data, it will consistently miss the target concept, resulting in high bias.

Poor Generalization: If a model assumes every fluctuation in the training set is a meaningful signal, it ""memorizes"" noise, leading to high variance and a failure to work on new data.

Ethical and Safety Risks: Incorrectly assuming that historical data is ""neutral"" can lead a model to automate existing societal biases. In critical fields like medicine or autonomous driving, an incorrect assumption about sensor reliability can lead to catastrophic decision-making.

Ultimately, the ML lifecycle requires constant validation to ensure these mathematical assumptions remain grounded in empirical reality.",
T033,A-2,2. Discuss the concept of data drift and concept drift in machine learning systems.Explain their impact on long-term model performance.,5,"In the context of the ML lifecycle, models are not ""set and forget."" Over time, the statistical environment they operate in changes, leading to two distinct types of decay: Data Drift and Concept Drift. Both represent a divergence between the data used for model training and the data encountered in production.1. Data Drift (Feature Drift)Data Drift occurs when the distribution of the input features ($P(X)$) changes, even if the underlying relationship to the target remains the same.Example: A facial recognition model trained on high-resolution images begins processing blurry footage from a new, cheaper camera sensor. The ""pixels"" look different, but a face is still a face.Source: Changes in data collection tools, sensor degradation, or shifts in the user population (e.g., an app expanding from teenagers to seniors).2. Concept DriftConcept Drift is more insidious; it occurs when the relationship between the input and the target concept ($P(Y|X)$) changes.Example: A house price prediction model from 2019 would fail in 2026 because the ""value"" of a home office has fundamentally increased due to remote work trends. The features (square footage) are the same, but the ""concept"" of value has shifted.Source: Changes in consumer behavior, economic cycles, or evolving definitions (e.g., new types of email spam).Impact on Long-term PerformanceThe primary impact is Model Decay. As drift increases, the model’s generalization capabilities shrink.Accuracy Loss: Predictions become increasingly random, leading to a drop in model reliability.False Confidence: Models often continue to output high-probability predictions even when they are fundamentally wrong, which is dangerous in fields like medicine or finance.Maintenance Debt: Without a strategy for continuous monitoring and retraining, the system becomes a liability rather than an asset.",
T033,A-3,3. Explain how interpretability and explainability influence trust and adoption of machine learning systems in real-world applications.,5,"In the high-stakes deployment of machine learning, interpretability and explainability are the bridges between a mathematical ""black box"" and human trust. While interpretability refers to how easily a human can understand the internal mechanics of a model (e.g., a simple Decision Tree), explainability refers to the techniques used to clarify the reasoning behind a specific output (e.g., why a Deep Learning model denied a loan).
+1

1. Building Stakeholder Trust
Trust is rarely granted to a system that cannot justify its actions. In fields like healthcare or criminal justice, a ""99% accuracy"" rate is insufficient if the model cannot demonstrate that it is basing its predictions on medically relevant features rather than accidental noise in the dataset. Explainability allows experts to audit the model's inductive bias, ensuring it aligns with professional knowledge.

2. Facilitating Adoption and Regulatory Compliance
Many industries are legally required to provide a ""right to explanation."" In finance, if a machine learning system rejects a credit application, the institution must explain why. Systems that lack transparency face significant barriers to adoption because they represent a legal and operational risk. Transparent models are easier to integrate into existing workflows because users can predict when the system might fail.

3. Debugging and Model Reliability
Explainability is a powerful tool for developers. By seeing which features the model prioritizes, engineers can detect algorithmic bias or data leakage that standard performance metrics might miss. For instance, if a ""husky vs. wolf"" classifier is actually looking at ""snow in the background,"" explainability reveals this flaw, allowing for better model maintenance.
+1

4. Ethical Accountability
At scale, these concepts ensure that ML systems are accountable. They allow for the identification of discriminatory patterns, ensuring that the model’s decision-making is fair and does not disproportionately affect marginalized groups. Without these ""windows"" into the model, large-scale deployment remains a gamble.",
T033,A-4,"4. Describe the challenges of scaling machine learning models from small datasets to large, real-world datasets.",5,"Scaling a machine learning model from a small, ""sandbox"" dataset to a large-scale, real-world application involves more than just adding more data; it requires a fundamental shift in how the system handles complexity, infrastructure, and noise.

1. The Shift in Signal-to-Noise Ratio
On a small dataset, developers often over-engineer features to capture every detail. However, real-world data at scale is notoriously noisy. Patterns that seemed significant in a small sample may turn out to be accidental correlations. This makes model reliability difficult to maintain, as the algorithm must now distinguish between the true target concept and millions of irrelevant or corrupted data points.

2. Computational Complexity and Latency
Algorithms that perform well on a single machine often fail when scaled. As the dataset grows, the time required for model fitting increases exponentially. In production, a model must provide predictions in milliseconds. Transitioning to large-scale data requires moving from simple scripts to distributed computing and optimized ""inference engines"" to ensure the system doesn't become a bottleneck.

3. Data Drift and Pipeline Fragility
Small datasets are static, but real-world data is a ""living"" stream. Scaling introduces Data Drift, where the environment changes faster than the model can adapt. Managing the ML lifecycle at scale requires robust MLOps pipelines to automate data cleaning, validation, and retraining. Without this infrastructure, a model that was 95% accurate on day one can quickly become a liability as its inductive bias falls out of sync with reality.
+1

4. Ethical and Bias Amplification
Biases that are hard to see in a small dataset become amplified at scale. A minor skew in the training data can lead to systemic discrimination when applied to millions of users. Ensuring algorithmic fairness becomes a massive challenge, requiring specialized evaluation strategies to detect and mitigate bias before it impacts a diverse, real-world population.",
T033,A-5,5. Explain the importance of validation and testing strategies in preventing misleading performance evaluation of ML models.,5,"In machine learning, ""Accuracy"" is a deceptive metric. Without rigorous validation and testing strategies, a model might appear perfect during development but fail catastrophically in the real world. These strategies ensure that the model has learned the target concept rather than simply memorizing the training data.

1. Preventing Overfitting through Data Splitting
The most fundamental strategy is the Train-Validation-Test split. If a model is evaluated on the same data it learned from, it will achieve a high score simply by ""remembering"" the noise.

Validation Set: Used during training to tune hyperparameters and choose the best version of the model.

Test Set: Acts as a ""blind exam."" It is never seen by the model until the very end, providing an unbiased estimate of generalization and model performance.

2. Cross-Validation for Statistical Stability
A single split can be misleading if the data is small or biased. K-Fold Cross-Validation rotates the test data across the entire dataset. This prevents ""lucky"" splits from making a weak model look strong, ensuring that the model reliability is consistent across different subsets of the population.

3. Addressing Imbalanced Data
In many real-world cases (like fraud detection), 99% of the data is one class. A model could achieve 99% accuracy by doing nothing—simply predicting ""No Fraud"" every time. Robust evaluation strategies use metrics like Precision, Recall, and the F1-Score to reveal the truth behind the numbers, ensuring the inductive bias isn't skewed toward the majority.

4. Detecting Data Leakage
Validation strategies are the only way to detect Data Leakage, where information from the future or the target accidentally ""leaks"" into the training features. Without a strictly isolated test set, this creates a false sense of success that disappears immediately upon model deployment.",
T034,A-1,1. Explain the concept of model generalization and why it is important in machine learning.,5,"The Concept of Generalization Generalization refers to a machine learning model's ability to accurately predict outcomes for new, unseen data that was not part of its training set. When we train a model, the goal is not for it to ""memorize"" the training examples, but rather to ""learn"" the underlying patterns and rules that govern the data. A model that generalizes well has successfully captured the true relationship between the input features and the target variable, allowing it to remain effective in real-world applications where data is constantly changing and unpredictable.

Why Generalization is Important
The importance of generalization lies in the utility of the model. If a model cannot generalize, it is practically useless. For instance, a facial recognition system that only recognizes the specific photos it was trained on, but fails to recognize the same people in different lighting or angles, has failed to generalize. In technical terms, the lack of generalization usually manifests in two ways:

Overfitting: The model is too complex and captures ""noise"" or random fluctuations as if they were important patterns. It performs perfectly on training data but fails on new data.

Underfitting: The model is too simple to learn the pattern at all, performing poorly on both training and new data.

Achieving Better Generalization
To ensure a model generalizes, data scientists use several techniques. Regularization (like L1 or L2) helps prevent the model from becoming too complex. Cross-validation allows the model to be tested on different subsets of data during development. Finally, using a Validation Set acts as a proxy for the real world, helping developers tune the model until it reaches the optimal balance between simplicity and accuracy.","Generalization is the ability of a model to perform accurately on new, unseen data; 2. The goal of training is to learn underlying patterns rather than memorizing training samples; 3. Generalization is essential for a model to be useful in practical, real-world applications; 4. Overfitting occurs when a model captures noise, leading to poor generalization; 5. Underfitting occurs when a model is too simple to capture the necessary patterns; 6. Techniques like regularization and cross-validation are used to improve generalization; 7. The ""Generalization Gap"" is the difference between performance on training data vs. test data."
T034,A-2,2. Describe the role of data labeling in supervised learning systems.,5,"The Foundation of Supervised Learning In supervised learning, an algorithm learns from a dataset that contains both the input data and the correct output, known as the Ground Truth. Data labeling is the process of creating these ground truth labels. For example, if you are building a model to detect skin cancer, data labeling involves a medical expert looking at thousands of images and marking them as ""Malignant"" or ""Benign."" Without these labels, the supervised learning model has no way of knowing if its predictions are right or wrong, making it impossible to calculate the ""Loss"" and update the model's weights.
+1

The Role in Model Accuracy and Bias
The quality of a machine learning model is directly tied to the quality of the labeling. This is often referred to as ""Garbage In, Garbage Out."" If the labels are inconsistent, incorrect, or biased, the model will learn those same flaws.

Accuracy: Precise labeling ensures the model learns the correct boundaries between classes.

Feature Association: Labels help the model identify which specific features (like the shape of a mole or the sentiment of a word) are associated with a specific outcome.

Evaluation: Labeled data is essential for the Test Set, allowing developers to measure exactly how well the model performs against a known correct answer.

Challenges and Methods
Data labeling is often the most expensive and time-consuming part of the machine learning lifecycle. To handle this, companies use several methods:

Manual Labeling: Humans (crowdsourced or experts) manually tag each item.

Semi-Supervised Learning: A model is trained on a small amount of labeled data and then labels the rest of the unlabeled data itself (which humans then verify).

Programmatic Labeling: Using scripts or rules to automatically apply labels to data at scale.","Data labeling provides the ""Ground Truth"" that supervised models use to learn; 2. It involves tagging raw data with meaningful labels (e.g., ""Spam"" vs ""Not Spam""); 3. High-quality labels are essential to prevent ""Garbage In, Garbage Out"" scenarios; 4. Labels allow the model to calculate error (Loss) and adjust its internal parameters; 5. Labeled data is required for evaluating model performance on test sets; 6. Labeling can be performed manually by experts or through automated/programmatic methods"
T034,A-3,3. Explain how ensemble methods improve prediction accuracy in machine learning.,5,"Ensemble methods are a powerful machine learning technique that combines the predictions of multiple individual models (often called ""base learners"") to produce a single, more accurate, and robust prediction. The core idea is that a group of ""weak learners"" can come together to form a ""strong learner,"" much like the ""wisdom of the crowd.""
+1

Why Ensemble Methods Work
The primary reason ensemble methods improve accuracy is their ability to reduce the three main types of errors in machine learning: Bias, Variance, and Noise. By averaging the results of different models or training them to correct each other's mistakes, ensemble methods find a better balance than any single model could achieve on its own. They are less likely to overfit to the training data and are generally more stable when faced with new, unseen data.
+1

Three Main Types of Ensemble Methods
Bagging (Bootstrap Aggregating): This method builds multiple models independently (usually of the same type) on different random subsets of the training data. The final prediction is made by averaging the outputs (for regression) or taking a majority vote (for classification). Random Forest is the most famous example. It is excellent for reducing Variance.
+2

Boosting: Unlike bagging, boosting builds models sequentially. Each new model attempts to correct the errors made by the previous ones by focusing more on the data points that were predicted incorrectly. Examples include AdaBoost, XGBoost, and Gradient Boosting. It is highly effective at reducing Bias.
+3

Stacking (Stacked Generalization): This involves training multiple different types of models (e.g., a KNN, a SVM, and a Decision Tree) and then using a ""meta-model"" to learn how to best combine their predictions.

Advantages of Ensemble Methods
Superior Accuracy: They consistently outperform single models in competitions and real-world applications.

Robustness: They are less sensitive to outliers and noise in the data because the error of one model is offset by the others.

Flexibility: They can be applied to both classification and regression problems","Ensemble methods combine multiple ""weak learners"" to create a single ""strong learner""; 2. They improve accuracy by reducing the total error (Bias, Variance, and Noise); 3. Bagging (e.g., Random Forest) reduces variance by averaging independent models; 4. Boosting (e.g., XGBoost) reduces bias by sequentially correcting previous errors; 5. Stacking uses a meta-model to combine predictions from diverse model types; 6. These methods are generally more robust to data noise and outliers than single models; 7. They are a standard industry practice for achieving state-of-the-art predictive performance"
T034,A-4,4. Discuss the importance of reproducibility in machine learning experiments.,5,"Reproducibility in machine learning refers to the ability of an independent researcher to achieve the same results (e.g., model accuracy, weights, and predictions) using the same data, code, and experimental conditions. As machine learning moves from experimental labs to critical real-world applications like healthcare and autonomous driving, the ability to verify and repeat results has become a cornerstone of the field.

Why Reproducibility Matters
The importance of reproducibility spans across scientific integrity and practical business value:

Scientific Validation: In research, a result that cannot be replicated is considered unreliable. Reproducibility ensures that a model's high performance is due to a genuine pattern in the data rather than a ""lucky"" random seed or a specific quirk of the training environment.

Debugging and Iteration: In a production environment, data scientists often need to revisit old models. If an experiment isn't reproducible, it is nearly impossible to figure out why a model’s performance has dropped or how to improve upon a previous version.

Auditability and Compliance: In regulated industries like finance or law, organizations must be able to explain how a model reached a decision. Reproducibility allows auditors to re-run the process to ensure no biased or illegal factors influenced the outcome.

Key Challenges to Reproducibility
Achieving 100% reproducibility is difficult due to several ""hidden"" variables:

Stochasticity: Many algorithms use random numbers for weight initialization or data shuffling. Without a fixed Random Seed, every run will be slightly different.
+1

Environment Differences: Different versions of libraries (like Scikit-learn or PyTorch) or even different hardware (GPU vs. CPU) can lead to subtle variations in calculations.

Data Versioning: If the underlying training data changes even slightly without being tracked, the resulting model will change as well.

Best Practices for Reproducible Experiments
To ensure experiments can be repeated, data scientists adopt several standard practices:

Version Control: Using tools like Git for code and DVC (Data Version Control) for datasets.

Containerization: Using Docker to package the entire environment (OS, libraries, and drivers) so it runs exactly the same on any machine.

Fixed Random Seeds: Explicitly setting seeds (e.g., random_seed = 42) in the code to remove randomness.

Experiment Tracking: Using platforms like MLflow or Weights & Biases to log every hyperparameter, metric, and code version used in a specific run","Reproducibility ensures independent researchers can achieve identical results using the same setup; 2. It is essential for scientific validation and distinguishing true signals from random luck; 3. Reliable reproduction is critical for debugging, auditing, and meeting regulatory requirements; 4. Challenges include stochastic algorithms, hardware variations, and shifting software versions; 5. Best practices involve fixing random seeds to eliminate variance in weight initialization; 6. Tools like Docker and Git are used to maintain consistent environments and code versions;"
T034,A-5,5. Explain the concept of model uncertainty and its significance in decision-making.,5,"Model uncertainty refers to the degree of doubt or lack of confidence in a machine learning model's predictions. Instead of simply providing a single answer (e.g., ""The patient has a 90% chance of disease""), an uncertainty-aware model quantifies how sure it is about that output. In the real world, knowing when a model is guessing is often more important than the prediction itself.
+1

Types of Model Uncertainty
To understand its significance, we must distinguish between the two primary sources of uncertainty:

Aleatoric Uncertainty (Data Uncertainty): This stems from inherent randomness or noise in the data. For example, if you are predicting the weather, some factors are naturally unpredictable. No matter how much data you collect, this ""noise"" will remain.

Epistemic Uncertainty (Knowledge Uncertainty): This happens when the model is ""ignorant"" because it hasn't seen enough similar data during training. This type of uncertainty can be reduced by collecting more training examples. If a model trained on images of dogs is shown a picture of a giraffe, its epistemic uncertainty should be very high.

Significance in Decision-Making
Uncertainty is a critical safety feature in high-stakes environments. It allows systems to ""know what they don't know,"" leading to better decision-making:

Risk Mitigation: In autonomous driving, if the model is uncertain about whether an object is a shadow or a pedestrian, it can trigger a ""fail-safe"" (like slowing down) or hand control back to a human driver.

Medical Diagnosis: If an AI assistant is uncertain about a scan, it can flag the case for priority review by a human doctor, ensuring that the AI only handles straightforward cases.

Active Learning: Uncertainty helps identify which new data points should be labeled. If a model is highly uncertain about a specific type of data, developers can focus on gathering more of that data to improve the model.

Methods to Capture Uncertainty
Standard models often provide a ""confidence score,"" but these are frequently overconfident. More advanced methods are used to get a true measure of uncertainty:

Bayesian Neural Networks: Instead of fixed weights, these models use probability distributions, allowing them to output a range of possible answers.

Monte Carlo Dropout: This technique runs the same input through the model multiple times with random ""dropouts,"" checking how much the output changes each time.

Ensemble Variation: Using multiple models (an ensemble) and checking if they all agree. If the models provide wildly different answers, uncertainty is high.","Model uncertainty quantifies the lack of confidence in a specific prediction; 2. Aleatoric uncertainty represents inherent noise in the data that cannot be removed; 3. Epistemic uncertainty represents a lack of knowledge that can be reduced with more data; 4. Identifying uncertainty is vital for safety-critical applications like self-driving cars; 5. It enables ""human-in-the-loop"" systems where uncertain cases are flagged for experts; 6. It guides Active Learning by highlighting which data areas the model finds confusing; 7. Techniques like Bayesian Networks and MC Dropout are used to measure true uncertainty"
T035,A-1,1. Explain the role of assumptions in machine learning models and analyze how incorrect assumptions can affect model behavior and decision-making.,10,"1. The Role of Assumptions (Inductive Bias)
In machine learning, assumptions are the set of beliefs an algorithm holds about the data before it even starts learning. Since a model cannot see every possible piece of data in the universe, it must make ""educated guesses"" to fill in the gaps.

Enabling Generalization: Without assumptions, a model would simply memorize the training data. Assumptions allow the model to apply what it learned from 1,000 examples to a new, 1,001st example.

Narrowing the Search: There are infinite ways to connect dots on a graph. Assumptions (like assuming the connection is a straight line) help the AI ignore trillions of wrong possibilities and focus on the most likely ones.

Handling Noise: Assumptions help the model distinguish between the actual signal (the truth) and the noise (random errors in the data).

2. How Incorrect Assumptions Affect Behavior
When the assumptions of a model do not match the reality of the environment, the model's behavior becomes unreliable. This is often referred to as ""Model Mismatch.""

Underfitting and High Bias
If a model makes assumptions that are too simple—such as assuming a complex relationship is a simple straight line—it will fail to capture the important patterns. This leads to high error rates because the model is too ""stubborn"" to learn the actual complexity of the task.

Brittleness and Lack of Robustness
Many models assume that future data will look exactly like past data. If the environment changes (for example, a sudden shift in the stock market or a change in consumer trends), the model's decisions will fail because its ""worldview"" is outdated. This makes the AI ""brittle,"" meaning it breaks easily when faced with new situations.

Propagation of Bias and Unfairness
If a model assumes that historical data is a perfect standard for ""success,"" it may pick up on human prejudices present in that data. For instance, if an AI assumes that ""good employees"" always come from a specific background because that’s what the historical data shows, it will incorrectly and unfairly reject qualified candidates from different backgrounds.

Sensitivity to Outliers
Some models assume that all data points are equally valid. If the data contains ""outliers"" (extreme or incorrect values), an incorrectly tuned model might assume these are important trends and shift its entire decision-making boundary to accommodate them, leading to erratic behavior.","Inductive Bias, Prior Knowledge, Generalization, Pattern Recognition, Search Space, Signal vs Noise, Data Distribution, Feature Independence, Hypothesis Space, Heuristic Constraints,Model Mismatch, High Bias, Underfitting, Oversimplification, Brittleness, Robustness, Environmental Shift, Outliers, Prediction Error, Algorithmic Bias, Historical Prejudice, Decision Boundary Distortion"
T035,A-2,2. Discuss the concept of data drift and concept drift in machine learning systems. Explain their impact on long-term model performance.,10,"In real-world machine learning deployments, models rarely remain accurate forever. This decline in performance is usually caused by Data Drift or Concept Drift. While they both lead to ""model decay,"" they stem from different fundamental changes in the data environment.
+1

1. Data Drift (Feature Drift)
Data Drift occurs when the statistical properties of the input data (features) change, even though the relationship between those features and the target remains the same.

The Cause: Changes in the external environment, sensor degradation, or shifts in the user population.

The Scenario: Imagine an AI that predicts energy usage based on temperature. If a sudden heatwave occurs, the temperature data (input) shifts to ranges the model has never seen before. The ""rules"" of energy use haven't changed, but the data being fed into the model has shifted.

2. Concept Drift
Concept Drift occurs when the functional relationship between the input data and the target variable changes. In this case, the input data might look exactly the same as before, but the ""meaning"" or the ""result"" of that data has evolved.

The Cause: Changes in consumer behavior, new laws, or evolving social trends.

The Scenario: Consider a fraud detection model. If hackers develop a completely new technique for stealing data, a transaction that previously looked ""safe"" might now be ""fraudulent."" The inputs (transaction amount, location) are the same, but the ""concept"" of what constitutes fraud has changed.

3. Impact on Long-Term Performance
Both types of drift lead to Model Decay (or Model Stale), which can have severe consequences for long-term operations:

Accuracy Degradation
As the gap between the training data and real-world data grows, the model’s error rate increases. This often happens gradually, making it difficult to detect without active monitoring.

Trust and Reliability Issues
If a model starts providing incorrect predictions (e.g., a stock market bot making bad trades), users lose trust in the system. In high-stakes environments like healthcare or autonomous driving, this can lead to safety risks.
+1

Business and Financial Loss
In industries like e-commerce, a recommendation engine suffering from concept drift will stop showing relevant products to users, leading directly to a drop in sales and customer engagement.

4. How to Manage Drift
To maintain performance over the long term, machine learning engineers use several strategies:

Continuous Monitoring: Tracking statistical metrics of incoming data and comparing them to the training set.

Retraining Pipelines: Automatically triggering a model retrain using the most recent data when drift is detected.

Human-in-the-loop: Having experts review ""uncertain"" predictions to provide new labels for the model to learn from.","Data Drift, Feature Drift, Statistical Properties, Input Shift, Sensor Degradation, Population Shift, Concept Drift, Target Variable Evolution, Functional Relationship, Behavioral Change, Label Shift, Model Decay, Model Staleness,Accuracy Degradation, Performance Decay, Error Rate Escalation, Reliability Issues, Safety Risks, Business Loss, Recommendation Failure, Continuous Monitoring, Statistical Tracking, Retraining Pipelines, Automated Triggers, Human-in-the-loop, Active Learning, Data Re-labeling"
T036,A-1,1. What is model generalization in machine learning?,3,"Model Generalization refers to a machine learning model's ability to accurately predict outcomes on new, unseen data that was not part of its training set. It is the true measure of a model’s effectiveness, shifting the focus from ""memorization"" to ""learning.""

Core Concepts
The Goal: The ultimate objective is for the model to learn the underlying patterns (signals) in the data rather than the random noise.

The Gap: The difference between the performance on the training data and the performance on the test/validation data is often called the generalization gap.

The Balance: Generalization is the ""sweet spot"" between two extremes:

Underfitting: The model is too simple to learn the patterns (high bias).

Overfitting: The model is too complex and memorizes the noise (high variance).

Key Pillars & Keywords","Unseen Data, Out-of-Sample Performance, Overfitting, Underfitting, Bias-Variance Tradeoff, Robustness, Pattern Recognition, Noise vs. Signal."
T036,A-2,2. Define data annotation,3,"Data Annotation is the process of labeling or tagging raw data (such as images, text files, or videos) with relevant metadata to show a machine learning model what objects or patterns it should recognize. It acts as the ""answer key"" that a model uses to learn during supervised training.

How it Works
Raw data by itself is unstructured and lacks context for a computer. Human annotators use specialized tools to add labels to the data. Once the data is annotated, the model can look at the input, see the label, and eventually learn to predict those labels for new, unseen data.

Common Types of Annotation
Image Annotation: Drawing bounding boxes around objects, identifying landmarks (facial points), or pixel-level segmentation.

Text Annotation: Identifying parts of speech, sentiment (positive/negative), or named entities (names, dates, locations).

Audio/Video Annotation: Transcribing speech or tracking moving objects across video frames.","Ground Truth, Labeled Data, Metadata, Supervised Learning, Bounding Boxes, Semantic Segmentation, Sentiment Tagging, Human-in-the-Loop."
T036,A-3,3. What is meant by model uncertainty?,3,"Model Uncertainty refers to a machine learning model's lack of confidence in its own predictions. Instead of simply providing a ""best guess,"" a model acknowledging uncertainty quantifies how likely that guess is to be wrong. It distinguishes between what the model knows and what it does not know.

Types of Model Uncertainty
Uncertainty is generally split into two distinct categories:

Aleatoric Uncertainty (Data Uncertainty):

This arises from the natural randomness or ""noise"" inherent in the data.

Example: Even with the best model, predicting the exact height of a person based on age is uncertain because of genetic variability. You cannot reduce this uncertainty by collecting more of the same data.

Epistemic Uncertainty (Knowledge Uncertainty):

This arises because the model is unfamiliar with certain parts of the data space.

Example: If a self-driving car trained only in sunny weather suddenly sees snow, it will have high epistemic uncertainty. This can be reduced by providing the model with more training data regarding that specific scenario.","Confidence Scores, Probability Distributions, Aleatoric vs. Epistemic, Noise, Out-of-Distribution (OOD) Data, Predictive Variance, Reliability."
T036,A-4,4. What is ensemble learning?,3,"Ensemble Learning is a machine learning technique that combines multiple individual models (often called ""base learners"" or ""weak learners"") to produce one superior predictive model. The core philosophy is that a group of models will perform better and be more robust than any single model alone—much like a ""wisdom of the crowd"" approach.
+1

How it Works
Instead of trying to find one perfect model, ensemble learning trains several models and merges their results. This helps reduce errors such as bias (underfitting) and variance (overfitting).

Major Techniques
Bagging (Bootstrap Aggregating):

Trains multiple versions of the same model on different subsets of the data.

Example: Random Forest. It builds many decision trees and takes the majority vote.

Boosting:

Trains models sequentially. Each new model tries to correct the errors made by the previous one.
+1

Example: AdaBoost or XGBoost.","Base Learners, Wisdom of the Crowd, Bagging, Boosting, Stacking, Variance Reduction, Collective Intelligence, Meta-model."
T036,A-5,5. What is experiment reproducibility in machine learning?,3,"Experiment Reproducibility is the ability of an independent researcher (or yourself at a later date) to achieve exactly the same results as the original experiment by using the same data, code, and computational environment.

In Machine Learning, reproducibility is challenging because models are often sensitive to subtle changes in data or software versions.

Why it is Challenging
Reproducibility isn't just about the code; several ""hidden"" factors can change the outcome:

Randomness: Algorithms like Random Forest or Neural Networks use random number generators. If a ""Random Seed"" is not set, the model will be different every time it runs.
+1

Version Control: Different versions of libraries (like Python, Scikit-learn, or PyTorch) can process data differently.

Hardware Variations: A model trained on a GPU (Graphics Processing Unit) might produce slightly different mathematical results than one trained on a CPU due to floating-point calculations.","Scientific Rigor, Random Seed, Version Control, Documentation, Hyperparameters, Deterministic Behavior, Docker/Containers, Audit Trail."
